-- MySQL dump 10.13  Distrib 5.7.44, for Linux (x86_64)
--
-- Host: 127.0.0.1    Database: PoorInformation
-- ------------------------------------------------------
-- Server version	5.7.44

/*!40101 SET @OLD_CHARACTER_SET_CLIENT=@@CHARACTER_SET_CLIENT */;
/*!40101 SET @OLD_CHARACTER_SET_RESULTS=@@CHARACTER_SET_RESULTS */;
/*!40101 SET @OLD_COLLATION_CONNECTION=@@COLLATION_CONNECTION */;
/*!40101 SET NAMES utf8mb4 */;
/*!40103 SET @OLD_TIME_ZONE=@@TIME_ZONE */;
/*!40103 SET TIME_ZONE='+00:00' */;
/*!40014 SET @OLD_UNIQUE_CHECKS=@@UNIQUE_CHECKS, UNIQUE_CHECKS=0 */;
/*!40014 SET @OLD_FOREIGN_KEY_CHECKS=@@FOREIGN_KEY_CHECKS, FOREIGN_KEY_CHECKS=0 */;
/*!40101 SET @OLD_SQL_MODE=@@SQL_MODE, SQL_MODE='NO_AUTO_VALUE_ON_ZERO' */;
/*!40111 SET @OLD_SQL_NOTES=@@SQL_NOTES, SQL_NOTES=0 */;

--
-- Table structure for table `QRTZ_BLOB_TRIGGERS`
--

DROP TABLE IF EXISTS `QRTZ_BLOB_TRIGGERS`;
/*!40101 SET @saved_cs_client     = @@character_set_client */;
/*!40101 SET character_set_client = utf8 */;
CREATE TABLE `QRTZ_BLOB_TRIGGERS` (
  `sched_name` varchar(120) COLLATE utf8mb4_unicode_ci NOT NULL COMMENT '调度名称',
  `trigger_name` varchar(200) COLLATE utf8mb4_unicode_ci NOT NULL COMMENT 'qrtz_triggers表trigger_name的外键',
  `trigger_group` varchar(200) COLLATE utf8mb4_unicode_ci NOT NULL COMMENT 'qrtz_triggers表trigger_group的外键',
  `blob_data` blob COMMENT '存放持久化Trigger对象',
  PRIMARY KEY (`sched_name`,`trigger_name`,`trigger_group`),
  CONSTRAINT `QRTZ_BLOB_TRIGGERS_ibfk_1` FOREIGN KEY (`sched_name`, `trigger_name`, `trigger_group`) REFERENCES `QRTZ_TRIGGERS` (`sched_name`, `trigger_name`, `trigger_group`)
) ENGINE=InnoDB DEFAULT CHARSET=utf8mb4 COLLATE=utf8mb4_unicode_ci COMMENT='Blob类型的触发器表';
/*!40101 SET character_set_client = @saved_cs_client */;

--
-- Dumping data for table `QRTZ_BLOB_TRIGGERS`
--

LOCK TABLES `QRTZ_BLOB_TRIGGERS` WRITE;
/*!40000 ALTER TABLE `QRTZ_BLOB_TRIGGERS` DISABLE KEYS */;
/*!40000 ALTER TABLE `QRTZ_BLOB_TRIGGERS` ENABLE KEYS */;
UNLOCK TABLES;

--
-- Table structure for table `QRTZ_CALENDARS`
--

DROP TABLE IF EXISTS `QRTZ_CALENDARS`;
/*!40101 SET @saved_cs_client     = @@character_set_client */;
/*!40101 SET character_set_client = utf8 */;
CREATE TABLE `QRTZ_CALENDARS` (
  `sched_name` varchar(120) COLLATE utf8mb4_unicode_ci NOT NULL COMMENT '调度名称',
  `calendar_name` varchar(200) COLLATE utf8mb4_unicode_ci NOT NULL COMMENT '日历名称',
  `calendar` blob NOT NULL COMMENT '存放持久化calendar对象',
  PRIMARY KEY (`sched_name`,`calendar_name`)
) ENGINE=InnoDB DEFAULT CHARSET=utf8mb4 COLLATE=utf8mb4_unicode_ci COMMENT='日历信息表';
/*!40101 SET character_set_client = @saved_cs_client */;

--
-- Dumping data for table `QRTZ_CALENDARS`
--

LOCK TABLES `QRTZ_CALENDARS` WRITE;
/*!40000 ALTER TABLE `QRTZ_CALENDARS` DISABLE KEYS */;
/*!40000 ALTER TABLE `QRTZ_CALENDARS` ENABLE KEYS */;
UNLOCK TABLES;

--
-- Table structure for table `QRTZ_CRON_TRIGGERS`
--

DROP TABLE IF EXISTS `QRTZ_CRON_TRIGGERS`;
/*!40101 SET @saved_cs_client     = @@character_set_client */;
/*!40101 SET character_set_client = utf8 */;
CREATE TABLE `QRTZ_CRON_TRIGGERS` (
  `sched_name` varchar(120) COLLATE utf8mb4_unicode_ci NOT NULL COMMENT '调度名称',
  `trigger_name` varchar(200) COLLATE utf8mb4_unicode_ci NOT NULL COMMENT 'qrtz_triggers表trigger_name的外键',
  `trigger_group` varchar(200) COLLATE utf8mb4_unicode_ci NOT NULL COMMENT 'qrtz_triggers表trigger_group的外键',
  `cron_expression` varchar(200) COLLATE utf8mb4_unicode_ci NOT NULL COMMENT 'cron表达式',
  `time_zone_id` varchar(80) COLLATE utf8mb4_unicode_ci DEFAULT NULL COMMENT '时区',
  PRIMARY KEY (`sched_name`,`trigger_name`,`trigger_group`),
  CONSTRAINT `QRTZ_CRON_TRIGGERS_ibfk_1` FOREIGN KEY (`sched_name`, `trigger_name`, `trigger_group`) REFERENCES `QRTZ_TRIGGERS` (`sched_name`, `trigger_name`, `trigger_group`)
) ENGINE=InnoDB DEFAULT CHARSET=utf8mb4 COLLATE=utf8mb4_unicode_ci COMMENT='Cron类型的触发器表';
/*!40101 SET character_set_client = @saved_cs_client */;

--
-- Dumping data for table `QRTZ_CRON_TRIGGERS`
--

LOCK TABLES `QRTZ_CRON_TRIGGERS` WRITE;
/*!40000 ALTER TABLE `QRTZ_CRON_TRIGGERS` DISABLE KEYS */;
/*!40000 ALTER TABLE `QRTZ_CRON_TRIGGERS` ENABLE KEYS */;
UNLOCK TABLES;

--
-- Table structure for table `QRTZ_FIRED_TRIGGERS`
--

DROP TABLE IF EXISTS `QRTZ_FIRED_TRIGGERS`;
/*!40101 SET @saved_cs_client     = @@character_set_client */;
/*!40101 SET character_set_client = utf8 */;
CREATE TABLE `QRTZ_FIRED_TRIGGERS` (
  `sched_name` varchar(120) COLLATE utf8mb4_unicode_ci NOT NULL COMMENT '调度名称',
  `entry_id` varchar(95) COLLATE utf8mb4_unicode_ci NOT NULL COMMENT '调度器实例id',
  `trigger_name` varchar(200) COLLATE utf8mb4_unicode_ci NOT NULL COMMENT 'qrtz_triggers表trigger_name的外键',
  `trigger_group` varchar(200) COLLATE utf8mb4_unicode_ci NOT NULL COMMENT 'qrtz_triggers表trigger_group的外键',
  `instance_name` varchar(200) COLLATE utf8mb4_unicode_ci NOT NULL COMMENT '调度器实例名',
  `fired_time` bigint(13) NOT NULL COMMENT '触发的时间',
  `sched_time` bigint(13) NOT NULL COMMENT '定时器制定的时间',
  `priority` int(11) NOT NULL COMMENT '优先级',
  `state` varchar(16) COLLATE utf8mb4_unicode_ci NOT NULL COMMENT '状态',
  `job_name` varchar(200) COLLATE utf8mb4_unicode_ci DEFAULT NULL COMMENT '任务名称',
  `job_group` varchar(200) COLLATE utf8mb4_unicode_ci DEFAULT NULL COMMENT '任务组名',
  `is_nonconcurrent` varchar(1) COLLATE utf8mb4_unicode_ci DEFAULT NULL COMMENT '是否并发',
  `requests_recovery` varchar(1) COLLATE utf8mb4_unicode_ci DEFAULT NULL COMMENT '是否接受恢复执行',
  PRIMARY KEY (`sched_name`,`entry_id`)
) ENGINE=InnoDB DEFAULT CHARSET=utf8mb4 COLLATE=utf8mb4_unicode_ci COMMENT='已触发的触发器表';
/*!40101 SET character_set_client = @saved_cs_client */;

--
-- Dumping data for table `QRTZ_FIRED_TRIGGERS`
--

LOCK TABLES `QRTZ_FIRED_TRIGGERS` WRITE;
/*!40000 ALTER TABLE `QRTZ_FIRED_TRIGGERS` DISABLE KEYS */;
/*!40000 ALTER TABLE `QRTZ_FIRED_TRIGGERS` ENABLE KEYS */;
UNLOCK TABLES;

--
-- Table structure for table `QRTZ_JOB_DETAILS`
--

DROP TABLE IF EXISTS `QRTZ_JOB_DETAILS`;
/*!40101 SET @saved_cs_client     = @@character_set_client */;
/*!40101 SET character_set_client = utf8 */;
CREATE TABLE `QRTZ_JOB_DETAILS` (
  `sched_name` varchar(120) COLLATE utf8mb4_unicode_ci NOT NULL COMMENT '调度名称',
  `job_name` varchar(200) COLLATE utf8mb4_unicode_ci NOT NULL COMMENT '任务名称',
  `job_group` varchar(200) COLLATE utf8mb4_unicode_ci NOT NULL COMMENT '任务组名',
  `description` varchar(250) COLLATE utf8mb4_unicode_ci DEFAULT NULL COMMENT '相关介绍',
  `job_class_name` varchar(250) COLLATE utf8mb4_unicode_ci NOT NULL COMMENT '执行任务类名称',
  `is_durable` varchar(1) COLLATE utf8mb4_unicode_ci NOT NULL COMMENT '是否持久化',
  `is_nonconcurrent` varchar(1) COLLATE utf8mb4_unicode_ci NOT NULL COMMENT '是否并发',
  `is_update_data` varchar(1) COLLATE utf8mb4_unicode_ci NOT NULL COMMENT '是否更新数据',
  `requests_recovery` varchar(1) COLLATE utf8mb4_unicode_ci NOT NULL COMMENT '是否接受恢复执行',
  `job_data` blob COMMENT '存放持久化job对象',
  PRIMARY KEY (`sched_name`,`job_name`,`job_group`)
) ENGINE=InnoDB DEFAULT CHARSET=utf8mb4 COLLATE=utf8mb4_unicode_ci COMMENT='任务详细信息表';
/*!40101 SET character_set_client = @saved_cs_client */;

--
-- Dumping data for table `QRTZ_JOB_DETAILS`
--

LOCK TABLES `QRTZ_JOB_DETAILS` WRITE;
/*!40000 ALTER TABLE `QRTZ_JOB_DETAILS` DISABLE KEYS */;
/*!40000 ALTER TABLE `QRTZ_JOB_DETAILS` ENABLE KEYS */;
UNLOCK TABLES;

--
-- Table structure for table `QRTZ_LOCKS`
--

DROP TABLE IF EXISTS `QRTZ_LOCKS`;
/*!40101 SET @saved_cs_client     = @@character_set_client */;
/*!40101 SET character_set_client = utf8 */;
CREATE TABLE `QRTZ_LOCKS` (
  `sched_name` varchar(120) COLLATE utf8mb4_unicode_ci NOT NULL COMMENT '调度名称',
  `lock_name` varchar(40) COLLATE utf8mb4_unicode_ci NOT NULL COMMENT '悲观锁名称',
  PRIMARY KEY (`sched_name`,`lock_name`)
) ENGINE=InnoDB DEFAULT CHARSET=utf8mb4 COLLATE=utf8mb4_unicode_ci COMMENT='存储的悲观锁信息表';
/*!40101 SET character_set_client = @saved_cs_client */;

--
-- Dumping data for table `QRTZ_LOCKS`
--

LOCK TABLES `QRTZ_LOCKS` WRITE;
/*!40000 ALTER TABLE `QRTZ_LOCKS` DISABLE KEYS */;
/*!40000 ALTER TABLE `QRTZ_LOCKS` ENABLE KEYS */;
UNLOCK TABLES;

--
-- Table structure for table `QRTZ_PAUSED_TRIGGER_GRPS`
--

DROP TABLE IF EXISTS `QRTZ_PAUSED_TRIGGER_GRPS`;
/*!40101 SET @saved_cs_client     = @@character_set_client */;
/*!40101 SET character_set_client = utf8 */;
CREATE TABLE `QRTZ_PAUSED_TRIGGER_GRPS` (
  `sched_name` varchar(120) COLLATE utf8mb4_unicode_ci NOT NULL COMMENT '调度名称',
  `trigger_group` varchar(200) COLLATE utf8mb4_unicode_ci NOT NULL COMMENT 'qrtz_triggers表trigger_group的外键',
  PRIMARY KEY (`sched_name`,`trigger_group`)
) ENGINE=InnoDB DEFAULT CHARSET=utf8mb4 COLLATE=utf8mb4_unicode_ci COMMENT='暂停的触发器表';
/*!40101 SET character_set_client = @saved_cs_client */;

--
-- Dumping data for table `QRTZ_PAUSED_TRIGGER_GRPS`
--

LOCK TABLES `QRTZ_PAUSED_TRIGGER_GRPS` WRITE;
/*!40000 ALTER TABLE `QRTZ_PAUSED_TRIGGER_GRPS` DISABLE KEYS */;
/*!40000 ALTER TABLE `QRTZ_PAUSED_TRIGGER_GRPS` ENABLE KEYS */;
UNLOCK TABLES;

--
-- Table structure for table `QRTZ_SCHEDULER_STATE`
--

DROP TABLE IF EXISTS `QRTZ_SCHEDULER_STATE`;
/*!40101 SET @saved_cs_client     = @@character_set_client */;
/*!40101 SET character_set_client = utf8 */;
CREATE TABLE `QRTZ_SCHEDULER_STATE` (
  `sched_name` varchar(120) COLLATE utf8mb4_unicode_ci NOT NULL COMMENT '调度名称',
  `instance_name` varchar(200) COLLATE utf8mb4_unicode_ci NOT NULL COMMENT '实例名称',
  `last_checkin_time` bigint(13) NOT NULL COMMENT '上次检查时间',
  `checkin_interval` bigint(13) NOT NULL COMMENT '检查间隔时间',
  PRIMARY KEY (`sched_name`,`instance_name`)
) ENGINE=InnoDB DEFAULT CHARSET=utf8mb4 COLLATE=utf8mb4_unicode_ci COMMENT='调度器状态表';
/*!40101 SET character_set_client = @saved_cs_client */;

--
-- Dumping data for table `QRTZ_SCHEDULER_STATE`
--

LOCK TABLES `QRTZ_SCHEDULER_STATE` WRITE;
/*!40000 ALTER TABLE `QRTZ_SCHEDULER_STATE` DISABLE KEYS */;
/*!40000 ALTER TABLE `QRTZ_SCHEDULER_STATE` ENABLE KEYS */;
UNLOCK TABLES;

--
-- Table structure for table `QRTZ_SIMPLE_TRIGGERS`
--

DROP TABLE IF EXISTS `QRTZ_SIMPLE_TRIGGERS`;
/*!40101 SET @saved_cs_client     = @@character_set_client */;
/*!40101 SET character_set_client = utf8 */;
CREATE TABLE `QRTZ_SIMPLE_TRIGGERS` (
  `sched_name` varchar(120) COLLATE utf8mb4_unicode_ci NOT NULL COMMENT '调度名称',
  `trigger_name` varchar(200) COLLATE utf8mb4_unicode_ci NOT NULL COMMENT 'qrtz_triggers表trigger_name的外键',
  `trigger_group` varchar(200) COLLATE utf8mb4_unicode_ci NOT NULL COMMENT 'qrtz_triggers表trigger_group的外键',
  `repeat_count` bigint(7) NOT NULL COMMENT '重复的次数统计',
  `repeat_interval` bigint(12) NOT NULL COMMENT '重复的间隔时间',
  `times_triggered` bigint(10) NOT NULL COMMENT '已经触发的次数',
  PRIMARY KEY (`sched_name`,`trigger_name`,`trigger_group`),
  CONSTRAINT `QRTZ_SIMPLE_TRIGGERS_ibfk_1` FOREIGN KEY (`sched_name`, `trigger_name`, `trigger_group`) REFERENCES `QRTZ_TRIGGERS` (`sched_name`, `trigger_name`, `trigger_group`)
) ENGINE=InnoDB DEFAULT CHARSET=utf8mb4 COLLATE=utf8mb4_unicode_ci COMMENT='简单触发器的信息表';
/*!40101 SET character_set_client = @saved_cs_client */;

--
-- Dumping data for table `QRTZ_SIMPLE_TRIGGERS`
--

LOCK TABLES `QRTZ_SIMPLE_TRIGGERS` WRITE;
/*!40000 ALTER TABLE `QRTZ_SIMPLE_TRIGGERS` DISABLE KEYS */;
/*!40000 ALTER TABLE `QRTZ_SIMPLE_TRIGGERS` ENABLE KEYS */;
UNLOCK TABLES;

--
-- Table structure for table `QRTZ_SIMPROP_TRIGGERS`
--

DROP TABLE IF EXISTS `QRTZ_SIMPROP_TRIGGERS`;
/*!40101 SET @saved_cs_client     = @@character_set_client */;
/*!40101 SET character_set_client = utf8 */;
CREATE TABLE `QRTZ_SIMPROP_TRIGGERS` (
  `sched_name` varchar(120) COLLATE utf8mb4_unicode_ci NOT NULL COMMENT '调度名称',
  `trigger_name` varchar(200) COLLATE utf8mb4_unicode_ci NOT NULL COMMENT 'qrtz_triggers表trigger_name的外键',
  `trigger_group` varchar(200) COLLATE utf8mb4_unicode_ci NOT NULL COMMENT 'qrtz_triggers表trigger_group的外键',
  `str_prop_1` varchar(512) COLLATE utf8mb4_unicode_ci DEFAULT NULL COMMENT 'String类型的trigger的第一个参数',
  `str_prop_2` varchar(512) COLLATE utf8mb4_unicode_ci DEFAULT NULL COMMENT 'String类型的trigger的第二个参数',
  `str_prop_3` varchar(512) COLLATE utf8mb4_unicode_ci DEFAULT NULL COMMENT 'String类型的trigger的第三个参数',
  `int_prop_1` int(11) DEFAULT NULL COMMENT 'int类型的trigger的第一个参数',
  `int_prop_2` int(11) DEFAULT NULL COMMENT 'int类型的trigger的第二个参数',
  `long_prop_1` bigint(20) DEFAULT NULL COMMENT 'long类型的trigger的第一个参数',
  `long_prop_2` bigint(20) DEFAULT NULL COMMENT 'long类型的trigger的第二个参数',
  `dec_prop_1` decimal(13,4) DEFAULT NULL COMMENT 'decimal类型的trigger的第一个参数',
  `dec_prop_2` decimal(13,4) DEFAULT NULL COMMENT 'decimal类型的trigger的第二个参数',
  `bool_prop_1` varchar(1) COLLATE utf8mb4_unicode_ci DEFAULT NULL COMMENT 'Boolean类型的trigger的第一个参数',
  `bool_prop_2` varchar(1) COLLATE utf8mb4_unicode_ci DEFAULT NULL COMMENT 'Boolean类型的trigger的第二个参数',
  PRIMARY KEY (`sched_name`,`trigger_name`,`trigger_group`),
  CONSTRAINT `QRTZ_SIMPROP_TRIGGERS_ibfk_1` FOREIGN KEY (`sched_name`, `trigger_name`, `trigger_group`) REFERENCES `QRTZ_TRIGGERS` (`sched_name`, `trigger_name`, `trigger_group`)
) ENGINE=InnoDB DEFAULT CHARSET=utf8mb4 COLLATE=utf8mb4_unicode_ci COMMENT='同步机制的行锁表';
/*!40101 SET character_set_client = @saved_cs_client */;

--
-- Dumping data for table `QRTZ_SIMPROP_TRIGGERS`
--

LOCK TABLES `QRTZ_SIMPROP_TRIGGERS` WRITE;
/*!40000 ALTER TABLE `QRTZ_SIMPROP_TRIGGERS` DISABLE KEYS */;
/*!40000 ALTER TABLE `QRTZ_SIMPROP_TRIGGERS` ENABLE KEYS */;
UNLOCK TABLES;

--
-- Table structure for table `QRTZ_TRIGGERS`
--

DROP TABLE IF EXISTS `QRTZ_TRIGGERS`;
/*!40101 SET @saved_cs_client     = @@character_set_client */;
/*!40101 SET character_set_client = utf8 */;
CREATE TABLE `QRTZ_TRIGGERS` (
  `sched_name` varchar(120) COLLATE utf8mb4_unicode_ci NOT NULL COMMENT '调度名称',
  `trigger_name` varchar(200) COLLATE utf8mb4_unicode_ci NOT NULL COMMENT '触发器的名字',
  `trigger_group` varchar(200) COLLATE utf8mb4_unicode_ci NOT NULL COMMENT '触发器所属组的名字',
  `job_name` varchar(200) COLLATE utf8mb4_unicode_ci NOT NULL COMMENT 'qrtz_job_details表job_name的外键',
  `job_group` varchar(200) COLLATE utf8mb4_unicode_ci NOT NULL COMMENT 'qrtz_job_details表job_group的外键',
  `description` varchar(250) COLLATE utf8mb4_unicode_ci DEFAULT NULL COMMENT '相关介绍',
  `next_fire_time` bigint(13) DEFAULT NULL COMMENT '上一次触发时间（毫秒）',
  `prev_fire_time` bigint(13) DEFAULT NULL COMMENT '下一次触发时间（默认为-1表示不触发）',
  `priority` int(11) DEFAULT NULL COMMENT '优先级',
  `trigger_state` varchar(16) COLLATE utf8mb4_unicode_ci NOT NULL COMMENT '触发器状态',
  `trigger_type` varchar(8) COLLATE utf8mb4_unicode_ci NOT NULL COMMENT '触发器的类型',
  `start_time` bigint(13) NOT NULL COMMENT '开始时间',
  `end_time` bigint(13) DEFAULT NULL COMMENT '结束时间',
  `calendar_name` varchar(200) COLLATE utf8mb4_unicode_ci DEFAULT NULL COMMENT '日程表名称',
  `misfire_instr` smallint(2) DEFAULT NULL COMMENT '补偿执行的策略',
  `job_data` blob COMMENT '存放持久化job对象',
  PRIMARY KEY (`sched_name`,`trigger_name`,`trigger_group`),
  KEY `sched_name` (`sched_name`,`job_name`,`job_group`),
  CONSTRAINT `QRTZ_TRIGGERS_ibfk_1` FOREIGN KEY (`sched_name`, `job_name`, `job_group`) REFERENCES `QRTZ_JOB_DETAILS` (`sched_name`, `job_name`, `job_group`)
) ENGINE=InnoDB DEFAULT CHARSET=utf8mb4 COLLATE=utf8mb4_unicode_ci COMMENT='触发器详细信息表';
/*!40101 SET character_set_client = @saved_cs_client */;

--
-- Dumping data for table `QRTZ_TRIGGERS`
--

LOCK TABLES `QRTZ_TRIGGERS` WRITE;
/*!40000 ALTER TABLE `QRTZ_TRIGGERS` DISABLE KEYS */;
/*!40000 ALTER TABLE `QRTZ_TRIGGERS` ENABLE KEYS */;
UNLOCK TABLES;

--
-- Table structure for table `gen_table`
--

DROP TABLE IF EXISTS `gen_table`;
/*!40101 SET @saved_cs_client     = @@character_set_client */;
/*!40101 SET character_set_client = utf8 */;
CREATE TABLE `gen_table` (
  `table_id` bigint(20) NOT NULL AUTO_INCREMENT COMMENT '编号',
  `table_name` varchar(200) COLLATE utf8mb4_unicode_ci DEFAULT '' COMMENT '表名称',
  `table_comment` varchar(500) COLLATE utf8mb4_unicode_ci DEFAULT '' COMMENT '表描述',
  `sub_table_name` varchar(64) COLLATE utf8mb4_unicode_ci DEFAULT NULL COMMENT '关联子表的表名',
  `sub_table_fk_name` varchar(64) COLLATE utf8mb4_unicode_ci DEFAULT NULL COMMENT '子表关联的外键名',
  `class_name` varchar(100) COLLATE utf8mb4_unicode_ci DEFAULT '' COMMENT '实体类名称',
  `tpl_category` varchar(200) COLLATE utf8mb4_unicode_ci DEFAULT 'crud' COMMENT '使用的模板（crud单表操作 tree树表操作）',
  `tpl_web_type` varchar(30) COLLATE utf8mb4_unicode_ci DEFAULT '' COMMENT '前端模板类型（element-ui模版 element-plus模版）',
  `package_name` varchar(100) COLLATE utf8mb4_unicode_ci DEFAULT NULL COMMENT '生成包路径',
  `module_name` varchar(30) COLLATE utf8mb4_unicode_ci DEFAULT NULL COMMENT '生成模块名',
  `business_name` varchar(30) COLLATE utf8mb4_unicode_ci DEFAULT NULL COMMENT '生成业务名',
  `function_name` varchar(50) COLLATE utf8mb4_unicode_ci DEFAULT NULL COMMENT '生成功能名',
  `function_author` varchar(50) COLLATE utf8mb4_unicode_ci DEFAULT NULL COMMENT '生成功能作者',
  `gen_type` char(1) COLLATE utf8mb4_unicode_ci DEFAULT '0' COMMENT '生成代码方式（0zip压缩包 1自定义路径）',
  `gen_path` varchar(200) COLLATE utf8mb4_unicode_ci DEFAULT '/' COMMENT '生成路径（不填默认项目路径）',
  `options` varchar(1000) COLLATE utf8mb4_unicode_ci DEFAULT NULL COMMENT '其它生成选项',
  `create_by` varchar(64) COLLATE utf8mb4_unicode_ci DEFAULT '' COMMENT '创建者',
  `create_time` datetime DEFAULT NULL COMMENT '创建时间',
  `update_by` varchar(64) COLLATE utf8mb4_unicode_ci DEFAULT '' COMMENT '更新者',
  `update_time` datetime DEFAULT NULL COMMENT '更新时间',
  `remark` varchar(500) COLLATE utf8mb4_unicode_ci DEFAULT NULL COMMENT '备注',
  PRIMARY KEY (`table_id`)
) ENGINE=InnoDB AUTO_INCREMENT=28 DEFAULT CHARSET=utf8mb4 COLLATE=utf8mb4_unicode_ci COMMENT='代码生成业务表';
/*!40101 SET character_set_client = @saved_cs_client */;

--
-- Dumping data for table `gen_table`
--

LOCK TABLES `gen_table` WRITE;
/*!40000 ALTER TABLE `gen_table` DISABLE KEYS */;
INSERT INTO `gen_table` VALUES (7,'sys_user','用户信息表',NULL,NULL,'SysUser','crud','element-ui','com.ruoyi.system','system','user','用户信息','ruoyi','0','/','{}','admin','2024-09-29 03:08:38','','2024-09-29 06:33:11',NULL),(24,'poor_application','贫困申请表',NULL,NULL,'PoorApplication','crud','','com.art.poor','poor','application','贫困申请','art','0','/',NULL,'admin','2024-10-06 11:52:31','',NULL,NULL),(25,'poor_financial','贫困资助表',NULL,NULL,'PoorFinancial','crud','','com.art.poor','poor','financial','贫困资助','art','0','/',NULL,'admin','2024-10-06 11:52:31','',NULL,NULL),(26,'poor_student','学生信息表',NULL,NULL,'PoorStudent','crud','','com.art.poor','poor','student','学生信息','art','0','/',NULL,'admin','2024-10-06 11:52:31','',NULL,NULL),(27,'poor_teacher','教师信息表',NULL,NULL,'PoorTeacher','crud','','com.art.poor','poor','teacher','教师信息','art','0','/',NULL,'admin','2024-10-06 11:52:31','',NULL,NULL);
/*!40000 ALTER TABLE `gen_table` ENABLE KEYS */;
UNLOCK TABLES;

--
-- Table structure for table `gen_table_column`
--

DROP TABLE IF EXISTS `gen_table_column`;
/*!40101 SET @saved_cs_client     = @@character_set_client */;
/*!40101 SET character_set_client = utf8 */;
CREATE TABLE `gen_table_column` (
  `column_id` bigint(20) NOT NULL AUTO_INCREMENT COMMENT '编号',
  `table_id` bigint(20) DEFAULT NULL COMMENT '归属表编号',
  `column_name` varchar(200) COLLATE utf8mb4_unicode_ci DEFAULT NULL COMMENT '列名称',
  `column_comment` varchar(500) COLLATE utf8mb4_unicode_ci DEFAULT NULL COMMENT '列描述',
  `column_type` varchar(100) COLLATE utf8mb4_unicode_ci DEFAULT NULL COMMENT '列类型',
  `java_type` varchar(500) COLLATE utf8mb4_unicode_ci DEFAULT NULL COMMENT 'JAVA类型',
  `java_field` varchar(200) COLLATE utf8mb4_unicode_ci DEFAULT NULL COMMENT 'JAVA字段名',
  `is_pk` char(1) COLLATE utf8mb4_unicode_ci DEFAULT NULL COMMENT '是否主键（1是）',
  `is_increment` char(1) COLLATE utf8mb4_unicode_ci DEFAULT NULL COMMENT '是否自增（1是）',
  `is_required` char(1) COLLATE utf8mb4_unicode_ci DEFAULT NULL COMMENT '是否必填（1是）',
  `is_insert` char(1) COLLATE utf8mb4_unicode_ci DEFAULT NULL COMMENT '是否为插入字段（1是）',
  `is_edit` char(1) COLLATE utf8mb4_unicode_ci DEFAULT NULL COMMENT '是否编辑字段（1是）',
  `is_list` char(1) COLLATE utf8mb4_unicode_ci DEFAULT NULL COMMENT '是否列表字段（1是）',
  `is_query` char(1) COLLATE utf8mb4_unicode_ci DEFAULT NULL COMMENT '是否查询字段（1是）',
  `query_type` varchar(200) COLLATE utf8mb4_unicode_ci DEFAULT 'EQ' COMMENT '查询方式（等于、不等于、大于、小于、范围）',
  `html_type` varchar(200) COLLATE utf8mb4_unicode_ci DEFAULT NULL COMMENT '显示类型（文本框、文本域、下拉框、复选框、单选框、日期控件）',
  `dict_type` varchar(200) COLLATE utf8mb4_unicode_ci DEFAULT '' COMMENT '字典类型',
  `sort` int(11) DEFAULT NULL COMMENT '排序',
  `create_by` varchar(64) COLLATE utf8mb4_unicode_ci DEFAULT '' COMMENT '创建者',
  `create_time` datetime DEFAULT NULL COMMENT '创建时间',
  `update_by` varchar(64) COLLATE utf8mb4_unicode_ci DEFAULT '' COMMENT '更新者',
  `update_time` datetime DEFAULT NULL COMMENT '更新时间',
  PRIMARY KEY (`column_id`)
) ENGINE=InnoDB AUTO_INCREMENT=277 DEFAULT CHARSET=utf8mb4 COLLATE=utf8mb4_unicode_ci COMMENT='代码生成业务表字段';
/*!40101 SET character_set_client = @saved_cs_client */;

--
-- Dumping data for table `gen_table_column`
--

LOCK TABLES `gen_table_column` WRITE;
/*!40000 ALTER TABLE `gen_table_column` DISABLE KEYS */;
INSERT INTO `gen_table_column` VALUES (62,7,'user_id','用户ID','bigint(20)','Long','userId','1','1','0','1',NULL,NULL,NULL,'EQ','input','',1,'admin','2024-09-29 03:08:38','','2024-09-29 06:33:11'),(63,7,'dept_id','部门ID','bigint(20)','Long','deptId','0','0','0','1','1','1','1','EQ','input','',2,'admin','2024-09-29 03:08:38','','2024-09-29 06:33:11'),(64,7,'user_name','用户账号','varchar(30)','String','userName','0','0','1','1','1','1','1','LIKE','input','',3,'admin','2024-09-29 03:08:38','','2024-09-29 06:33:11'),(65,7,'nick_name','用户昵称','varchar(30)','String','nickName','0','0','1','1','1','1','1','LIKE','input','',4,'admin','2024-09-29 03:08:38','','2024-09-29 06:33:11'),(66,7,'user_type','用户类型（00系统用户）','varchar(2)','String','userType','0','0','0','1','1','1','1','EQ','select','',5,'admin','2024-09-29 03:08:38','','2024-09-29 06:33:11'),(67,7,'email','用户邮箱','varchar(50)','String','email','0','0','0','1','1','1','1','EQ','input','',6,'admin','2024-09-29 03:08:38','','2024-09-29 06:33:11'),(68,7,'phonenumber','手机号码','varchar(11)','String','phonenumber','0','0','0','1','1','1','1','EQ','input','',7,'admin','2024-09-29 03:08:38','','2024-09-29 06:33:11'),(69,7,'sex','用户性别（0男 1女 2未知）','char(1)','String','sex','0','0','0','1','1','1','1','EQ','select','',8,'admin','2024-09-29 03:08:38','','2024-09-29 06:33:11'),(70,7,'avatar','头像地址','varchar(100)','String','avatar','0','0','0','1','1','1','1','EQ','input','',9,'admin','2024-09-29 03:08:38','','2024-09-29 06:33:11'),(71,7,'password','密码','varchar(100)','String','password','0','0','0','1','1','1','1','EQ','input','',10,'admin','2024-09-29 03:08:38','','2024-09-29 06:33:11'),(72,7,'status','帐号状态（0正常 1停用）','char(1)','String','status','0','0','0','1','1','1','1','EQ','radio','',11,'admin','2024-09-29 03:08:38','','2024-09-29 06:33:11'),(73,7,'del_flag','删除标志（0代表存在 2代表删除）','char(1)','String','delFlag','0','0','0','1',NULL,NULL,NULL,'EQ','input','',12,'admin','2024-09-29 03:08:38','','2024-09-29 06:33:11'),(74,7,'login_ip','最后登录IP','varchar(128)','String','loginIp','0','0','0','1','1','1','1','EQ','input','',13,'admin','2024-09-29 03:08:38','','2024-09-29 06:33:11'),(75,7,'login_date','最后登录时间','datetime','Date','loginDate','0','0','0','1','1','1','1','EQ','datetime','',14,'admin','2024-09-29 03:08:38','','2024-09-29 06:33:11'),(76,7,'create_by','创建者','varchar(64)','String','createBy','0','0','0','1',NULL,NULL,NULL,'EQ','input','',15,'admin','2024-09-29 03:08:38','','2024-09-29 06:33:11'),(77,7,'create_time','创建时间','datetime','Date','createTime','0','0','0','1',NULL,NULL,NULL,'EQ','datetime','',16,'admin','2024-09-29 03:08:38','','2024-09-29 06:33:11'),(78,7,'update_by','更新者','varchar(64)','String','updateBy','0','0','0','1','1',NULL,NULL,'EQ','input','',17,'admin','2024-09-29 03:08:38','','2024-09-29 06:33:11'),(79,7,'update_time','更新时间','datetime','Date','updateTime','0','0','0','1','1',NULL,NULL,'EQ','datetime','',18,'admin','2024-09-29 03:08:38','','2024-09-29 06:33:11'),(80,7,'remark','备注','varchar(500)','String','remark','0','0','0','1','1','1',NULL,'EQ','textarea','',19,'admin','2024-09-29 03:08:38','','2024-09-29 06:33:11'),(239,24,'id','申请ID','int(11)','Long','id','1','1','0','1',NULL,NULL,NULL,'EQ','input','',1,'admin','2024-10-06 11:52:31','',NULL),(240,24,'student_id','学生id','bigint(20)','Long','studentId','0','0','1','1','1','1','1','EQ','input','',2,'admin','2024-10-06 11:52:31','',NULL),(241,24,'application_date','申请日期','date','Date','applicationDate','0','0','0','1','1','1','1','EQ','datetime','',3,'admin','2024-10-06 11:52:31','',NULL),(242,24,'poverty_reason','贫困原因','text','String','povertyReason','0','0','0','1','1','1','1','EQ','textarea','',4,'admin','2024-10-06 11:52:31','',NULL),(243,24,'supporting_documents','证明材料','text','String','supportingDocuments','0','0','0','1','1','1','1','EQ','textarea','',5,'admin','2024-10-06 11:52:31','',NULL),(244,24,'status','审核状态','enum(\'待审核\',\'已通过\',\'已拒绝\')','String','status','0','0','0','1','1','1','1','EQ','radio','',6,'admin','2024-10-06 11:52:31','',NULL),(245,24,'reviewer_id','审核人ID','int(11)','Long','reviewerId','0','0','0','1','1','1','1','EQ','input','',7,'admin','2024-10-06 11:52:31','',NULL),(246,24,'review_date','审核日期','date','Date','reviewDate','0','0','0','1','1','1','1','EQ','datetime','',8,'admin','2024-10-06 11:52:31','',NULL),(247,24,'review_comments','审核意见','text','String','reviewComments','0','0','0','1','1','1','1','EQ','textarea','',9,'admin','2024-10-06 11:52:31','',NULL),(248,24,'create_time','创建时间','datetime','Date','createTime','0','0','0','1',NULL,NULL,NULL,'EQ','datetime','',10,'admin','2024-10-06 11:52:31','',NULL),(249,24,'update_time','更新时间','datetime','Date','updateTime','0','0','0','1','1',NULL,NULL,'EQ','datetime','',11,'admin','2024-10-06 11:52:31','',NULL),(250,25,'id','资助ID','int(11)','Long','id','1','1','0','1',NULL,NULL,NULL,'EQ','input','',1,'admin','2024-10-06 11:52:31','',NULL),(251,25,'student_id','学生id','bigint(20)','Long','studentId','0','0','1','1','1','1','1','EQ','input','',2,'admin','2024-10-06 11:52:31','',NULL),(252,25,'user_id','操作人id','int(11)','Long','userId','0','0','0','1','1','1','1','EQ','input','',3,'admin','2024-10-06 11:52:31','',NULL),(253,25,'aid_type','资助类型','varchar(50)','String','aidType','0','0','0','1','1','1','1','EQ','select','',4,'admin','2024-10-06 11:52:31','',NULL),(254,25,'aid_amount','资助金额','decimal(10,2)','BigDecimal','aidAmount','0','0','0','1','1','1','1','EQ','input','',5,'admin','2024-10-06 11:52:31','',NULL),(255,25,'grant_date','发放日期','date','Date','grantDate','0','0','0','1','1','1','1','EQ','datetime','',6,'admin','2024-10-06 11:52:31','',NULL),(256,25,'grant_status','发放状态','enum(\'待发放\',\'已发放\',\'已取消\')','String','grantStatus','0','0','0','1','1','1','1','EQ','radio','',7,'admin','2024-10-06 11:52:31','',NULL),(257,25,'create_time','创建时间','datetime','Date','createTime','0','0','0','1',NULL,NULL,NULL,'EQ','datetime','',8,'admin','2024-10-06 11:52:31','',NULL),(258,25,'update_time','更新时间','datetime','Date','updateTime','0','0','0','1','1',NULL,NULL,'EQ','datetime','',9,'admin','2024-10-06 11:52:31','',NULL),(259,26,'user_id','用户id','bigint(20)','Long','userId','1','0','0','1',NULL,NULL,NULL,'EQ','input','',1,'admin','2024-10-06 11:52:31','','2024-10-06 12:09:52'),(260,26,'number','学号','varchar(20)','String','number','0','0','0','1','1','1','1','EQ','input','',2,'admin','2024-10-06 11:52:31','','2024-10-06 12:09:52'),(261,26,'college','学院','varchar(100)','String','college','0','0','0','1','1','1','1','EQ','input','',3,'admin','2024-10-06 11:52:31','','2024-10-06 12:09:52'),(262,26,'major','专业','varchar(100)','String','major','0','0','0','1','1','1','1','EQ','input','',4,'admin','2024-10-06 11:52:31','','2024-10-06 12:09:52'),(263,26,'grade','年级','varchar(20)','String','grade','0','0','0','1','1','1','1','EQ','input','',5,'admin','2024-10-06 11:52:31','','2024-10-06 12:09:52'),(264,26,'family_address','家庭住址','varchar(255)','String','familyAddress','0','0','0','1','1','1','1','EQ','input','',6,'admin','2024-10-06 11:52:31','','2024-10-06 12:09:52'),(265,26,'family_income','家庭年收入','decimal(10,2)','BigDecimal','familyIncome','0','0','0','1','1','1','1','EQ','input','',7,'admin','2024-10-06 11:52:31','','2024-10-06 12:09:52'),(266,26,'create_time','创建时间','datetime','Date','createTime','0','0','0','1',NULL,NULL,NULL,'EQ','datetime','',8,'admin','2024-10-06 11:52:31','','2024-10-06 12:09:52'),(267,26,'update_time','更新时间','datetime','Date','updateTime','0','0','0','1','1',NULL,NULL,'EQ','datetime','',9,'admin','2024-10-06 11:52:31','','2024-10-06 12:09:52'),(268,27,'user_id','用户id','bigint(20)','Long','userId','1','0','0','1',NULL,NULL,NULL,'EQ','input','',1,'admin','2024-10-06 11:52:31','','2024-10-06 12:10:04'),(269,27,'number','教师编号','varchar(20)','String','number','0','0','0','1','1','1','1','EQ','input','',2,'admin','2024-10-06 11:52:31','','2024-10-06 12:10:04'),(270,27,'position','家庭住址','varchar(50)','String','position','0','0','0','1','1','1','1','EQ','input','',3,'admin','2024-10-06 11:52:31','','2024-10-06 12:10:04'),(271,27,'hire_date','入职日期','date','Date','hireDate','0','0','0','1','1','1','1','EQ','datetime','',4,'admin','2024-10-06 11:52:31','','2024-10-06 12:10:04'),(272,27,'level','职称','varchar(255)','String','level','0','0','0','1','1','1','1','EQ','input','',5,'admin','2024-10-06 11:52:31','','2024-10-06 12:10:04'),(273,27,'create_time','创建时间','datetime','Date','createTime','0','0','0','1',NULL,NULL,NULL,'EQ','datetime','',6,'admin','2024-10-06 11:52:31','','2024-10-06 12:10:04'),(274,27,'update_time','更新时间','datetime','Date','updateTime','0','0','0','1','1',NULL,NULL,'EQ','datetime','',7,'admin','2024-10-06 11:52:31','','2024-10-06 12:10:04'),(275,26,'is_activated','是否激活','tinyint(1)','Integer','isActivated','0','0','0','1','1','1','1','EQ','input','',10,'','2024-10-06 12:09:52','',NULL),(276,27,'is_activated','是否激活','tinyint(1)','Integer','isActivated','0','0','0','1','1','1','1','EQ','input','',8,'','2024-10-06 12:10:04','',NULL);
/*!40000 ALTER TABLE `gen_table_column` ENABLE KEYS */;
UNLOCK TABLES;

--
-- Table structure for table `poor_application`
--

DROP TABLE IF EXISTS `poor_application`;
/*!40101 SET @saved_cs_client     = @@character_set_client */;
/*!40101 SET character_set_client = utf8 */;
CREATE TABLE `poor_application` (
  `id` int(11) NOT NULL AUTO_INCREMENT COMMENT '申请ID',
  `student_id` bigint(20) NOT NULL COMMENT '学生id',
  `application_date` date DEFAULT NULL COMMENT '申请日期',
  `poverty_reason` text COLLATE utf8mb4_unicode_ci COMMENT '贫困原因',
  `supporting_documents` text COLLATE utf8mb4_unicode_ci COMMENT '证明材料',
  `status` enum('待审核','已通过','已拒绝') COLLATE utf8mb4_unicode_ci DEFAULT '待审核' COMMENT '审核状态',
  `reviewer_id` int(11) DEFAULT NULL COMMENT '审核人ID',
  `review_date` date DEFAULT NULL COMMENT '审核日期',
  `review_comments` text COLLATE utf8mb4_unicode_ci COMMENT '审核意见',
  `create_time` datetime DEFAULT CURRENT_TIMESTAMP COMMENT '创建时间',
  `update_time` datetime DEFAULT CURRENT_TIMESTAMP COMMENT '更新时间',
  PRIMARY KEY (`id`),
  KEY `student_id` (`student_id`),
  CONSTRAINT `poor_application_ibfk_1` FOREIGN KEY (`student_id`) REFERENCES `poor_student` (`user_id`)
) ENGINE=InnoDB DEFAULT CHARSET=utf8mb4 COLLATE=utf8mb4_unicode_ci COMMENT='贫困申请表';
/*!40101 SET character_set_client = @saved_cs_client */;

--
-- Dumping data for table `poor_application`
--

LOCK TABLES `poor_application` WRITE;
/*!40000 ALTER TABLE `poor_application` DISABLE KEYS */;
/*!40000 ALTER TABLE `poor_application` ENABLE KEYS */;
UNLOCK TABLES;

--
-- Table structure for table `poor_financial`
--

DROP TABLE IF EXISTS `poor_financial`;
/*!40101 SET @saved_cs_client     = @@character_set_client */;
/*!40101 SET character_set_client = utf8 */;
CREATE TABLE `poor_financial` (
  `id` int(11) NOT NULL AUTO_INCREMENT COMMENT '资助ID',
  `student_id` bigint(20) NOT NULL COMMENT '学生id',
  `user_id` int(11) DEFAULT NULL COMMENT '操作人id',
  `aid_type` varchar(50) COLLATE utf8mb4_unicode_ci DEFAULT NULL COMMENT '资助类型',
  `aid_amount` decimal(10,2) DEFAULT NULL COMMENT '资助金额',
  `grant_date` date DEFAULT NULL COMMENT '发放日期',
  `grant_status` enum('待发放','已发放','已取消') COLLATE utf8mb4_unicode_ci DEFAULT '待发放' COMMENT '发放状态',
  `create_time` datetime DEFAULT CURRENT_TIMESTAMP COMMENT '创建时间',
  `update_time` datetime DEFAULT CURRENT_TIMESTAMP COMMENT '更新时间',
  PRIMARY KEY (`id`),
  KEY `student_id` (`student_id`),
  CONSTRAINT `poor_financial_ibfk_1` FOREIGN KEY (`student_id`) REFERENCES `poor_student` (`user_id`)
) ENGINE=InnoDB DEFAULT CHARSET=utf8mb4 COLLATE=utf8mb4_unicode_ci COMMENT='贫困资助表';
/*!40101 SET character_set_client = @saved_cs_client */;

--
-- Dumping data for table `poor_financial`
--

LOCK TABLES `poor_financial` WRITE;
/*!40000 ALTER TABLE `poor_financial` DISABLE KEYS */;
/*!40000 ALTER TABLE `poor_financial` ENABLE KEYS */;
UNLOCK TABLES;

--
-- Table structure for table `poor_student`
--

DROP TABLE IF EXISTS `poor_student`;
/*!40101 SET @saved_cs_client     = @@character_set_client */;
/*!40101 SET character_set_client = utf8 */;
CREATE TABLE `poor_student` (
  `user_id` bigint(20) NOT NULL COMMENT '用户id',
  `number` varchar(20) COLLATE utf8mb4_unicode_ci DEFAULT NULL COMMENT '学号',
  `college` varchar(100) COLLATE utf8mb4_unicode_ci DEFAULT NULL COMMENT '学院',
  `major` varchar(100) COLLATE utf8mb4_unicode_ci DEFAULT NULL COMMENT '专业',
  `grade` varchar(20) COLLATE utf8mb4_unicode_ci DEFAULT NULL COMMENT '年级',
  `family_address` varchar(255) COLLATE utf8mb4_unicode_ci DEFAULT NULL COMMENT '家庭住址',
  `family_income` decimal(10,2) DEFAULT NULL COMMENT '家庭年收入',
  `create_time` datetime DEFAULT CURRENT_TIMESTAMP COMMENT '创建时间',
  `update_time` datetime DEFAULT CURRENT_TIMESTAMP COMMENT '更新时间',
  `is_activated` tinyint(1) DEFAULT '0' COMMENT '是否激活',
  PRIMARY KEY (`user_id`),
  CONSTRAINT `fk_student_user` FOREIGN KEY (`user_id`) REFERENCES `sys_user` (`user_id`)
) ENGINE=InnoDB DEFAULT CHARSET=utf8mb4 COLLATE=utf8mb4_unicode_ci COMMENT='学生信息表';
/*!40101 SET character_set_client = @saved_cs_client */;

--
-- Dumping data for table `poor_student`
--

LOCK TABLES `poor_student` WRITE;
/*!40000 ALTER TABLE `poor_student` DISABLE KEYS */;
INSERT INTO `poor_student` VALUES (1,NULL,NULL,NULL,NULL,NULL,NULL,'2024-10-06 21:44:23','2024-10-06 13:44:22',0),(4,'202341','Test','Test','2024','abcd',10000.00,'2024-10-07 22:33:52','2024-10-08 20:22:51',1),(5,NULL,NULL,NULL,NULL,NULL,NULL,'2024-10-06 21:43:54','2024-10-06 13:43:54',0);
/*!40000 ALTER TABLE `poor_student` ENABLE KEYS */;
UNLOCK TABLES;

--
-- Table structure for table `poor_teacher`
--

DROP TABLE IF EXISTS `poor_teacher`;
/*!40101 SET @saved_cs_client     = @@character_set_client */;
/*!40101 SET character_set_client = utf8 */;
CREATE TABLE `poor_teacher` (
  `user_id` bigint(20) NOT NULL COMMENT '用户id',
  `number` varchar(20) COLLATE utf8mb4_unicode_ci DEFAULT NULL COMMENT '教师编号',
  `position` varchar(50) COLLATE utf8mb4_unicode_ci DEFAULT NULL COMMENT '家庭住址',
  `hire_date` date DEFAULT NULL COMMENT '入职日期',
  `level` varchar(255) COLLATE utf8mb4_unicode_ci DEFAULT NULL COMMENT '职称',
  `create_time` datetime DEFAULT CURRENT_TIMESTAMP COMMENT '创建时间',
  `update_time` datetime DEFAULT CURRENT_TIMESTAMP COMMENT '更新时间',
  `is_activated` tinyint(1) DEFAULT '0' COMMENT '是否激活',
  PRIMARY KEY (`user_id`),
  CONSTRAINT `fk_teacher_user` FOREIGN KEY (`user_id`) REFERENCES `sys_user` (`user_id`)
) ENGINE=InnoDB DEFAULT CHARSET=utf8mb4 COLLATE=utf8mb4_unicode_ci COMMENT='教师信息表';
/*!40101 SET character_set_client = @saved_cs_client */;

--
-- Dumping data for table `poor_teacher`
--

LOCK TABLES `poor_teacher` WRITE;
/*!40000 ALTER TABLE `poor_teacher` DISABLE KEYS */;
INSERT INTO `poor_teacher` VALUES (1,'123','123','2024-10-14','123','2024-10-06 21:44:23','2024-10-09 19:24:31',1),(4,NULL,NULL,NULL,NULL,'2024-10-07 22:35:14','2024-10-08 19:32:30',0),(11,NULL,NULL,NULL,NULL,'2024-10-09 19:34:05','2024-10-09 11:34:04',0);
/*!40000 ALTER TABLE `poor_teacher` ENABLE KEYS */;
UNLOCK TABLES;

--
-- Table structure for table `sys_config`
--

DROP TABLE IF EXISTS `sys_config`;
/*!40101 SET @saved_cs_client     = @@character_set_client */;
/*!40101 SET character_set_client = utf8 */;
CREATE TABLE `sys_config` (
  `config_id` int(5) NOT NULL AUTO_INCREMENT COMMENT '参数主键',
  `config_name` varchar(100) COLLATE utf8mb4_unicode_ci DEFAULT '' COMMENT '参数名称',
  `config_key` varchar(100) COLLATE utf8mb4_unicode_ci DEFAULT '' COMMENT '参数键名',
  `config_value` varchar(500) COLLATE utf8mb4_unicode_ci DEFAULT '' COMMENT '参数键值',
  `config_type` char(1) COLLATE utf8mb4_unicode_ci DEFAULT 'N' COMMENT '系统内置（Y是 N否）',
  `create_by` varchar(64) COLLATE utf8mb4_unicode_ci DEFAULT '' COMMENT '创建者',
  `create_time` datetime DEFAULT NULL COMMENT '创建时间',
  `update_by` varchar(64) COLLATE utf8mb4_unicode_ci DEFAULT '' COMMENT '更新者',
  `update_time` datetime DEFAULT NULL COMMENT '更新时间',
  `remark` varchar(500) COLLATE utf8mb4_unicode_ci DEFAULT NULL COMMENT '备注',
  PRIMARY KEY (`config_id`)
) ENGINE=InnoDB AUTO_INCREMENT=7 DEFAULT CHARSET=utf8mb4 COLLATE=utf8mb4_unicode_ci COMMENT='参数配置表';
/*!40101 SET character_set_client = @saved_cs_client */;

--
-- Dumping data for table `sys_config`
--

LOCK TABLES `sys_config` WRITE;
/*!40000 ALTER TABLE `sys_config` DISABLE KEYS */;
INSERT INTO `sys_config` VALUES (1,'主框架页-默认皮肤样式名称','sys.index.skinName','skin-blue','Y','admin','2024-09-28 12:29:01','',NULL,'蓝色 skin-blue、绿色 skin-green、紫色 skin-purple、红色 skin-red、黄色 skin-yellow'),(2,'用户管理-账号初始密码','sys.user.initPassword','123456','Y','admin','2024-09-28 12:29:01','',NULL,'初始化密码 123456'),(3,'主框架页-侧边栏主题','sys.index.sideTheme','theme-dark','Y','admin','2024-09-28 12:29:01','',NULL,'深色主题theme-dark，浅色主题theme-light'),(4,'账号自助-验证码开关','sys.account.captchaEnabled','true','Y','admin','2024-09-28 12:29:01','',NULL,'是否开启验证码功能（true开启，false关闭）'),(5,'账号自助-是否开启用户注册功能','sys.account.registerUser','false','Y','admin','2024-09-28 12:29:01','',NULL,'是否开启注册用户功能（true开启，false关闭）'),(6,'用户登录-黑名单列表','sys.login.blackIPList','','Y','admin','2024-09-28 12:29:01','',NULL,'设置登录IP黑名单限制，多个匹配项以;分隔，支持匹配（*通配、网段）');
/*!40000 ALTER TABLE `sys_config` ENABLE KEYS */;
UNLOCK TABLES;

--
-- Table structure for table `sys_dept`
--

DROP TABLE IF EXISTS `sys_dept`;
/*!40101 SET @saved_cs_client     = @@character_set_client */;
/*!40101 SET character_set_client = utf8 */;
CREATE TABLE `sys_dept` (
  `dept_id` bigint(20) NOT NULL AUTO_INCREMENT COMMENT '部门id',
  `parent_id` bigint(20) DEFAULT '0' COMMENT '父部门id',
  `ancestors` varchar(50) COLLATE utf8mb4_unicode_ci DEFAULT '' COMMENT '祖级列表',
  `dept_name` varchar(30) COLLATE utf8mb4_unicode_ci DEFAULT '' COMMENT '部门名称',
  `order_num` int(4) DEFAULT '0' COMMENT '显示顺序',
  `leader` varchar(20) COLLATE utf8mb4_unicode_ci DEFAULT NULL COMMENT '负责人',
  `phone` varchar(11) COLLATE utf8mb4_unicode_ci DEFAULT NULL COMMENT '联系电话',
  `email` varchar(50) COLLATE utf8mb4_unicode_ci DEFAULT NULL COMMENT '邮箱',
  `status` char(1) COLLATE utf8mb4_unicode_ci DEFAULT '0' COMMENT '部门状态（0正常 1停用）',
  `del_flag` char(1) COLLATE utf8mb4_unicode_ci DEFAULT '0' COMMENT '删除标志（0代表存在 2代表删除）',
  `create_by` varchar(64) COLLATE utf8mb4_unicode_ci DEFAULT '' COMMENT '创建者',
  `create_time` datetime DEFAULT NULL COMMENT '创建时间',
  `update_by` varchar(64) COLLATE utf8mb4_unicode_ci DEFAULT '' COMMENT '更新者',
  `update_time` datetime DEFAULT NULL COMMENT '更新时间',
  PRIMARY KEY (`dept_id`)
) ENGINE=InnoDB AUTO_INCREMENT=111 DEFAULT CHARSET=utf8mb4 COLLATE=utf8mb4_unicode_ci COMMENT='部门表';
/*!40101 SET character_set_client = @saved_cs_client */;

--
-- Dumping data for table `sys_dept`
--

LOCK TABLES `sys_dept` WRITE;
/*!40000 ALTER TABLE `sys_dept` DISABLE KEYS */;
INSERT INTO `sys_dept` VALUES (100,0,'0','贵州师范大学',0,'若依','15888888888','ry@qq.com','0','0','admin','2024-09-28 12:28:59','admin','2024-09-29 02:31:35'),(101,100,'0,100','开发部',1,'若依','15888888888','ry@qq.com','0','0','admin','2024-09-28 12:28:59','admin','2024-09-29 02:34:49'),(102,100,'0,100','长沙分公司',2,'若依','15888888888','ry@qq.com','0','2','admin','2024-09-28 12:28:59','',NULL),(103,101,'0,100,101','开发人员',1,'若依','15888888888','ry@qq.com','0','0','admin','2024-09-28 12:28:59','admin','2024-09-29 02:32:31'),(104,101,'0,100,101','市场部门',2,'若依','15888888888','ry@qq.com','0','2','admin','2024-09-28 12:28:59','',NULL),(105,101,'0,100,101','测试部门',3,'若依','15888888888','ry@qq.com','0','2','admin','2024-09-28 12:28:59','',NULL),(106,101,'0,100,101','财务部门',4,'若依','15888888888','ry@qq.com','0','2','admin','2024-09-28 12:28:59','',NULL),(107,101,'0,100,101','运维部门',5,'若依','15888888888','ry@qq.com','0','2','admin','2024-09-28 12:28:59','',NULL),(108,102,'0,100,102','市场部门',1,'若依','15888888888','ry@qq.com','0','2','admin','2024-09-28 12:28:59','',NULL),(109,102,'0,100,102','财务部门',2,'若依','15888888888','ry@qq.com','0','2','admin','2024-09-28 12:28:59','',NULL),(110,101,'0,100,101','测试人员',2,NULL,NULL,NULL,'0','0','admin','2024-09-29 02:38:53','',NULL);
/*!40000 ALTER TABLE `sys_dept` ENABLE KEYS */;
UNLOCK TABLES;

--
-- Table structure for table `sys_dict_data`
--

DROP TABLE IF EXISTS `sys_dict_data`;
/*!40101 SET @saved_cs_client     = @@character_set_client */;
/*!40101 SET character_set_client = utf8 */;
CREATE TABLE `sys_dict_data` (
  `dict_code` bigint(20) NOT NULL AUTO_INCREMENT COMMENT '字典编码',
  `dict_sort` int(4) DEFAULT '0' COMMENT '字典排序',
  `dict_label` varchar(100) COLLATE utf8mb4_unicode_ci DEFAULT '' COMMENT '字典标签',
  `dict_value` varchar(100) COLLATE utf8mb4_unicode_ci DEFAULT '' COMMENT '字典键值',
  `dict_type` varchar(100) COLLATE utf8mb4_unicode_ci DEFAULT '' COMMENT '字典类型',
  `css_class` varchar(100) COLLATE utf8mb4_unicode_ci DEFAULT NULL COMMENT '样式属性（其他样式扩展）',
  `list_class` varchar(100) COLLATE utf8mb4_unicode_ci DEFAULT NULL COMMENT '表格回显样式',
  `is_default` char(1) COLLATE utf8mb4_unicode_ci DEFAULT 'N' COMMENT '是否默认（Y是 N否）',
  `status` char(1) COLLATE utf8mb4_unicode_ci DEFAULT '0' COMMENT '状态（0正常 1停用）',
  `create_by` varchar(64) COLLATE utf8mb4_unicode_ci DEFAULT '' COMMENT '创建者',
  `create_time` datetime DEFAULT NULL COMMENT '创建时间',
  `update_by` varchar(64) COLLATE utf8mb4_unicode_ci DEFAULT '' COMMENT '更新者',
  `update_time` datetime DEFAULT NULL COMMENT '更新时间',
  `remark` varchar(500) COLLATE utf8mb4_unicode_ci DEFAULT NULL COMMENT '备注',
  PRIMARY KEY (`dict_code`)
) ENGINE=InnoDB AUTO_INCREMENT=30 DEFAULT CHARSET=utf8mb4 COLLATE=utf8mb4_unicode_ci COMMENT='字典数据表';
/*!40101 SET character_set_client = @saved_cs_client */;

--
-- Dumping data for table `sys_dict_data`
--

LOCK TABLES `sys_dict_data` WRITE;
/*!40000 ALTER TABLE `sys_dict_data` DISABLE KEYS */;
INSERT INTO `sys_dict_data` VALUES (1,1,'男','0','sys_user_sex','','','Y','0','admin','2024-09-28 12:29:01','',NULL,'性别男'),(2,2,'女','1','sys_user_sex','','','N','0','admin','2024-09-28 12:29:01','',NULL,'性别女'),(3,3,'未知','2','sys_user_sex','','','N','0','admin','2024-09-28 12:29:01','',NULL,'性别未知'),(4,1,'显示','0','sys_show_hide','','primary','Y','0','admin','2024-09-28 12:29:01','',NULL,'显示菜单'),(5,2,'隐藏','1','sys_show_hide','','danger','N','0','admin','2024-09-28 12:29:01','',NULL,'隐藏菜单'),(6,1,'正常','0','sys_normal_disable','','primary','Y','0','admin','2024-09-28 12:29:01','',NULL,'正常状态'),(7,2,'停用','1','sys_normal_disable','','danger','N','0','admin','2024-09-28 12:29:01','',NULL,'停用状态'),(8,1,'正常','0','sys_job_status','','primary','Y','0','admin','2024-09-28 12:29:01','',NULL,'正常状态'),(9,2,'暂停','1','sys_job_status','','danger','N','0','admin','2024-09-28 12:29:01','',NULL,'停用状态'),(10,1,'默认','DEFAULT','sys_job_group','','','Y','0','admin','2024-09-28 12:29:01','',NULL,'默认分组'),(11,2,'系统','SYSTEM','sys_job_group','','','N','0','admin','2024-09-28 12:29:01','',NULL,'系统分组'),(12,1,'是','Y','sys_yes_no','','primary','Y','0','admin','2024-09-28 12:29:01','',NULL,'系统默认是'),(13,2,'否','N','sys_yes_no','','danger','N','0','admin','2024-09-28 12:29:01','',NULL,'系统默认否'),(14,1,'通知','1','sys_notice_type','','warning','Y','0','admin','2024-09-28 12:29:01','',NULL,'通知'),(15,2,'公告','2','sys_notice_type','','success','N','0','admin','2024-09-28 12:29:01','',NULL,'公告'),(16,1,'正常','0','sys_notice_status','','primary','Y','0','admin','2024-09-28 12:29:01','',NULL,'正常状态'),(17,2,'关闭','1','sys_notice_status','','danger','N','0','admin','2024-09-28 12:29:01','',NULL,'关闭状态'),(18,99,'其他','0','sys_oper_type','','info','N','0','admin','2024-09-28 12:29:01','',NULL,'其他操作'),(19,1,'新增','1','sys_oper_type','','info','N','0','admin','2024-09-28 12:29:01','',NULL,'新增操作'),(20,2,'修改','2','sys_oper_type','','info','N','0','admin','2024-09-28 12:29:01','',NULL,'修改操作'),(21,3,'删除','3','sys_oper_type','','danger','N','0','admin','2024-09-28 12:29:01','',NULL,'删除操作'),(22,4,'授权','4','sys_oper_type','','primary','N','0','admin','2024-09-28 12:29:01','',NULL,'授权操作'),(23,5,'导出','5','sys_oper_type','','warning','N','0','admin','2024-09-28 12:29:01','',NULL,'导出操作'),(24,6,'导入','6','sys_oper_type','','warning','N','0','admin','2024-09-28 12:29:01','',NULL,'导入操作'),(25,7,'强退','7','sys_oper_type','','danger','N','0','admin','2024-09-28 12:29:01','',NULL,'强退操作'),(26,8,'生成代码','8','sys_oper_type','','warning','N','0','admin','2024-09-28 12:29:01','',NULL,'生成操作'),(27,9,'清空数据','9','sys_oper_type','','danger','N','0','admin','2024-09-28 12:29:01','',NULL,'清空操作'),(28,1,'成功','0','sys_common_status','','primary','N','0','admin','2024-09-28 12:29:01','',NULL,'正常状态'),(29,2,'失败','1','sys_common_status','','danger','N','0','admin','2024-09-28 12:29:01','',NULL,'停用状态');
/*!40000 ALTER TABLE `sys_dict_data` ENABLE KEYS */;
UNLOCK TABLES;

--
-- Table structure for table `sys_dict_type`
--

DROP TABLE IF EXISTS `sys_dict_type`;
/*!40101 SET @saved_cs_client     = @@character_set_client */;
/*!40101 SET character_set_client = utf8 */;
CREATE TABLE `sys_dict_type` (
  `dict_id` bigint(20) NOT NULL AUTO_INCREMENT COMMENT '字典主键',
  `dict_name` varchar(100) COLLATE utf8mb4_unicode_ci DEFAULT '' COMMENT '字典名称',
  `dict_type` varchar(100) COLLATE utf8mb4_unicode_ci DEFAULT '' COMMENT '字典类型',
  `status` char(1) COLLATE utf8mb4_unicode_ci DEFAULT '0' COMMENT '状态（0正常 1停用）',
  `create_by` varchar(64) COLLATE utf8mb4_unicode_ci DEFAULT '' COMMENT '创建者',
  `create_time` datetime DEFAULT NULL COMMENT '创建时间',
  `update_by` varchar(64) COLLATE utf8mb4_unicode_ci DEFAULT '' COMMENT '更新者',
  `update_time` datetime DEFAULT NULL COMMENT '更新时间',
  `remark` varchar(500) COLLATE utf8mb4_unicode_ci DEFAULT NULL COMMENT '备注',
  PRIMARY KEY (`dict_id`),
  UNIQUE KEY `dict_type` (`dict_type`)
) ENGINE=InnoDB AUTO_INCREMENT=11 DEFAULT CHARSET=utf8mb4 COLLATE=utf8mb4_unicode_ci COMMENT='字典类型表';
/*!40101 SET character_set_client = @saved_cs_client */;

--
-- Dumping data for table `sys_dict_type`
--

LOCK TABLES `sys_dict_type` WRITE;
/*!40000 ALTER TABLE `sys_dict_type` DISABLE KEYS */;
INSERT INTO `sys_dict_type` VALUES (1,'用户性别','sys_user_sex','0','admin','2024-09-28 12:29:01','',NULL,'用户性别列表'),(2,'菜单状态','sys_show_hide','0','admin','2024-09-28 12:29:01','',NULL,'菜单状态列表'),(3,'系统开关','sys_normal_disable','0','admin','2024-09-28 12:29:01','',NULL,'系统开关列表'),(4,'任务状态','sys_job_status','0','admin','2024-09-28 12:29:01','',NULL,'任务状态列表'),(5,'任务分组','sys_job_group','0','admin','2024-09-28 12:29:01','',NULL,'任务分组列表'),(6,'系统是否','sys_yes_no','0','admin','2024-09-28 12:29:01','',NULL,'系统是否列表'),(7,'通知类型','sys_notice_type','0','admin','2024-09-28 12:29:01','',NULL,'通知类型列表'),(8,'通知状态','sys_notice_status','0','admin','2024-09-28 12:29:01','',NULL,'通知状态列表'),(9,'操作类型','sys_oper_type','0','admin','2024-09-28 12:29:01','',NULL,'操作类型列表'),(10,'系统状态','sys_common_status','0','admin','2024-09-28 12:29:01','',NULL,'登录状态列表');
/*!40000 ALTER TABLE `sys_dict_type` ENABLE KEYS */;
UNLOCK TABLES;

--
-- Table structure for table `sys_job`
--

DROP TABLE IF EXISTS `sys_job`;
/*!40101 SET @saved_cs_client     = @@character_set_client */;
/*!40101 SET character_set_client = utf8 */;
CREATE TABLE `sys_job` (
  `job_id` bigint(20) NOT NULL AUTO_INCREMENT COMMENT '任务ID',
  `job_name` varchar(64) COLLATE utf8mb4_unicode_ci NOT NULL DEFAULT '' COMMENT '任务名称',
  `job_group` varchar(64) COLLATE utf8mb4_unicode_ci NOT NULL DEFAULT 'DEFAULT' COMMENT '任务组名',
  `invoke_target` varchar(500) COLLATE utf8mb4_unicode_ci NOT NULL COMMENT '调用目标字符串',
  `cron_expression` varchar(255) COLLATE utf8mb4_unicode_ci DEFAULT '' COMMENT 'cron执行表达式',
  `misfire_policy` varchar(20) COLLATE utf8mb4_unicode_ci DEFAULT '3' COMMENT '计划执行错误策略（1立即执行 2执行一次 3放弃执行）',
  `concurrent` char(1) COLLATE utf8mb4_unicode_ci DEFAULT '1' COMMENT '是否并发执行（0允许 1禁止）',
  `status` char(1) COLLATE utf8mb4_unicode_ci DEFAULT '0' COMMENT '状态（0正常 1暂停）',
  `create_by` varchar(64) COLLATE utf8mb4_unicode_ci DEFAULT '' COMMENT '创建者',
  `create_time` datetime DEFAULT NULL COMMENT '创建时间',
  `update_by` varchar(64) COLLATE utf8mb4_unicode_ci DEFAULT '' COMMENT '更新者',
  `update_time` datetime DEFAULT NULL COMMENT '更新时间',
  `remark` varchar(500) COLLATE utf8mb4_unicode_ci DEFAULT '' COMMENT '备注信息',
  PRIMARY KEY (`job_id`,`job_name`,`job_group`)
) ENGINE=InnoDB AUTO_INCREMENT=4 DEFAULT CHARSET=utf8mb4 COLLATE=utf8mb4_unicode_ci COMMENT='定时任务调度表';
/*!40101 SET character_set_client = @saved_cs_client */;

--
-- Dumping data for table `sys_job`
--

LOCK TABLES `sys_job` WRITE;
/*!40000 ALTER TABLE `sys_job` DISABLE KEYS */;
INSERT INTO `sys_job` VALUES (1,'系统默认（无参）','DEFAULT','ryTask.ryNoParams','0/10 * * * * ?','3','1','1','admin','2024-09-28 12:29:01','',NULL,''),(2,'系统默认（有参）','DEFAULT','ryTask.ryParams(\'ry\')','0/15 * * * * ?','3','1','1','admin','2024-09-28 12:29:01','',NULL,''),(3,'系统默认（多参）','DEFAULT','ryTask.ryMultipleParams(\'ry\', true, 2000L, 316.50D, 100)','0/20 * * * * ?','3','1','1','admin','2024-09-28 12:29:01','',NULL,'');
/*!40000 ALTER TABLE `sys_job` ENABLE KEYS */;
UNLOCK TABLES;

--
-- Table structure for table `sys_job_log`
--

DROP TABLE IF EXISTS `sys_job_log`;
/*!40101 SET @saved_cs_client     = @@character_set_client */;
/*!40101 SET character_set_client = utf8 */;
CREATE TABLE `sys_job_log` (
  `job_log_id` bigint(20) NOT NULL AUTO_INCREMENT COMMENT '任务日志ID',
  `job_name` varchar(64) COLLATE utf8mb4_unicode_ci NOT NULL COMMENT '任务名称',
  `job_group` varchar(64) COLLATE utf8mb4_unicode_ci NOT NULL COMMENT '任务组名',
  `invoke_target` varchar(500) COLLATE utf8mb4_unicode_ci NOT NULL COMMENT '调用目标字符串',
  `job_message` varchar(500) COLLATE utf8mb4_unicode_ci DEFAULT NULL COMMENT '日志信息',
  `status` char(1) COLLATE utf8mb4_unicode_ci DEFAULT '0' COMMENT '执行状态（0正常 1失败）',
  `exception_info` varchar(2000) COLLATE utf8mb4_unicode_ci DEFAULT '' COMMENT '异常信息',
  `create_time` datetime DEFAULT NULL COMMENT '创建时间',
  PRIMARY KEY (`job_log_id`)
) ENGINE=InnoDB DEFAULT CHARSET=utf8mb4 COLLATE=utf8mb4_unicode_ci COMMENT='定时任务调度日志表';
/*!40101 SET character_set_client = @saved_cs_client */;

--
-- Dumping data for table `sys_job_log`
--

LOCK TABLES `sys_job_log` WRITE;
/*!40000 ALTER TABLE `sys_job_log` DISABLE KEYS */;
/*!40000 ALTER TABLE `sys_job_log` ENABLE KEYS */;
UNLOCK TABLES;

--
-- Table structure for table `sys_logininfor`
--

DROP TABLE IF EXISTS `sys_logininfor`;
/*!40101 SET @saved_cs_client     = @@character_set_client */;
/*!40101 SET character_set_client = utf8 */;
CREATE TABLE `sys_logininfor` (
  `info_id` bigint(20) NOT NULL AUTO_INCREMENT COMMENT '访问ID',
  `user_name` varchar(50) COLLATE utf8mb4_unicode_ci DEFAULT '' COMMENT '用户账号',
  `ipaddr` varchar(128) COLLATE utf8mb4_unicode_ci DEFAULT '' COMMENT '登录IP地址',
  `login_location` varchar(255) COLLATE utf8mb4_unicode_ci DEFAULT '' COMMENT '登录地点',
  `browser` varchar(50) COLLATE utf8mb4_unicode_ci DEFAULT '' COMMENT '浏览器类型',
  `os` varchar(50) COLLATE utf8mb4_unicode_ci DEFAULT '' COMMENT '操作系统',
  `status` char(1) COLLATE utf8mb4_unicode_ci DEFAULT '0' COMMENT '登录状态（0成功 1失败）',
  `msg` varchar(255) COLLATE utf8mb4_unicode_ci DEFAULT '' COMMENT '提示消息',
  `login_time` datetime DEFAULT NULL COMMENT '访问时间',
  PRIMARY KEY (`info_id`),
  KEY `idx_sys_logininfor_s` (`status`),
  KEY `idx_sys_logininfor_lt` (`login_time`)
) ENGINE=InnoDB AUTO_INCREMENT=81 DEFAULT CHARSET=utf8mb4 COLLATE=utf8mb4_unicode_ci COMMENT='系统访问记录';
/*!40101 SET character_set_client = @saved_cs_client */;

--
-- Dumping data for table `sys_logininfor`
--

LOCK TABLES `sys_logininfor` WRITE;
/*!40000 ALTER TABLE `sys_logininfor` DISABLE KEYS */;
INSERT INTO `sys_logininfor` VALUES (1,'admin','172.20.0.1','内网IP','Chrome 12','Windows 10','0','登录成功','2024-09-28 13:14:13'),(2,'admin','172.20.0.1','内网IP','Chrome 12','Windows 10','0','登录成功','2024-09-28 14:05:01'),(3,'admin','172.20.0.1','内网IP','Chrome 12','Windows 10','0','退出成功','2024-09-28 14:27:18'),(4,'admin','172.20.0.1','内网IP','Chrome 12','Windows 10','0','登录成功','2024-09-28 14:27:23'),(5,'admin','172.20.0.1','内网IP','Chrome 12','Windows 10','0','登录成功','2024-09-29 01:03:09'),(6,'admin','172.20.0.1','内网IP','Chrome 12','Windows 10','0','登录成功','2024-09-29 02:29:22'),(7,'admin','172.20.0.1','内网IP','Chrome 12','Windows 10','0','登录成功','2024-09-29 05:55:30'),(8,'admin','172.20.0.1','内网IP','Chrome 12','Windows 10','0','登录成功','2024-09-29 09:41:25'),(9,'admin','172.20.0.1','内网IP','Chrome 12','Windows 10','0','登录成功','2024-09-29 10:26:55'),(10,'admin','172.20.0.1','内网IP','Chrome 12','Windows 10','0','登录成功','2024-09-29 11:30:59'),(11,'admin','172.20.0.5','内网IP','Chrome 12','Windows 10','0','登录成功','2024-09-29 12:18:23'),(12,'admin','172.20.0.5','内网IP','Chrome 12','Windows 10','0','登录成功','2024-09-29 13:20:46'),(13,'admin','172.20.0.5','内网IP','Chrome 12','Windows 10','1','验证码已失效','2024-09-30 01:02:58'),(14,'admin','172.20.0.5','内网IP','Chrome 12','Windows 10','1','验证码错误','2024-09-30 01:03:02'),(15,'admin','172.20.0.5','内网IP','Chrome 12','Windows 10','0','登录成功','2024-09-30 01:03:06'),(16,'admin','172.20.0.5','内网IP','Chrome 12','Windows 10','1','验证码已失效','2024-10-06 08:44:44'),(17,'admin','172.20.0.5','内网IP','Chrome 12','Windows 10','0','登录成功','2024-10-06 08:44:47'),(18,'admin','172.20.0.5','内网IP','Chrome 12','Windows 10','0','登录成功','2024-10-06 11:42:55'),(19,'admin','172.20.0.5','内网IP','Chrome 12','Windows 10','0','登录成功','2024-10-06 13:04:01'),(20,'admin','172.20.0.5','内网IP','Chrome 12','Windows 10','1','验证码已失效','2024-10-07 13:08:22'),(21,'admin','172.20.0.5','内网IP','Chrome 12','Windows 10','0','登录成功','2024-10-07 13:08:27'),(22,'admin','172.20.0.5','内网IP','Chrome 12','Windows 10','0','登录成功','2024-10-07 13:44:56'),(23,'admin','172.20.0.5','内网IP','Chrome 12','Windows 10','0','登录成功','2024-10-07 13:45:05'),(24,'admin','172.20.0.5','内网IP','Chrome 12','Windows 10','0','登录成功','2024-10-07 14:03:49'),(25,'admin','172.20.0.5','内网IP','Chrome 12','Windows 10','0','登录成功','2024-10-07 14:04:10'),(26,'admin','172.20.0.5','内网IP','Chrome 12','Windows 10','0','登录成功','2024-10-07 14:11:08'),(27,'admin','172.20.0.5','内网IP','Chrome 12','Windows 10','1','验证码已失效','2024-10-07 14:23:03'),(28,'admin','172.20.0.5','内网IP','Chrome 12','Windows 10','0','登录成功','2024-10-07 14:23:06'),(29,'admin','172.20.0.5','内网IP','Chrome 12','Windows 10','0','登录成功','2024-10-07 14:23:34'),(30,'admin','172.20.0.5','内网IP','Chrome 12','Windows 10','0','登录成功','2024-10-07 14:23:48'),(31,'admin','172.20.0.5','内网IP','Chrome 12','Windows 10','0','登录成功','2024-10-07 14:24:07'),(32,'admin','172.20.0.5','内网IP','Chrome 12','Windows 10','1','验证码已失效','2024-10-07 14:30:49'),(33,'admin','172.20.0.5','内网IP','Chrome 12','Windows 10','0','登录成功','2024-10-07 14:30:53'),(34,'admin','172.20.0.5','内网IP','Chrome 12','Windows 10','1','验证码已失效','2024-10-07 14:33:12'),(35,'admin','172.20.0.5','内网IP','Chrome 12','Windows 10','0','登录成功','2024-10-07 14:33:16'),(36,'18085515237','172.20.0.5','内网IP','Chrome 13','Windows 10','1','用户不存在/密码错误','2024-10-07 14:34:48'),(37,'18085515237','172.20.0.5','内网IP','Chrome 13','Windows 10','1','验证码已失效','2024-10-07 14:37:00'),(38,'18085515237','172.20.0.5','内网IP','Chrome 13','Windows 10','1','用户不存在/密码错误','2024-10-07 14:37:03'),(39,'张三','172.20.0.5','内网IP','Chrome 13','Windows 10','0','登录成功','2024-10-07 14:38:27'),(40,'admin','172.20.0.5','内网IP','Chrome 13','Windows 10','1','验证码已失效','2024-10-08 00:47:40'),(41,'admin','172.20.0.5','内网IP','Chrome 13','Windows 10','1','验证码错误','2024-10-08 00:47:44'),(42,'admin','172.20.0.5','内网IP','Chrome 13','Windows 10','0','登录成功','2024-10-08 00:47:47'),(43,'admin','127.0.0.1','内网IP','Chrome 12','Windows 10','0','登录成功','2024-10-08 07:02:15'),(44,'张三','127.0.0.1','内网IP','Chrome 13','Windows 10','0','登录成功','2024-10-08 07:03:10'),(45,'admin','127.0.0.1','内网IP','Chrome 12','Windows 10','0','登录成功','2024-10-08 07:43:36'),(46,'admin','127.0.0.1','内网IP','Chrome 12','Windows 10','1','验证码错误','2024-10-08 10:38:22'),(47,'admin','127.0.0.1','内网IP','Chrome 12','Windows 10','0','登录成功','2024-10-08 10:38:25'),(48,'张三','127.0.0.1','内网IP','Chrome 13','Windows 10','1','验证码已失效','2024-10-08 10:40:58'),(49,'张三','127.0.0.1','内网IP','Chrome 13','Windows 10','0','登录成功','2024-10-08 10:41:03'),(50,'admin','127.0.0.1','内网IP','Chrome 12','Windows 10','0','退出成功','2024-10-08 10:51:31'),(51,'张三','127.0.0.1','内网IP','Chrome 13','Windows 10','0','退出成功','2024-10-08 10:51:32'),(52,'张三','127.0.0.1','内网IP','Chrome 13','Windows 10','0','登录成功','2024-10-08 11:31:17'),(53,'admin','127.0.0.1','内网IP','Chrome 12','Windows 10','0','登录成功','2024-10-08 11:32:08'),(54,'张三','127.0.0.1','内网IP','Chrome 13','Windows 10','0','退出成功','2024-10-08 11:32:38'),(55,'张三','127.0.0.1','内网IP','Chrome 13','Windows 10','0','登录成功','2024-10-08 11:32:41'),(56,'张三','127.0.0.1','内网IP','Chrome 13','Windows 10','0','登录成功','2024-10-08 11:34:20'),(57,'张三','127.0.0.1','内网IP','Chrome 13','Windows 10','0','登录成功','2024-10-08 11:45:03'),(58,'张三','127.0.0.1','内网IP','Chrome 13','Windows 10','0','退出成功','2024-10-08 12:03:53'),(59,'张三','127.0.0.1','内网IP','Chrome 13','Windows 10','0','登录成功','2024-10-08 12:03:58'),(60,'张三','127.0.0.1','内网IP','Chrome 13','Windows 10','0','退出成功','2024-10-08 12:22:34'),(61,'张三','127.0.0.1','内网IP','Chrome 13','Windows 10','0','登录成功','2024-10-08 12:22:37'),(62,'张三','127.0.0.1','内网IP','Chrome 13','Windows 10','0','退出成功','2024-10-08 12:23:00'),(63,'张三','127.0.0.1','内网IP','Chrome 13','Windows 10','0','登录成功','2024-10-08 12:23:03'),(64,'张三','127.0.0.1','内网IP','Chrome 13','Windows 10','0','登录成功','2024-10-09 00:42:41'),(65,'admin','127.0.0.1','内网IP','Chrome 12','Windows 10','0','登录成功','2024-10-09 00:42:56'),(66,'张三','127.0.0.1','内网IP','Chrome 13','Windows 10','0','登录成功','2024-10-09 09:34:05'),(67,'admin','127.0.0.1','内网IP','Chrome 12','Windows 10','0','登录成功','2024-10-09 09:34:34'),(68,'teacher','127.0.0.1','内网IP','Chrome 13','Windows 10','0','登录成功','2024-10-09 10:43:41'),(69,'admin','127.0.0.1','内网IP','Chrome 12','Windows 10','0','退出成功','2024-10-09 10:53:13'),(70,'admin','127.0.0.1','内网IP','Chrome 12','Windows 10','0','登录成功','2024-10-09 10:53:18'),(71,'admin','127.0.0.1','内网IP','Chrome 13','Windows 10','0','登录成功','2024-10-09 11:16:56'),(72,'admin','127.0.0.1','内网IP','Chrome 13','Windows 10','0','退出成功','2024-10-09 11:31:15'),(73,'teacher','127.0.0.1','内网IP','Chrome 13','Windows 10','0','登录成功','2024-10-09 11:31:25'),(74,'teacher','127.0.0.1','内网IP','Chrome 13','Windows 10','0','退出成功','2024-10-09 11:31:58'),(75,'teacher','127.0.0.1','内网IP','Chrome 13','Windows 10','0','登录成功','2024-10-09 11:32:11'),(76,'teacher','127.0.0.1','内网IP','Chrome 13','Windows 10','0','退出成功','2024-10-09 11:33:40'),(77,'teacher','127.0.0.1','内网IP','Chrome 13','Windows 10','1','验证码错误','2024-10-09 11:33:47'),(78,'teacher','127.0.0.1','内网IP','Chrome 13','Windows 10','0','登录成功','2024-10-09 11:33:49'),(79,'admin','127.0.0.1','内网IP','Chrome 12','Windows 10','1','验证码已失效','2024-10-10 00:45:40'),(80,'admin','127.0.0.1','内网IP','Chrome 12','Windows 10','0','登录成功','2024-10-10 00:45:43');
/*!40000 ALTER TABLE `sys_logininfor` ENABLE KEYS */;
UNLOCK TABLES;

--
-- Table structure for table `sys_menu`
--

DROP TABLE IF EXISTS `sys_menu`;
/*!40101 SET @saved_cs_client     = @@character_set_client */;
/*!40101 SET character_set_client = utf8 */;
CREATE TABLE `sys_menu` (
  `menu_id` bigint(20) NOT NULL AUTO_INCREMENT COMMENT '菜单ID',
  `menu_name` varchar(50) COLLATE utf8mb4_unicode_ci NOT NULL COMMENT '菜单名称',
  `parent_id` bigint(20) DEFAULT '0' COMMENT '父菜单ID',
  `order_num` int(4) DEFAULT '0' COMMENT '显示顺序',
  `path` varchar(200) COLLATE utf8mb4_unicode_ci DEFAULT '' COMMENT '路由地址',
  `component` varchar(255) COLLATE utf8mb4_unicode_ci DEFAULT NULL COMMENT '组件路径',
  `query` varchar(255) COLLATE utf8mb4_unicode_ci DEFAULT NULL COMMENT '路由参数',
  `route_name` varchar(50) COLLATE utf8mb4_unicode_ci DEFAULT '' COMMENT '路由名称',
  `is_frame` int(1) DEFAULT '1' COMMENT '是否为外链（0是 1否）',
  `is_cache` int(1) DEFAULT '0' COMMENT '是否缓存（0缓存 1不缓存）',
  `menu_type` char(1) COLLATE utf8mb4_unicode_ci DEFAULT '' COMMENT '菜单类型（M目录 C菜单 F按钮）',
  `visible` char(1) COLLATE utf8mb4_unicode_ci DEFAULT '0' COMMENT '菜单状态（0显示 1隐藏）',
  `status` char(1) COLLATE utf8mb4_unicode_ci DEFAULT '0' COMMENT '菜单状态（0正常 1停用）',
  `perms` varchar(100) COLLATE utf8mb4_unicode_ci DEFAULT NULL COMMENT '权限标识',
  `icon` varchar(100) COLLATE utf8mb4_unicode_ci DEFAULT '#' COMMENT '菜单图标',
  `create_by` varchar(64) COLLATE utf8mb4_unicode_ci DEFAULT '' COMMENT '创建者',
  `create_time` datetime DEFAULT NULL COMMENT '创建时间',
  `update_by` varchar(64) COLLATE utf8mb4_unicode_ci DEFAULT '' COMMENT '更新者',
  `update_time` datetime DEFAULT NULL COMMENT '更新时间',
  `remark` varchar(500) COLLATE utf8mb4_unicode_ci DEFAULT '' COMMENT '备注',
  PRIMARY KEY (`menu_id`)
) ENGINE=InnoDB AUTO_INCREMENT=1182 DEFAULT CHARSET=utf8mb4 COLLATE=utf8mb4_unicode_ci COMMENT='菜单权限表';
/*!40101 SET character_set_client = @saved_cs_client */;

--
-- Dumping data for table `sys_menu`
--

LOCK TABLES `sys_menu` WRITE;
/*!40000 ALTER TABLE `sys_menu` DISABLE KEYS */;
INSERT INTO `sys_menu` VALUES (1,'系统管理',0,2,'system',NULL,'','',1,0,'M','0','0','','system','admin','2024-09-28 12:29:00','admin','2024-09-29 10:58:44','系统管理目录'),(2,'系统监控',0,2,'monitor',NULL,'','',1,0,'M','0','0','','monitor','admin','2024-09-28 12:29:00','',NULL,'系统监控目录'),(3,'系统工具',0,3,'tool',NULL,'','',1,0,'M','0','0','','tool','admin','2024-09-28 12:29:00','',NULL,'系统工具目录'),(4,'若依官网',0,4,'http://ruoyi.vip',NULL,'','',0,0,'M','1','1','','guide','admin','2024-09-28 12:29:00','admin','2024-09-28 14:34:42','若依官网地址'),(100,'用户管理',1,1,'user','system/user/index','','',1,0,'C','0','0','system:user:list','user','admin','2024-09-28 12:29:00','admin','2024-09-29 01:07:53','用户管理菜单'),(101,'角色管理',1,2,'role','system/role/index','','',1,0,'C','0','0','system:role:list','peoples','admin','2024-09-28 12:29:00','',NULL,'角色管理菜单'),(102,'菜单管理',1,3,'menu','system/menu/index','','',1,0,'C','0','0','system:menu:list','tree-table','admin','2024-09-28 12:29:00','',NULL,'菜单管理菜单'),(103,'部门管理',1,4,'dept','system/dept/index','','',1,0,'C','0','0','system:dept:list','tree','admin','2024-09-28 12:29:00','',NULL,'部门管理菜单'),(104,'岗位管理',1,5,'post','system/post/index','','',1,0,'C','1','1','system:post:list','post','admin','2024-09-28 12:29:00','admin','2024-09-29 02:33:35','岗位管理菜单'),(105,'字典管理',1,6,'dict','system/dict/index','','',1,0,'C','0','0','system:dict:list','dict','admin','2024-09-28 12:29:00','',NULL,'字典管理菜单'),(106,'参数设置',1,7,'config','system/config/index','','',1,0,'C','0','0','system:config:list','edit','admin','2024-09-28 12:29:00','',NULL,'参数设置菜单'),(107,'通知公告',1,8,'notice','system/notice/index','','',1,0,'C','0','0','system:notice:list','message','admin','2024-09-28 12:29:00','',NULL,'通知公告菜单'),(108,'日志管理',1,9,'log','','','',1,0,'M','0','0','','log','admin','2024-09-28 12:29:00','',NULL,'日志管理菜单'),(109,'在线用户',2,1,'online','monitor/online/index','','',1,0,'C','0','0','monitor:online:list','online','admin','2024-09-28 12:29:00','',NULL,'在线用户菜单'),(110,'定时任务',2,2,'job','monitor/job/index','','',1,0,'C','0','0','monitor:job:list','job','admin','2024-09-28 12:29:00','',NULL,'定时任务菜单'),(111,'数据监控',2,3,'druid','monitor/druid/index','','',1,0,'C','0','0','monitor:druid:list','druid','admin','2024-09-28 12:29:00','',NULL,'数据监控菜单'),(112,'服务监控',2,4,'server','monitor/server/index','','',1,0,'C','0','0','monitor:server:list','server','admin','2024-09-28 12:29:00','',NULL,'服务监控菜单'),(113,'缓存监控',2,5,'cache','monitor/cache/index','','',1,0,'C','0','0','monitor:cache:list','redis','admin','2024-09-28 12:29:00','',NULL,'缓存监控菜单'),(114,'缓存列表',2,6,'cacheList','monitor/cache/list','','',1,0,'C','0','0','monitor:cache:list','redis-list','admin','2024-09-28 12:29:00','',NULL,'缓存列表菜单'),(115,'表单构建',3,1,'build','tool/build/index','','',1,0,'C','0','1','tool:build:list','build','admin','2024-09-28 12:29:00','admin','2024-10-09 01:12:29','表单构建菜单'),(116,'代码生成',3,2,'gen','tool/gen/index','','',1,0,'C','0','0','tool:gen:list','code','admin','2024-09-28 12:29:00','',NULL,'代码生成菜单'),(117,'系统接口',3,3,'swagger','tool/swagger/index','','',1,0,'C','0','0','tool:swagger:list','swagger','admin','2024-09-28 12:29:00','',NULL,'系统接口菜单'),(500,'操作日志',108,1,'operlog','monitor/operlog/index','','',1,0,'C','0','0','monitor:operlog:list','form','admin','2024-09-28 12:29:00','',NULL,'操作日志菜单'),(501,'登录日志',108,2,'logininfor','monitor/logininfor/index','','',1,0,'C','0','0','monitor:logininfor:list','logininfor','admin','2024-09-28 12:29:00','',NULL,'登录日志菜单'),(1000,'用户查询',100,1,'','','','',1,0,'F','0','0','system:user:query','#','admin','2024-09-28 12:29:00','',NULL,''),(1001,'用户新增',100,2,'','','','',1,0,'F','0','0','system:user:add','#','admin','2024-09-28 12:29:00','',NULL,''),(1002,'用户修改',100,3,'','','','',1,0,'F','0','0','system:user:edit','#','admin','2024-09-28 12:29:00','',NULL,''),(1003,'用户删除',100,4,'','','','',1,0,'F','0','0','system:user:remove','#','admin','2024-09-28 12:29:00','',NULL,''),(1004,'用户导出',100,5,'','','','',1,0,'F','0','0','system:user:export','#','admin','2024-09-28 12:29:00','',NULL,''),(1005,'用户导入',100,6,'','','','',1,0,'F','0','0','system:user:import','#','admin','2024-09-28 12:29:00','',NULL,''),(1006,'重置密码',100,7,'','','','',1,0,'F','0','0','system:user:resetPwd','#','admin','2024-09-28 12:29:00','',NULL,''),(1007,'角色查询',101,1,'','','','',1,0,'F','0','0','system:role:query','#','admin','2024-09-28 12:29:00','',NULL,''),(1008,'角色新增',101,2,'','','','',1,0,'F','0','0','system:role:add','#','admin','2024-09-28 12:29:00','',NULL,''),(1009,'角色修改',101,3,'','','','',1,0,'F','0','0','system:role:edit','#','admin','2024-09-28 12:29:00','',NULL,''),(1010,'角色删除',101,4,'','','','',1,0,'F','0','0','system:role:remove','#','admin','2024-09-28 12:29:00','',NULL,''),(1011,'角色导出',101,5,'','','','',1,0,'F','0','0','system:role:export','#','admin','2024-09-28 12:29:00','',NULL,''),(1012,'菜单查询',102,1,'','','','',1,0,'F','0','0','system:menu:query','#','admin','2024-09-28 12:29:00','',NULL,''),(1013,'菜单新增',102,2,'','','','',1,0,'F','0','0','system:menu:add','#','admin','2024-09-28 12:29:00','',NULL,''),(1014,'菜单修改',102,3,'','','','',1,0,'F','0','0','system:menu:edit','#','admin','2024-09-28 12:29:00','',NULL,''),(1015,'菜单删除',102,4,'','','','',1,0,'F','0','0','system:menu:remove','#','admin','2024-09-28 12:29:00','',NULL,''),(1016,'部门查询',103,1,'','','','',1,0,'F','0','0','system:dept:query','#','admin','2024-09-28 12:29:00','',NULL,''),(1017,'部门新增',103,2,'','','','',1,0,'F','0','0','system:dept:add','#','admin','2024-09-28 12:29:00','',NULL,''),(1018,'部门修改',103,3,'','','','',1,0,'F','0','0','system:dept:edit','#','admin','2024-09-28 12:29:00','',NULL,''),(1019,'部门删除',103,4,'','','','',1,0,'F','0','0','system:dept:remove','#','admin','2024-09-28 12:29:00','',NULL,''),(1020,'岗位查询',104,1,'','','','',1,0,'F','0','0','system:post:query','#','admin','2024-09-28 12:29:00','',NULL,''),(1021,'岗位新增',104,2,'','','','',1,0,'F','0','0','system:post:add','#','admin','2024-09-28 12:29:00','',NULL,''),(1022,'岗位修改',104,3,'','','','',1,0,'F','0','0','system:post:edit','#','admin','2024-09-28 12:29:00','',NULL,''),(1023,'岗位删除',104,4,'','','','',1,0,'F','0','0','system:post:remove','#','admin','2024-09-28 12:29:00','',NULL,''),(1024,'岗位导出',104,5,'','','','',1,0,'F','0','0','system:post:export','#','admin','2024-09-28 12:29:00','',NULL,''),(1025,'字典查询',105,1,'#','','','',1,0,'F','0','0','system:dict:query','#','admin','2024-09-28 12:29:00','',NULL,''),(1026,'字典新增',105,2,'#','','','',1,0,'F','0','0','system:dict:add','#','admin','2024-09-28 12:29:00','',NULL,''),(1027,'字典修改',105,3,'#','','','',1,0,'F','0','0','system:dict:edit','#','admin','2024-09-28 12:29:00','',NULL,''),(1028,'字典删除',105,4,'#','','','',1,0,'F','0','0','system:dict:remove','#','admin','2024-09-28 12:29:00','',NULL,''),(1029,'字典导出',105,5,'#','','','',1,0,'F','0','0','system:dict:export','#','admin','2024-09-28 12:29:00','',NULL,''),(1030,'参数查询',106,1,'#','','','',1,0,'F','0','0','system:config:query','#','admin','2024-09-28 12:29:00','',NULL,''),(1031,'参数新增',106,2,'#','','','',1,0,'F','0','0','system:config:add','#','admin','2024-09-28 12:29:00','',NULL,''),(1032,'参数修改',106,3,'#','','','',1,0,'F','0','0','system:config:edit','#','admin','2024-09-28 12:29:00','',NULL,''),(1033,'参数删除',106,4,'#','','','',1,0,'F','0','0','system:config:remove','#','admin','2024-09-28 12:29:00','',NULL,''),(1034,'参数导出',106,5,'#','','','',1,0,'F','0','0','system:config:export','#','admin','2024-09-28 12:29:00','',NULL,''),(1035,'公告查询',107,1,'#','','','',1,0,'F','0','0','system:notice:query','#','admin','2024-09-28 12:29:00','',NULL,''),(1036,'公告新增',107,2,'#','','','',1,0,'F','0','0','system:notice:add','#','admin','2024-09-28 12:29:00','',NULL,''),(1037,'公告修改',107,3,'#','','','',1,0,'F','0','0','system:notice:edit','#','admin','2024-09-28 12:29:00','',NULL,''),(1038,'公告删除',107,4,'#','','','',1,0,'F','0','0','system:notice:remove','#','admin','2024-09-28 12:29:00','',NULL,''),(1039,'操作查询',500,1,'#','','','',1,0,'F','0','0','monitor:operlog:query','#','admin','2024-09-28 12:29:00','',NULL,''),(1040,'操作删除',500,2,'#','','','',1,0,'F','0','0','monitor:operlog:remove','#','admin','2024-09-28 12:29:00','',NULL,''),(1041,'日志导出',500,3,'#','','','',1,0,'F','0','0','monitor:operlog:export','#','admin','2024-09-28 12:29:00','',NULL,''),(1042,'登录查询',501,1,'#','','','',1,0,'F','0','0','monitor:logininfor:query','#','admin','2024-09-28 12:29:00','',NULL,''),(1043,'登录删除',501,2,'#','','','',1,0,'F','0','0','monitor:logininfor:remove','#','admin','2024-09-28 12:29:00','',NULL,''),(1044,'日志导出',501,3,'#','','','',1,0,'F','0','0','monitor:logininfor:export','#','admin','2024-09-28 12:29:00','',NULL,''),(1045,'账户解锁',501,4,'#','','','',1,0,'F','0','0','monitor:logininfor:unlock','#','admin','2024-09-28 12:29:00','',NULL,''),(1046,'在线查询',109,1,'#','','','',1,0,'F','0','0','monitor:online:query','#','admin','2024-09-28 12:29:00','',NULL,''),(1047,'批量强退',109,2,'#','','','',1,0,'F','0','0','monitor:online:batchLogout','#','admin','2024-09-28 12:29:00','',NULL,''),(1048,'单条强退',109,3,'#','','','',1,0,'F','0','0','monitor:online:forceLogout','#','admin','2024-09-28 12:29:00','',NULL,''),(1049,'任务查询',110,1,'#','','','',1,0,'F','0','0','monitor:job:query','#','admin','2024-09-28 12:29:00','',NULL,''),(1050,'任务新增',110,2,'#','','','',1,0,'F','0','0','monitor:job:add','#','admin','2024-09-28 12:29:00','',NULL,''),(1051,'任务修改',110,3,'#','','','',1,0,'F','0','0','monitor:job:edit','#','admin','2024-09-28 12:29:00','',NULL,''),(1052,'任务删除',110,4,'#','','','',1,0,'F','0','0','monitor:job:remove','#','admin','2024-09-28 12:29:00','',NULL,''),(1053,'状态修改',110,5,'#','','','',1,0,'F','0','0','monitor:job:changeStatus','#','admin','2024-09-28 12:29:00','',NULL,''),(1054,'任务导出',110,6,'#','','','',1,0,'F','0','0','monitor:job:export','#','admin','2024-09-28 12:29:00','',NULL,''),(1055,'生成查询',116,1,'#','','','',1,0,'F','0','0','tool:gen:query','#','admin','2024-09-28 12:29:00','',NULL,''),(1056,'生成修改',116,2,'#','','','',1,0,'F','0','0','tool:gen:edit','#','admin','2024-09-28 12:29:00','',NULL,''),(1057,'生成删除',116,3,'#','','','',1,0,'F','0','0','tool:gen:remove','#','admin','2024-09-28 12:29:00','',NULL,''),(1058,'导入代码',116,4,'#','','','',1,0,'F','0','0','tool:gen:import','#','admin','2024-09-28 12:29:00','',NULL,''),(1059,'预览代码',116,5,'#','','','',1,0,'F','0','0','tool:gen:preview','#','admin','2024-09-28 12:29:00','',NULL,''),(1060,'生成代码',116,6,'#','','','',1,0,'F','0','0','tool:gen:code','#','admin','2024-09-28 12:29:00','',NULL,''),(1158,'贫困资助',0,1,'financial','poor/financial/index',NULL,'',1,0,'C','0','0','poor:financial:list','money','admin','2024-10-06 11:53:41','admin','2024-10-09 11:26:53','贫困资助菜单'),(1159,'贫困资助查询',1158,1,'#','',NULL,'',1,0,'F','0','0','poor:financial:query','#','admin','2024-10-06 11:53:41','',NULL,''),(1160,'贫困资助新增',1158,2,'#','',NULL,'',1,0,'F','0','0','poor:financial:add','#','admin','2024-10-06 11:53:41','',NULL,''),(1161,'贫困资助修改',1158,3,'#','',NULL,'',1,0,'F','0','0','poor:financial:edit','#','admin','2024-10-06 11:53:41','',NULL,''),(1162,'贫困资助删除',1158,4,'#','',NULL,'',1,0,'F','0','0','poor:financial:remove','#','admin','2024-10-06 11:53:41','',NULL,''),(1163,'贫困资助导出',1158,5,'#','',NULL,'',1,0,'F','0','0','poor:financial:export','#','admin','2024-10-06 11:53:41','',NULL,''),(1164,'贫困申请',0,1,'application','poor/application/index',NULL,'',1,0,'C','0','0','poor:application:list','log','admin','2024-10-06 11:53:41','admin','2024-10-09 11:27:15','贫困申请菜单'),(1165,'贫困申请查询',1164,1,'#','',NULL,'',1,0,'F','0','0','poor:application:query','#','admin','2024-10-06 11:53:41','',NULL,''),(1166,'贫困申请新增',1164,2,'#','',NULL,'',1,0,'F','0','0','poor:application:add','#','admin','2024-10-06 11:53:41','',NULL,''),(1167,'贫困申请修改',1164,3,'#','',NULL,'',1,0,'F','0','0','poor:application:edit','#','admin','2024-10-06 11:53:41','',NULL,''),(1168,'贫困申请删除',1164,4,'#','',NULL,'',1,0,'F','0','0','poor:application:remove','#','admin','2024-10-06 11:53:41','',NULL,''),(1169,'贫困申请导出',1164,5,'#','',NULL,'',1,0,'F','0','0','poor:application:export','#','admin','2024-10-06 11:53:41','',NULL,''),(1170,'学生信息',0,1,'student','poor/student/index',NULL,'',1,0,'C','0','0','poor:student:list','form','admin','2024-10-06 11:53:41','admin','2024-10-09 11:27:25','学生信息菜单'),(1171,'学生信息查询',1170,1,'#','',NULL,'',1,0,'F','0','0','poor:student:query','#','admin','2024-10-06 11:53:41','',NULL,''),(1172,'学生信息新增',1170,2,'#','',NULL,'',1,0,'F','0','0','poor:student:add','#','admin','2024-10-06 11:53:41','',NULL,''),(1173,'学生信息修改',1170,3,'#','',NULL,'',1,0,'F','0','0','poor:student:edit','#','admin','2024-10-06 11:53:41','',NULL,''),(1174,'学生信息删除',1170,4,'#','',NULL,'',1,0,'F','0','0','poor:student:remove','#','admin','2024-10-06 11:53:41','',NULL,''),(1175,'学生信息导出',1170,5,'#','',NULL,'',1,0,'F','0','0','poor:student:export','#','admin','2024-10-06 11:53:41','',NULL,''),(1176,'教师信息',0,1,'teacher','poor/teacher/index',NULL,'',1,0,'C','0','0','poor:teacher:list','form','admin','2024-10-06 11:53:41','admin','2024-10-09 11:27:39','教师信息菜单'),(1177,'教师信息查询',1176,1,'#','',NULL,'',1,0,'F','0','0','poor:teacher:query','#','admin','2024-10-06 11:53:41','',NULL,''),(1178,'教师信息新增',1176,2,'#','',NULL,'',1,0,'F','0','0','poor:teacher:add','#','admin','2024-10-06 11:53:41','',NULL,''),(1179,'教师信息修改',1176,3,'#','',NULL,'',1,0,'F','0','0','poor:teacher:edit','#','admin','2024-10-06 11:53:41','',NULL,''),(1180,'教师信息删除',1176,4,'#','',NULL,'',1,0,'F','0','0','poor:teacher:remove','#','admin','2024-10-06 11:53:41','',NULL,''),(1181,'教师信息导出',1176,5,'#','',NULL,'',1,0,'F','0','0','poor:teacher:export','#','admin','2024-10-06 11:53:41','',NULL,'');
/*!40000 ALTER TABLE `sys_menu` ENABLE KEYS */;
UNLOCK TABLES;

--
-- Table structure for table `sys_notice`
--

DROP TABLE IF EXISTS `sys_notice`;
/*!40101 SET @saved_cs_client     = @@character_set_client */;
/*!40101 SET character_set_client = utf8 */;
CREATE TABLE `sys_notice` (
  `notice_id` int(4) NOT NULL AUTO_INCREMENT COMMENT '公告ID',
  `notice_title` varchar(50) COLLATE utf8mb4_unicode_ci NOT NULL COMMENT '公告标题',
  `notice_type` char(1) COLLATE utf8mb4_unicode_ci NOT NULL COMMENT '公告类型（1通知 2公告）',
  `notice_content` longblob COMMENT '公告内容',
  `status` char(1) COLLATE utf8mb4_unicode_ci DEFAULT '0' COMMENT '公告状态（0正常 1关闭）',
  `create_by` varchar(64) COLLATE utf8mb4_unicode_ci DEFAULT '' COMMENT '创建者',
  `create_time` datetime DEFAULT NULL COMMENT '创建时间',
  `update_by` varchar(64) COLLATE utf8mb4_unicode_ci DEFAULT '' COMMENT '更新者',
  `update_time` datetime DEFAULT NULL COMMENT '更新时间',
  `remark` varchar(255) COLLATE utf8mb4_unicode_ci DEFAULT NULL COMMENT '备注',
  PRIMARY KEY (`notice_id`)
) ENGINE=InnoDB AUTO_INCREMENT=3 DEFAULT CHARSET=utf8mb4 COLLATE=utf8mb4_unicode_ci COMMENT='通知公告表';
/*!40101 SET character_set_client = @saved_cs_client */;

--
-- Dumping data for table `sys_notice`
--

LOCK TABLES `sys_notice` WRITE;
/*!40000 ALTER TABLE `sys_notice` DISABLE KEYS */;
INSERT INTO `sys_notice` VALUES (1,'温馨提醒：2018-07-01 若依新版本发布啦','2',_binary '新版本内容','0','admin','2024-09-28 12:29:01','',NULL,'管理员'),(2,'维护通知：2018-07-01 若依系统凌晨维护','1',_binary '维护内容','0','admin','2024-09-28 12:29:01','',NULL,'管理员');
/*!40000 ALTER TABLE `sys_notice` ENABLE KEYS */;
UNLOCK TABLES;

--
-- Table structure for table `sys_oper_log`
--

DROP TABLE IF EXISTS `sys_oper_log`;
/*!40101 SET @saved_cs_client     = @@character_set_client */;
/*!40101 SET character_set_client = utf8 */;
CREATE TABLE `sys_oper_log` (
  `oper_id` bigint(20) NOT NULL AUTO_INCREMENT COMMENT '日志主键',
  `title` varchar(50) COLLATE utf8mb4_unicode_ci DEFAULT '' COMMENT '模块标题',
  `business_type` int(2) DEFAULT '0' COMMENT '业务类型（0其它 1新增 2修改 3删除）',
  `method` varchar(200) COLLATE utf8mb4_unicode_ci DEFAULT '' COMMENT '方法名称',
  `request_method` varchar(10) COLLATE utf8mb4_unicode_ci DEFAULT '' COMMENT '请求方式',
  `operator_type` int(1) DEFAULT '0' COMMENT '操作类别（0其它 1后台用户 2手机端用户）',
  `oper_name` varchar(50) COLLATE utf8mb4_unicode_ci DEFAULT '' COMMENT '操作人员',
  `dept_name` varchar(50) COLLATE utf8mb4_unicode_ci DEFAULT '' COMMENT '部门名称',
  `oper_url` varchar(255) COLLATE utf8mb4_unicode_ci DEFAULT '' COMMENT '请求URL',
  `oper_ip` varchar(128) COLLATE utf8mb4_unicode_ci DEFAULT '' COMMENT '主机地址',
  `oper_location` varchar(255) COLLATE utf8mb4_unicode_ci DEFAULT '' COMMENT '操作地点',
  `oper_param` varchar(2000) COLLATE utf8mb4_unicode_ci DEFAULT '' COMMENT '请求参数',
  `json_result` varchar(2000) COLLATE utf8mb4_unicode_ci DEFAULT '' COMMENT '返回参数',
  `status` int(1) DEFAULT '0' COMMENT '操作状态（0正常 1异常）',
  `error_msg` varchar(2000) COLLATE utf8mb4_unicode_ci DEFAULT '' COMMENT '错误消息',
  `oper_time` datetime DEFAULT NULL COMMENT '操作时间',
  `cost_time` bigint(20) DEFAULT '0' COMMENT '消耗时间',
  PRIMARY KEY (`oper_id`),
  KEY `idx_sys_oper_log_bt` (`business_type`),
  KEY `idx_sys_oper_log_s` (`status`),
  KEY `idx_sys_oper_log_ot` (`oper_time`)
) ENGINE=InnoDB AUTO_INCREMENT=262 DEFAULT CHARSET=utf8mb4 COLLATE=utf8mb4_unicode_ci COMMENT='操作日志记录';
/*!40101 SET character_set_client = @saved_cs_client */;

--
-- Dumping data for table `sys_oper_log`
--

LOCK TABLES `sys_oper_log` WRITE;
/*!40000 ALTER TABLE `sys_oper_log` DISABLE KEYS */;
INSERT INTO `sys_oper_log` VALUES (1,'创建表',0,'com.ruoyi.generator.controller.GenController.createTableSave()','POST',1,'admin','研发部门','/tool/gen/createTable','172.20.0.1','内网IP','{\"sql\":\"-- 学生信息表\\nCREATE TABLE `student_info` (\\n  `student_id` VARCHAR(20) PRIMARY KEY COMMENT \'学号\',\\n  `name` VARCHAR(50) NOT NULL COMMENT \'姓名\',\\n  `gender` CHAR(1) NOT NULL COMMENT \'性别\',\\n  `age` INT NOT NULL COMMENT \'年龄\',\\n  `college` VARCHAR(100) NOT NULL COMMENT \'学院\',\\n  `major` VARCHAR(100) NOT NULL COMMENT \'专业\',\\n  `grade` VARCHAR(20) NOT NULL COMMENT \'年级\',\\n  `contact` VARCHAR(20) NOT NULL COMMENT \'联系方式\',\\n  `family_address` VARCHAR(255) NOT NULL COMMENT \'家庭住址\',\\n  `family_income` DECIMAL(10,2) NOT NULL COMMENT \'家庭年收入\',\\n  `create_time` DATETIME DEFAULT CURRENT_TIMESTAMP COMMENT \'创建时间\',\\n  `update_time` DATETIME DEFAULT CURRENT_TIMESTAMP ON UPDATE CURRENT_TIMESTAMP COMMENT \'更新时间\'\\n);\\n\\n-- 贫困申请表\\nCREATE TABLE `poverty_application` (\\n  `application_id` INT AUTO_INCREMENT PRIMARY KEY COMMENT \'申请ID\',\\n  `student_id` VARCHAR(20) NOT NULL COMMENT \'学号\',\\n  `application_date` DATE NOT NULL COMMENT \'申请日期\',\\n  `poverty_reason` TEXT NOT NULL COMMENT \'贫困原因\',\\n  `supporting_documents` TEXT COMMENT \'证明材料\',\\n  `status` ENUM(\'待审核\', \'已通过\', \'已拒绝\') NOT NULL DEFAULT \'待审核\' COMMENT \'审核状态\',\\n  `reviewer_id` VARCHAR(20) COMMENT \'审核人ID\',\\n  `review_date` DATE COMMENT \'审核日期\',\\n  `review_comments` TEXT COMMENT \'审核意见\',\\n  FOREIGN KEY (student_id) REFERENCES student_info(student_id)\\n);\\n\\n-- 资助信息表\\nCREATE TABLE `financial_aid` (\\n  `aid_id` INT AUTO_INCREMENT PRIMARY KEY COMMENT \'资助ID\',\\n  `student_id` VARCHAR(20) NOT NULL COMMENT \'学号\',\\n  `aid_type` VARCHAR(50) NOT NULL COMMENT \'资助类型\',\\n  `aid_amount` DECIMAL(10,2) NOT NULL COMMENT \'资助金额\',\\n  `grant_date` DATE NOT NULL COMMENT \'发放日期\',\\n  `grant_status` ENUM(\'待发放\', \'已发放\', \'已取消\') NOT NULL DEFAULT \'待发放\' COMMENT \'发放状态\',\\n  FOREIGN KEY (student_id) REFERENCES student_info(student_id)\\n);\\n\\n-- 通知公告表\\nCREATE TABLE `announcement` (\\n  `announcement_id` INT AUTO_INCREMENT PRIMARY KEY COMMENT \'通知ID\',\\n  `title` VARCHAR(100) NOT NULL COMMENT \'标题\',\\n  `content` TEXT NOT NULL COMMENT \'内容\',\\n  `publish_date` DATETIME NOT NULL COMMENT \'发布日期\',\\n ','{\"msg\":\"创建表结构异常\",\"code\":500}',0,NULL,'2024-09-28 14:05:53',55),(2,'创建表',0,'com.ruoyi.generator.controller.GenController.createTableSave()','POST',1,'admin','研发部门','/tool/gen/createTable','172.20.0.1','内网IP','{\"sql\":\"-- 学生信息表\\nCREATE TABLE `student_info` (\\n  `student_id` VARCHAR(20) PRIMARY KEY COMMENT \'学号\',\\n  `name` VARCHAR(50) NOT NULL COMMENT \'姓名\',\\n  `gender` CHAR(1) NOT NULL COMMENT \'性别\',\\n  `age` INT NOT NULL COMMENT \'年龄\',\\n  `college` VARCHAR(100) NOT NULL COMMENT \'学院\',\\n  `major` VARCHAR(100) NOT NULL COMMENT \'专业\',\\n  `grade` VARCHAR(20) NOT NULL COMMENT \'年级\',\\n  `contact` VARCHAR(20) NOT NULL COMMENT \'联系方式\',\\n  `family_address` VARCHAR(255) NOT NULL COMMENT \'家庭住址\',\\n  `family_income` DECIMAL(10,2) NOT NULL COMMENT \'家庭年收入\',\\n  `create_time` DATETIME DEFAULT CURRENT_TIMESTAMP COMMENT \'创建时间\',\\n  `update_time` DATETIME DEFAULT CURRENT_TIMESTAMP ON UPDATE CURRENT_TIMESTAMP COMMENT \'更新时间\'\\n);\\n\\n-- 贫困申请表\\nCREATE TABLE `poverty_application` (\\n  `application_id` INT AUTO_INCREMENT PRIMARY KEY COMMENT \'申请ID\',\\n  `student_id` VARCHAR(20) NOT NULL COMMENT \'学号\',\\n  `application_date` DATE NOT NULL COMMENT \'申请日期\',\\n  `poverty_reason` TEXT NOT NULL COMMENT \'贫困原因\',\\n  `supporting_documents` TEXT COMMENT \'证明材料\',\\n  `status` ENUM(\'待审核\', \'已通过\', \'已拒绝\') NOT NULL DEFAULT \'待审核\' COMMENT \'审核状态\',\\n  `reviewer_id` VARCHAR(20) COMMENT \'审核人ID\',\\n  `review_date` DATE COMMENT \'审核日期\',\\n  `review_comments` TEXT COMMENT \'审核意见\',\\n  FOREIGN KEY (student_id) REFERENCES student_info(student_id)\\n);\\n\\n-- 资助信息表\\nCREATE TABLE `financial_aid` (\\n  `aid_id` INT AUTO_INCREMENT PRIMARY KEY COMMENT \'资助ID\',\\n  `student_id` VARCHAR(20) NOT NULL COMMENT \'学号\',\\n  `aid_type` VARCHAR(50) NOT NULL COMMENT \'资助类型\',\\n  `aid_amount` DECIMAL(10,2) NOT NULL COMMENT \'资助金额\',\\n  `grant_date` DATE NOT NULL COMMENT \'发放日期\',\\n  `grant_status` ENUM(\'待发放\', \'已发放\', \'已取消\') NOT NULL DEFAULT \'待发放\' COMMENT \'发放状态\',\\n  FOREIGN KEY (student_id) REFERENCES student_info(student_id)\\n);\\n\\n-- 通知公告表\\nCREATE TABLE `announcement` (\\n  `announcement_id` INT AUTO_INCREMENT PRIMARY KEY COMMENT \'通知ID\',\\n  `title` VARCHAR(100) NOT NULL COMMENT \'标题\',\\n  `content` TEXT NOT NULL COMMENT \'内容\',\\n  `publish_date` DATETIME NOT NULL COMMENT \'发布日期\',\\n ','{\"msg\":\"创建表结构异常\",\"code\":500}',0,NULL,'2024-09-28 14:06:06',6),(3,'创建表',0,'com.ruoyi.generator.controller.GenController.createTableSave()','POST',1,'admin','研发部门','/tool/gen/createTable','172.20.0.1','内网IP','{\"sql\":\"-- 学生信息表\\nCREATE TABLE `student_info` (\\n  `student_id` VARCHAR(20) PRIMARY KEY COMMENT \'学号\',\\n  `name` VARCHAR(50) NOT NULL COMMENT \'姓名\',\\n  `gender` CHAR(1) NOT NULL COMMENT \'性别\',\\n  `age` INT NOT NULL COMMENT \'年龄\',\\n  `college` VARCHAR(100) NOT NULL COMMENT \'学院\',\\n  `major` VARCHAR(100) NOT NULL COMMENT \'专业\',\\n  `grade` VARCHAR(20) NOT NULL COMMENT \'年级\',\\n  `contact` VARCHAR(20) NOT NULL COMMENT \'联系方式\',\\n  `family_address` VARCHAR(255) NOT NULL COMMENT \'家庭住址\',\\n  `family_income` DECIMAL(10,2) NOT NULL COMMENT \'家庭年收入\',\\n  `create_time` DATETIME DEFAULT CURRENT_TIMESTAMP COMMENT \'创建时间\',\\n  `update_time` DATETIME DEFAULT CURRENT_TIMESTAMP ON UPDATE CURRENT_TIMESTAMP COMMENT \'更新时间\'\\n);\\n\"}','{\"msg\":\"创建表结构异常\",\"code\":500}',0,NULL,'2024-09-28 14:06:52',3),(4,'创建表',0,'com.ruoyi.generator.controller.GenController.createTableSave()','POST',1,'admin','研发部门','/tool/gen/createTable','172.20.0.1','内网IP','{\"sql\":\"CREATE TABLE `student_info` (\\n  `student_id` VARCHAR(20) PRIMARY KEY COMMENT \'学号\',\\n  `name` VARCHAR(50) NOT NULL COMMENT \'姓名\',\\n  `gender` CHAR(1) NOT NULL COMMENT \'性别\',\\n  `age` INT NOT NULL COMMENT \'年龄\',\\n  `college` VARCHAR(100) NOT NULL COMMENT \'学院\',\\n  `major` VARCHAR(100) NOT NULL COMMENT \'专业\',\\n  `grade` VARCHAR(20) NOT NULL COMMENT \'年级\',\\n  `contact` VARCHAR(20) NOT NULL COMMENT \'联系方式\',\\n  `family_address` VARCHAR(255) NOT NULL COMMENT \'家庭住址\',\\n  `family_income` DECIMAL(10,2) NOT NULL COMMENT \'家庭年收入\',\\n  `create_time` DATETIME DEFAULT CURRENT_TIMESTAMP COMMENT \'创建时间\',\\n  `update_time` DATETIME DEFAULT CURRENT_TIMESTAMP ON UPDATE CURRENT_TIMESTAMP COMMENT \'更新时间\'\\n);\\n\"}','{\"msg\":\"创建表结构异常\",\"code\":500}',0,NULL,'2024-09-28 14:07:03',7),(5,'代码生成',6,'com.ruoyi.generator.controller.GenController.importTableSave()','POST',1,'admin','研发部门','/tool/gen/importTable','172.20.0.1','内网IP','{\"tables\":\"sys_dict_data\"}','{\"msg\":\"操作成功\",\"code\":200}',0,NULL,'2024-09-28 14:07:22',347),(6,'代码生成',3,'com.ruoyi.generator.controller.GenController.remove()','DELETE',1,'admin','研发部门','/tool/gen/1','172.20.0.1','内网IP','{}','{\"msg\":\"操作成功\",\"code\":200}',0,NULL,'2024-09-28 14:07:44',16),(7,'代码生成',6,'com.ruoyi.generator.controller.GenController.importTableSave()','POST',1,'admin','研发部门','/tool/gen/importTable','172.20.0.1','内网IP','{\"tables\":\"announcement,student_info,poverty_application,financial_aid\"}','{\"msg\":\"操作成功\",\"code\":200}',0,NULL,'2024-09-28 14:11:39',345),(8,'代码生成',8,'com.ruoyi.generator.controller.GenController.batchGenCode()','GET',1,'admin','研发部门','/tool/gen/batchGenCode','172.20.0.1','内网IP','{\"tables\":\"announcement,financial_aid,poverty_application,student_info\"}',NULL,0,NULL,'2024-09-28 14:12:34',705),(9,'代码生成',8,'com.ruoyi.generator.controller.GenController.batchGenCode()','GET',1,'admin','研发部门','/tool/gen/batchGenCode','172.20.0.1','内网IP','{\"tables\":\"announcement,financial_aid,poverty_application,student_info\"}',NULL,0,NULL,'2024-09-28 14:18:25',494),(10,'菜单管理',2,'com.ruoyi.web.controller.system.SysMenuController.edit()','PUT',1,'admin','研发部门','/system/menu','172.20.0.1','内网IP','{\"children\":[],\"createTime\":\"2024-09-28 04:29:00\",\"icon\":\"guide\",\"isCache\":\"0\",\"isFrame\":\"0\",\"menuId\":4,\"menuName\":\"若依官网\",\"menuType\":\"M\",\"orderNum\":4,\"params\":{},\"parentId\":0,\"path\":\"http://ruoyi.vip\",\"perms\":\"\",\"query\":\"\",\"routeName\":\"\",\"status\":\"0\",\"updateBy\":\"admin\",\"visible\":\"1\"}','{\"msg\":\"操作成功\",\"code\":200}',0,NULL,'2024-09-28 14:27:48',60),(11,'菜单管理',1,'com.ruoyi.web.controller.system.SysMenuController.add()','POST',1,'admin','研发部门','/system/menu','172.20.0.1','内网IP','{\"children\":[],\"createBy\":\"admin\",\"icon\":\"user\",\"isCache\":\"0\",\"isFrame\":\"1\",\"menuName\":\"学生管理\",\"menuType\":\"M\",\"orderNum\":2,\"params\":{},\"parentId\":0,\"path\":\"system/info\",\"status\":\"0\",\"visible\":\"0\"}','{\"msg\":\"操作成功\",\"code\":200}',0,NULL,'2024-09-28 14:30:02',18),(12,'菜单管理',2,'com.ruoyi.web.controller.system.SysMenuController.edit()','PUT',1,'admin','研发部门','/system/menu','172.20.0.1','内网IP','{\"children\":[],\"createTime\":\"2024-09-28 06:30:02\",\"icon\":\"user\",\"isCache\":\"0\",\"isFrame\":\"1\",\"menuId\":1061,\"menuName\":\"学生管理\",\"menuType\":\"M\",\"orderNum\":0,\"params\":{},\"parentId\":0,\"path\":\"system/info\",\"perms\":\"\",\"routeName\":\"\",\"status\":\"0\",\"updateBy\":\"admin\",\"visible\":\"0\"}','{\"msg\":\"操作成功\",\"code\":200}',0,NULL,'2024-09-28 14:30:13',15),(13,'菜单管理',2,'com.ruoyi.web.controller.system.SysMenuController.edit()','PUT',1,'admin','研发部门','/system/menu','172.20.0.1','内网IP','{\"children\":[],\"createTime\":\"2024-09-28 06:30:02\",\"icon\":\"user\",\"isCache\":\"0\",\"isFrame\":\"1\",\"menuId\":1061,\"menuName\":\"学生管理\",\"menuType\":\"M\",\"orderNum\":0,\"params\":{},\"parentId\":1,\"path\":\"system/info\",\"perms\":\"\",\"routeName\":\"\",\"status\":\"0\",\"updateBy\":\"admin\",\"visible\":\"0\"}','{\"msg\":\"操作成功\",\"code\":200}',0,NULL,'2024-09-28 14:31:44',15),(14,'菜单管理',2,'com.ruoyi.web.controller.system.SysMenuController.edit()','PUT',1,'admin','研发部门','/system/menu','172.20.0.1','内网IP','{\"children\":[],\"createTime\":\"2024-09-28 06:30:02\",\"icon\":\"user\",\"isCache\":\"0\",\"isFrame\":\"1\",\"menuId\":1061,\"menuName\":\"学生管理\",\"menuType\":\"M\",\"orderNum\":0,\"params\":{},\"parentId\":1,\"path\":\"info\",\"perms\":\"\",\"routeName\":\"\",\"status\":\"0\",\"updateBy\":\"admin\",\"visible\":\"0\"}','{\"msg\":\"操作成功\",\"code\":200}',0,NULL,'2024-09-28 14:32:36',14),(15,'菜单管理',2,'com.ruoyi.web.controller.system.SysMenuController.edit()','PUT',1,'admin','研发部门','/system/menu','172.20.0.1','内网IP','{\"children\":[],\"createTime\":\"2024-09-28 04:29:00\",\"icon\":\"guide\",\"isCache\":\"0\",\"isFrame\":\"0\",\"menuId\":4,\"menuName\":\"若依官网\",\"menuType\":\"M\",\"orderNum\":4,\"params\":{},\"parentId\":0,\"path\":\"http://ruoyi.vip\",\"perms\":\"\",\"query\":\"\",\"routeName\":\"\",\"status\":\"1\",\"updateBy\":\"admin\",\"visible\":\"1\"}','{\"msg\":\"操作成功\",\"code\":200}',0,NULL,'2024-09-28 14:34:42',12),(16,'菜单管理',2,'com.ruoyi.web.controller.system.SysMenuController.edit()','PUT',1,'admin','研发部门','/system/menu','172.20.0.1','内网IP','{\"children\":[],\"component\":\"system/info/index\",\"createTime\":\"2024-09-28 06:30:02\",\"icon\":\"user\",\"isCache\":\"0\",\"isFrame\":\"1\",\"menuId\":1061,\"menuName\":\"学生管理\",\"menuType\":\"C\",\"orderNum\":0,\"params\":{},\"parentId\":1,\"path\":\"info\",\"perms\":\"\",\"query\":\"\",\"routeName\":\"\",\"status\":\"0\",\"updateBy\":\"admin\",\"visible\":\"0\"}','{\"msg\":\"操作成功\",\"code\":200}',0,NULL,'2024-09-29 01:07:46',30),(17,'菜单管理',2,'com.ruoyi.web.controller.system.SysMenuController.edit()','PUT',1,'admin','研发部门','/system/menu','172.20.0.1','内网IP','{\"children\":[],\"component\":\"system/user/index\",\"createTime\":\"2024-09-28 04:29:00\",\"icon\":\"user\",\"isCache\":\"0\",\"isFrame\":\"1\",\"menuId\":100,\"menuName\":\"用户管理\",\"menuType\":\"C\",\"orderNum\":1,\"params\":{},\"parentId\":1,\"path\":\"user\",\"perms\":\"system:user:list\",\"query\":\"\",\"routeName\":\"\",\"status\":\"0\",\"updateBy\":\"admin\",\"visible\":\"0\"}','{\"msg\":\"操作成功\",\"code\":200}',0,NULL,'2024-09-29 01:07:53',14),(18,'角色管理',2,'com.ruoyi.web.controller.system.SysRoleController.edit()','PUT',1,'admin','研发部门','/system/role','172.20.0.1','内网IP','{\"admin\":false,\"createTime\":\"2024-09-28 04:28:59\",\"dataScope\":\"2\",\"delFlag\":\"0\",\"deptCheckStrictly\":true,\"flag\":false,\"menuCheckStrictly\":true,\"menuIds\":[1,100,1000,1001,1002,1003,1004,1005,1006,101,1007,1008,1009,1010,1011,102,1012,1013,1014,1015,103,1016,1017,1018,1019,104,1020,1021,1022,1023,1024,105,1025,1026,1027,1028,1029,106,1030,1031,1032,1033,1034,107,1035,1036,1037,1038,108,500,1039,1040,1041,501,1042,1043,1044,1045,2,109,1046,1047,1048,110,1049,1050,1051,1052,1053,1054,111,112,113,114,3,115,116,1055,1056,1057,1058,1059,1060,117,4],\"params\":{},\"remark\":\"普通角色\",\"roleId\":2,\"roleKey\":\"common\",\"roleName\":\"普通角色\",\"roleSort\":2,\"status\":\"0\",\"updateBy\":\"admin\"}','{\"msg\":\"操作成功\",\"code\":200}',0,NULL,'2024-09-29 01:12:15',246),(19,'角色管理',1,'com.ruoyi.web.controller.system.SysRoleController.add()','POST',1,'admin','研发部门','/system/role','172.20.0.1','内网IP','{\"admin\":false,\"createBy\":\"admin\",\"deptCheckStrictly\":true,\"deptIds\":[],\"flag\":false,\"menuCheckStrictly\":true,\"menuIds\":[],\"params\":{},\"roleId\":3,\"roleKey\":\"student\",\"roleName\":\"学生角色\",\"roleSort\":3,\"status\":\"0\"}','{\"msg\":\"操作成功\",\"code\":200}',0,NULL,'2024-09-29 01:12:40',37),(20,'角色管理',1,'com.ruoyi.web.controller.system.SysRoleController.add()','POST',1,'admin','研发部门','/system/role','172.20.0.1','内网IP','{\"admin\":false,\"createBy\":\"admin\",\"deptCheckStrictly\":true,\"deptIds\":[],\"flag\":false,\"menuCheckStrictly\":true,\"menuIds\":[],\"params\":{},\"roleId\":4,\"roleKey\":\"teacher\",\"roleName\":\"老师角色\",\"roleSort\":4,\"status\":\"0\"}','{\"msg\":\"操作成功\",\"code\":200}',0,NULL,'2024-09-29 01:12:54',28),(21,'部门管理',3,'com.ruoyi.web.controller.system.SysDeptController.remove()','DELETE',1,'admin','研发部门','/system/dept/101','172.20.0.1','内网IP','{}','{\"msg\":\"存在下级部门,不允许删除\",\"code\":601}',0,NULL,'2024-09-29 02:30:30',9),(22,'部门管理',3,'com.ruoyi.web.controller.system.SysDeptController.remove()','DELETE',1,'admin','研发部门','/system/dept/103','172.20.0.1','内网IP','{}','{\"msg\":\"部门存在用户,不允许删除\",\"code\":601}',0,NULL,'2024-09-29 02:30:36',13),(23,'用户管理',3,'com.ruoyi.web.controller.system.SysUserController.remove()','DELETE',1,'admin','研发部门','/system/user/2','172.20.0.1','内网IP','{}','{\"msg\":\"操作成功\",\"code\":200}',0,NULL,'2024-09-29 02:30:59',25),(24,'部门管理',2,'com.ruoyi.web.controller.system.SysDeptController.edit()','PUT',1,'admin','研发部门','/system/dept','172.20.0.1','内网IP','{\"ancestors\":\"0\",\"children\":[],\"deptId\":100,\"deptName\":\"贵州师范大学\",\"email\":\"ry@qq.com\",\"leader\":\"若依\",\"orderNum\":0,\"params\":{},\"parentId\":0,\"phone\":\"15888888888\",\"status\":\"0\",\"updateBy\":\"admin\"}','{\"msg\":\"操作成功\",\"code\":200}',0,NULL,'2024-09-29 02:31:35',27),(25,'部门管理',3,'com.ruoyi.web.controller.system.SysDeptController.remove()','DELETE',1,'admin','研发部门','/system/dept/102','172.20.0.1','内网IP','{}','{\"msg\":\"存在下级部门,不允许删除\",\"code\":601}',0,NULL,'2024-09-29 02:31:40',6),(26,'部门管理',3,'com.ruoyi.web.controller.system.SysDeptController.remove()','DELETE',1,'admin','研发部门','/system/dept/108','172.20.0.1','内网IP','{}','{\"msg\":\"操作成功\",\"code\":200}',0,NULL,'2024-09-29 02:31:42',16),(27,'部门管理',3,'com.ruoyi.web.controller.system.SysDeptController.remove()','DELETE',1,'admin','研发部门','/system/dept/109','172.20.0.1','内网IP','{}','{\"msg\":\"操作成功\",\"code\":200}',0,NULL,'2024-09-29 02:31:44',17),(28,'部门管理',3,'com.ruoyi.web.controller.system.SysDeptController.remove()','DELETE',1,'admin','研发部门','/system/dept/102','172.20.0.1','内网IP','{}','{\"msg\":\"操作成功\",\"code\":200}',0,NULL,'2024-09-29 02:31:45',14),(29,'部门管理',2,'com.ruoyi.web.controller.system.SysDeptController.edit()','PUT',1,'admin','研发部门','/system/dept','172.20.0.1','内网IP','{\"ancestors\":\"0,100\",\"children\":[],\"deptId\":101,\"deptName\":\"学生会\",\"email\":\"ry@qq.com\",\"leader\":\"若依\",\"orderNum\":1,\"params\":{},\"parentId\":100,\"parentName\":\"贵州师范大学\",\"phone\":\"15888888888\",\"status\":\"0\",\"updateBy\":\"admin\"}','{\"msg\":\"操作成功\",\"code\":200}',0,NULL,'2024-09-29 02:32:03',68),(30,'部门管理',3,'com.ruoyi.web.controller.system.SysDeptController.remove()','DELETE',1,'admin','研发部门','/system/dept/107','172.20.0.1','内网IP','{}','{\"msg\":\"操作成功\",\"code\":200}',0,NULL,'2024-09-29 02:32:10',17),(31,'部门管理',3,'com.ruoyi.web.controller.system.SysDeptController.remove()','DELETE',1,'admin','研发部门','/system/dept/106','172.20.0.1','内网IP','{}','{\"msg\":\"操作成功\",\"code\":200}',0,NULL,'2024-09-29 02:32:15',17),(32,'部门管理',3,'com.ruoyi.web.controller.system.SysDeptController.remove()','DELETE',1,'admin','研发部门','/system/dept/105','172.20.0.1','内网IP','{}','{\"msg\":\"操作成功\",\"code\":200}',0,NULL,'2024-09-29 02:32:16',16),(33,'部门管理',3,'com.ruoyi.web.controller.system.SysDeptController.remove()','DELETE',1,'admin','研发部门','/system/dept/104','172.20.0.1','内网IP','{}','{\"msg\":\"操作成功\",\"code\":200}',0,NULL,'2024-09-29 02:32:18',17),(34,'部门管理',2,'com.ruoyi.web.controller.system.SysDeptController.edit()','PUT',1,'admin','研发部门','/system/dept','172.20.0.1','内网IP','{\"ancestors\":\"0,100,101\",\"children\":[],\"deptId\":103,\"deptName\":\"开发人员\",\"email\":\"ry@qq.com\",\"leader\":\"若依\",\"orderNum\":1,\"params\":{},\"parentId\":101,\"parentName\":\"学生会\",\"phone\":\"15888888888\",\"status\":\"0\",\"updateBy\":\"admin\"}','{\"msg\":\"操作成功\",\"code\":200}',0,NULL,'2024-09-29 02:32:31',32),(35,'菜单管理',2,'com.ruoyi.web.controller.system.SysMenuController.edit()','PUT',1,'admin','研发部门','/system/menu','172.20.0.1','内网IP','{\"children\":[],\"component\":\"system/post/index\",\"createTime\":\"2024-09-28 04:29:00\",\"icon\":\"post\",\"isCache\":\"0\",\"isFrame\":\"1\",\"menuId\":104,\"menuName\":\"岗位管理\",\"menuType\":\"C\",\"orderNum\":5,\"params\":{},\"parentId\":1,\"path\":\"post\",\"perms\":\"system:post:list\",\"query\":\"\",\"routeName\":\"\",\"status\":\"1\",\"updateBy\":\"admin\",\"visible\":\"1\"}','{\"msg\":\"操作成功\",\"code\":200}',0,NULL,'2024-09-29 02:33:35',16),(36,'部门管理',2,'com.ruoyi.web.controller.system.SysDeptController.edit()','PUT',1,'admin','研发部门','/system/dept','172.20.0.1','内网IP','{\"ancestors\":\"0,100\",\"children\":[],\"deptId\":101,\"deptName\":\"开发部\",\"email\":\"ry@qq.com\",\"leader\":\"若依\",\"orderNum\":1,\"params\":{},\"parentId\":100,\"parentName\":\"贵州师范大学\",\"phone\":\"15888888888\",\"status\":\"0\",\"updateBy\":\"admin\"}','{\"msg\":\"操作成功\",\"code\":200}',0,NULL,'2024-09-29 02:34:49',34),(37,'部门管理',3,'com.ruoyi.web.controller.system.SysDeptController.remove()','DELETE',1,'admin','研发部门','/system/dept/103','172.20.0.1','内网IP','{}','{\"msg\":\"部门存在用户,不允许删除\",\"code\":601}',0,NULL,'2024-09-29 02:35:18',8),(38,'用户管理',1,'com.ruoyi.web.controller.system.SysUserController.add()','POST',1,'admin','研发部门','/system/user','172.20.0.1','内网IP','{\"admin\":false,\"createBy\":\"admin\",\"deptId\":101,\"nickName\":\"test\",\"params\":{},\"phonenumber\":\"18085515238\",\"postIds\":[],\"roleIds\":[],\"status\":\"0\",\"userId\":3,\"userName\":\"test\"}','{\"msg\":\"操作成功\",\"code\":200}',0,NULL,'2024-09-29 02:37:18',84),(39,'部门管理',1,'com.ruoyi.web.controller.system.SysDeptController.add()','POST',1,'admin','研发部门','/system/dept','172.20.0.1','内网IP','{\"ancestors\":\"0,100,101\",\"children\":[],\"createBy\":\"admin\",\"deptName\":\"测试人员\",\"orderNum\":2,\"params\":{},\"parentId\":101,\"status\":\"0\"}','{\"msg\":\"操作成功\",\"code\":200}',0,NULL,'2024-09-29 02:38:53',16),(40,'用户管理',2,'com.ruoyi.web.controller.system.SysUserController.edit()','PUT',1,'admin','研发部门','/system/user','172.20.0.1','内网IP','{\"admin\":false,\"avatar\":\"\",\"createBy\":\"admin\",\"createTime\":\"2024-09-28 18:37:18\",\"delFlag\":\"0\",\"dept\":{\"ancestors\":\"0,100\",\"children\":[],\"deptId\":101,\"deptName\":\"开发部\",\"leader\":\"若依\",\"orderNum\":1,\"params\":{},\"parentId\":100,\"status\":\"0\"},\"deptId\":110,\"email\":\"\",\"loginIp\":\"\",\"nickName\":\"test\",\"params\":{},\"phonenumber\":\"18085515238\",\"postIds\":[],\"roleIds\":[],\"roles\":[],\"sex\":\"0\",\"status\":\"0\",\"updateBy\":\"admin\",\"userId\":3,\"userName\":\"test\"}','{\"msg\":\"操作成功\",\"code\":200}',0,NULL,'2024-09-29 02:39:24',28),(41,'代码生成',6,'com.ruoyi.generator.controller.GenController.importTableSave()','POST',1,'admin','研发部门','/tool/gen/importTable','172.20.0.1','内网IP','{\"tables\":\"sys_user,sys_role\"}','{\"msg\":\"操作成功\",\"code\":200}',0,NULL,'2024-09-29 03:08:38',243),(42,'菜单管理',3,'com.ruoyi.web.controller.system.SysMenuController.remove()','DELETE',1,'admin','研发部门','/system/menu/1061','172.20.0.1','内网IP','{}','{\"msg\":\"操作成功\",\"code\":200}',0,NULL,'2024-09-29 03:13:20',19),(43,'代码生成',3,'com.ruoyi.generator.controller.GenController.remove()','DELETE',1,'admin','研发部门','/tool/gen/5','172.20.0.1','内网IP','{}','{\"msg\":\"操作成功\",\"code\":200}',0,NULL,'2024-09-29 03:19:04',24),(44,'代码生成',3,'com.ruoyi.generator.controller.GenController.remove()','DELETE',1,'admin','研发部门','/tool/gen/4','172.20.0.1','内网IP','{}','{\"msg\":\"操作成功\",\"code\":200}',0,NULL,'2024-09-29 03:19:10',14),(45,'代码生成',3,'com.ruoyi.generator.controller.GenController.remove()','DELETE',1,'admin','研发部门','/tool/gen/3','172.20.0.1','内网IP','{}','{\"msg\":\"操作成功\",\"code\":200}',0,NULL,'2024-09-29 03:19:12',13),(46,'代码生成',3,'com.ruoyi.generator.controller.GenController.remove()','DELETE',1,'admin','研发部门','/tool/gen/2','172.20.0.1','内网IP','{}','{\"msg\":\"操作成功\",\"code\":200}',0,NULL,'2024-09-29 03:19:13',14),(47,'创建表',0,'com.ruoyi.generator.controller.GenController.createTableSave()','POST',1,'admin','研发部门','/tool/gen/createTable','172.20.0.1','内网IP','{\"sql\":\"drop table if exists sys_student;\\ncreate table sys_student (\\n  student_id           int(11)         auto_increment    comment \'编号\',\\n  student_name         varchar(30)     default \'\'        comment \'学生名称\',\\n  student_age          int(3)          default null      comment \'年龄\',\\n  student_hobby        varchar(30)     default \'\'        comment \'爱好（0代码 1音乐 2电影）\',\\n  student_sex          char(1)         default \'0\'       comment \'性别（0男 1女 2未知）\',\\n  student_status       char(1)         default \'0\'       comment \'状态（0正常 1停用）\',\\n  student_birthday     datetime                          comment \'生日\',\\n  primary key (student_id)\\n) engine=innodb auto_increment=1 comment = \'学生信息表\';\"}','{\"msg\":\"创建表结构异常\",\"code\":500}',0,NULL,'2024-09-29 03:19:37',58),(48,'创建表',0,'com.ruoyi.generator.controller.GenController.createTableSave()','POST',1,'admin','研发部门','/tool/gen/createTable','172.20.0.1','内网IP','{\"sql\":\"drop table if exists sys_student;\\ncreate table sys_student (\\n  student_id           int(11)         auto_increment    comment \'编号\',\\n  student_name         varchar(30)     default \'\'        comment \'学生名称\',\\n  student_age          int(3)          default null      comment \'年龄\',\\n  student_hobby        varchar(30)     default \'\'        comment \'爱好（0代码 1音乐 2电影）\',\\n  student_sex          char(1)         default \'0\'       comment \'性别（0男 1女 2未知）\',\\n  student_status       char(1)         default \'0\'       comment \'状态（0正常 1停用）\',\\n  student_birthday     datetime                          comment \'生日\',\\n  primary key (student_id)\\n) engine=innodb auto_increment=1 comment = \'学生信息表\';\"}','{\"msg\":\"创建表结构异常\",\"code\":500}',0,NULL,'2024-09-29 03:21:44',13),(49,'创建表',0,'com.ruoyi.generator.controller.GenController.createTableSave()','POST',1,'admin','研发部门','/tool/gen/createTable','172.20.0.1','内网IP','{\"sql\":\"drop table if exists sys_student;\\ncreate table sys_student (\\n  student_id           int(11)         auto_increment    comment \'编号\',\\n  student_name         varchar(30)     default \'\'        comment \'学生名称\',\\n  student_age          int(3)          default null      comment \'年龄\',\\n  student_hobby        varchar(30)     default \'\'        comment \'爱好（0代码 1音乐 2电影）\',\\n  student_sex          char(1)         default \'0\'       comment \'性别（0男 1女 2未知）\',\\n  student_status       char(1)         default \'0\'       comment \'状态（0正常 1停用）\',\\n  student_birthday     datetime                          comment \'生日\',\\n  primary key (student_id)\\n) engine=innodb auto_increment=1 comment = \'学生信息表\';\"}','{\"msg\":\"创建表结构异常\",\"code\":500}',0,NULL,'2024-09-29 03:21:48',9),(50,'创建表',0,'com.ruoyi.generator.controller.GenController.createTableSave()','POST',1,'admin','研发部门','/tool/gen/createTable','172.20.0.1','内网IP','{\"sql\":\"create table sys_student (\\n  student_id           int(11)         auto_increment    comment \'编号\',\\n  student_name         varchar(30)     default \'\'        comment \'学生名称\',\\n  student_age          int(3)          default null      comment \'年龄\',\\n  student_hobby        varchar(30)     default \'\'        comment \'爱好（0代码 1音乐 2电影）\',\\n  student_sex          char(1)         default \'0\'       comment \'性别（0男 1女 2未知）\',\\n  student_status       char(1)         default \'0\'       comment \'状态（0正常 1停用）\',\\n  student_birthday     datetime                          comment \'生日\',\\n  primary key (student_id)\\n) engine=innodb auto_increment=1 comment = \'学生信息表\';\"}','{\"msg\":\"操作成功\",\"code\":200}',0,NULL,'2024-09-29 03:29:02',215),(51,'代码生成',3,'com.ruoyi.generator.controller.GenController.remove()','DELETE',1,'admin','研发部门','/tool/gen/8','172.20.0.1','内网IP','{}','{\"msg\":\"操作成功\",\"code\":200}',0,NULL,'2024-09-29 03:29:08',21),(52,'创建表',0,'com.ruoyi.generator.controller.GenController.createTableSave()','POST',1,'admin','研发部门','/tool/gen/createTable','172.20.0.1','内网IP','{\"sql\":\"CREATE TABLE `poor_student` (\\n  `student_id` VARCHAR(20) PRIMARY KEY COMMENT \'学号\',\\n  `name` VARCHAR(50) NOT NULL COMMENT \'姓名\',\\n  `gender` CHAR(1) NOT NULL COMMENT \'性别\',\\n  `age` INT NOT NULL COMMENT \'年龄\',\\n  `college` VARCHAR(100) NOT NULL COMMENT \'学院\',\\n  `major` VARCHAR(100) NOT NULL COMMENT \'专业\',\\n  `grade` VARCHAR(20) NOT NULL COMMENT \'年级\',\\n  `contact` VARCHAR(20) NOT NULL COMMENT \'联系方式\',\\n  `family_address` VARCHAR(255) NOT NULL COMMENT \'家庭住址\',\\n  `family_income` DECIMAL(10,2) NOT NULL COMMENT \'家庭年收入\',\\n  `create_time` DATETIME DEFAULT CURRENT_TIMESTAMP COMMENT \'创建时间\',\\n  `update_time` DATETIME DEFAULT CURRENT_TIMESTAMP ON UPDATE CURRENT_TIMESTAMP COMMENT \'更新时间\'\\n) engine=innodb auto_increment=1 comment = \'学生信息表\';\"}','{\"msg\":\"创建表结构异常\",\"code\":500}',0,NULL,'2024-09-29 03:30:04',11),(53,'创建表',0,'com.ruoyi.generator.controller.GenController.createTableSave()','POST',1,'admin','研发部门','/tool/gen/createTable','172.20.0.1','内网IP','{\"sql\":\"CREATE TABLE `poor_student` (\\n  `student_id` VARCHAR(20) PRIMARY KEY COMMENT \'学号\',\\n  `name` VARCHAR(50) NOT NULL COMMENT \'姓名\',\\n  `gender` CHAR(1) NOT NULL COMMENT \'性别\',\\n  `age` INT NOT NULL COMMENT \'年龄\',\\n  `college` VARCHAR(100) NOT NULL COMMENT \'学院\',\\n  `major` VARCHAR(100) NOT NULL COMMENT \'专业\',\\n  `grade` VARCHAR(20) NOT NULL COMMENT \'年级\',\\n  `contact` VARCHAR(20) NOT NULL COMMENT \'联系方式\',\\n  `family_address` VARCHAR(255) NOT NULL COMMENT \'家庭住址\',\\n  `family_income` DECIMAL(10,2) NOT NULL COMMENT \'家庭年收入\',\\n  `create_time` DATETIME DEFAULT CURRENT_TIMESTAMP COMMENT \'创建时间\',\\n  `update_time` DATETIME DEFAULT CURRENT_TIMESTAMP ON UPDATE CURRENT_TIMESTAMP COMMENT \'更新时间\'\\n) engine=innodb auto_increment=1 comment = \'学生信息表\';\"}','{\"msg\":\"创建表结构异常\",\"code\":500}',0,NULL,'2024-09-29 03:30:27',11),(54,'创建表',0,'com.ruoyi.generator.controller.GenController.createTableSave()','POST',1,'admin','研发部门','/tool/gen/createTable','172.20.0.1','内网IP','{\"sql\":\"CREATE TABLE poor_student (\\n  student_id VARCHAR(20) PRIMARY KEY COMMENT \'学号\',\\n  name VARCHAR(50) NOT NULL COMMENT \'姓名\',\\n  gender CHAR(1) NOT NULL COMMENT \'性别\',\\n  age INT NOT NULL COMMENT \'年龄\',\\n  college VARCHAR(100) NOT NULL COMMENT \'学院\',\\n  major VARCHAR(100) NOT NULL COMMENT \'专业\',\\n  grade VARCHAR(20) NOT NULL COMMENT \'年级\',\\n  contact VARCHAR(20) NOT NULL COMMENT \'联系方式\',\\n  family_address VARCHAR(255) NOT NULL COMMENT \'家庭住址\',\\n  family_income DECIMAL(10,2) NOT NULL COMMENT \'家庭年收入\',\\n  create_time DATETIME DEFAULT CURRENT_TIMESTAMP COMMENT \'创建时间\',\\n  update_time DATETIME DEFAULT CURRENT_TIMESTAMP ON UPDATE CURRENT_TIMESTAMP COMMENT \'更新时间\'\\n) engine=innodb auto_increment=1 comment = \'学生信息表\';\"}','{\"msg\":\"创建表结构异常\",\"code\":500}',0,NULL,'2024-09-29 03:31:50',11),(55,'创建表',0,'com.ruoyi.generator.controller.GenController.createTableSave()','POST',1,'admin','研发部门','/tool/gen/createTable','172.20.0.1','内网IP','{\"sql\":\"CREATE TABLE poor_student (\\n  student_id VARCHAR(20) auto_increment COMMENT \'学号\',\\n  name VARCHAR(50) default null COMMENT \'姓名\',\\n  gender CHAR(1) default null COMMENT \'性别\',\\n  age INT default null COMMENT \'年龄\',\\n  college VARCHAR(100) default null COMMENT \'学院\',\\n  major VARCHAR(100) default null COMMENT \'专业\',\\n  grade VARCHAR(20) default null COMMENT \'年级\',\\n  contact VARCHAR(20) default null COMMENT \'联系方式\',\\n  family_address VARCHAR(255) default null COMMENT \'家庭住址\',\\n  family_income DECIMAL(10,2) default null COMMENT \'家庭年收入\',\\n  create_time DATETIME DEFAULT CURRENT_TIMESTAMP COMMENT \'创建时间\',\\n  update_time DATETIME DEFAULT CURRENT_TIMESTAMP ON UPDATE CURRENT_TIMESTAMP COMMENT \'更新时间\'\\n) engine=innodb auto_increment=1 comment = \'学生信息表\';\"}','{\"msg\":\"创建表结构异常\",\"code\":500}',0,NULL,'2024-09-29 03:34:02',13),(56,'创建表',0,'com.ruoyi.generator.controller.GenController.createTableSave()','POST',1,'admin','研发部门','/tool/gen/createTable','172.20.0.1','内网IP','{\"sql\":\"CREATE TABLE poor_student (\\n  student_id VARCHAR(20) auto_increment COMMENT \'学号\',\\n  name VARCHAR(50) default null COMMENT \'姓名\',\\n  gender CHAR(1) default null COMMENT \'性别\',\\n  age INT(3) default null COMMENT \'年龄\',\\n  college VARCHAR(100) default null COMMENT \'学院\',\\n  major VARCHAR(100) default null COMMENT \'专业\',\\n  grade VARCHAR(20) default null COMMENT \'年级\',\\n  contact VARCHAR(20) default null COMMENT \'联系方式\',\\n  family_address VARCHAR(255) default null COMMENT \'家庭住址\',\\n  family_income DECIMAL(10,2) default null COMMENT \'家庭年收入\',\\n  create_time DATETIME DEFAULT CURRENT_TIMESTAMP COMMENT \'创建时间\',\\n  update_time DATETIME DEFAULT CURRENT_TIMESTAMP ON UPDATE CURRENT_TIMESTAMP COMMENT \'更新时间\'\\n  primary key (student_id)\\n) engine=innodb auto_increment=1 comment = \'学生信息表\';\"}','{\"msg\":\"创建表结构异常\",\"code\":500}',0,NULL,'2024-09-29 03:36:26',8),(57,'创建表',0,'com.ruoyi.generator.controller.GenController.createTableSave()','POST',1,'admin','研发部门','/tool/gen/createTable','172.20.0.1','内网IP','{\"sql\":\"CREATE TABLE poor_student (\\n  student_id VARCHAR(20) auto_increment COMMENT \'学号\',\\n  name VARCHAR(50) default null COMMENT \'姓名\',\\n  gender CHAR(1) default null COMMENT \'性别\',\\n  age INT(3) default null COMMENT \'年龄\',\\n  college VARCHAR(100) default null COMMENT \'学院\',\\n  major VARCHAR(100) default null COMMENT \'专业\',\\n  grade VARCHAR(20) default null COMMENT \'年级\',\\n  contact VARCHAR(20) default null COMMENT \'联系方式\',\\n  family_address VARCHAR(255) default null COMMENT \'家庭住址\',\\n  family_income DECIMAL(10,2) default null COMMENT \'家庭年收入\',\\n  create_time DATETIME  COMMENT \'创建时间\',\\n  update_time DATETIME  COMMENT \'更新时间\'\\n  primary key (student_id)\\n) engine=innodb auto_increment=1 comment = \'学生信息表\';\"}','{\"msg\":\"创建表结构异常\",\"code\":500}',0,NULL,'2024-09-29 03:36:46',11),(58,'创建表',0,'com.ruoyi.generator.controller.GenController.createTableSave()','POST',1,'admin','研发部门','/tool/gen/createTable','172.20.0.1','内网IP','{\"sql\":\"CREATE TABLE poor_student (\\n  student_id VARCHAR(20) auto_increment COMMENT \'学号\',\\n  name VARCHAR(50) default null COMMENT \'姓名\',\\n  gender CHAR(1) default null COMMENT \'性别\',\\n  age INT(3) default null COMMENT \'年龄\',\\n  college VARCHAR(100) default null COMMENT \'学院\',\\n  major VARCHAR(100) default null COMMENT \'专业\',\\n  grade VARCHAR(20) default null COMMENT \'年级\',\\n  contact VARCHAR(20) default null COMMENT \'联系方式\',\\n  family_address VARCHAR(255) default null COMMENT \'家庭住址\',\\n  family_income DECIMAL(10,2) default null COMMENT \'家庭年收入\',\\n  create_time DATETIME  COMMENT \'创建时间\',\\n  update_time DATETIME  COMMENT \'更新时间\',\\n  primary key (student_id)\\n) engine=innodb auto_increment=1 comment = \'学生信息表\';\"}','{\"msg\":\"创建表结构异常\",\"code\":500}',0,NULL,'2024-09-29 03:36:51',9),(59,'创建表',0,'com.ruoyi.generator.controller.GenController.createTableSave()','POST',1,'admin','研发部门','/tool/gen/createTable','172.20.0.1','内网IP','{\"sql\":\"create table poor_student (\\n  student_id varchar(20) auto_increment comment \'学号\',\\n  name varchar(50) default null comment \'姓名\',\\n  gender char(1) default null comment \'性别\',\\n  age int(3) default null comment \'年龄\',\\n  college varchar(100) default null comment \'学院\',\\n  major varchar(100) default null comment \'专业\',\\n  grade varchar(20) default null comment \'年级\',\\n  contact varchar(20) default null comment \'联系方式\',\\n  family_address varchar(255) default null comment \'家庭住址\',\\n  family_income decimal(10,2) default null comment \'家庭年收入\',\\n  create_time datetime  comment \'创建时间\',\\n  update_time datetime  comment \'更新时间\',\\n  primary key (student_id)\\n) engine=innodb auto_increment=1 comment = \'学生信息表\';\"}','{\"msg\":\"创建表结构异常\",\"code\":500}',0,NULL,'2024-09-29 03:37:21',14),(60,'创建表',0,'com.ruoyi.generator.controller.GenController.createTableSave()','POST',1,'admin','研发部门','/tool/gen/createTable','172.20.0.1','内网IP','{\"sql\":\"create table sys_student (\\n  student_id varchar(20) auto_increment comment \'学号\',\\n  name varchar(50) default null comment \'姓名\',\\n  gender char(1) default null comment \'性别\',\\n  age int(3) default null comment \'年龄\',\\n  college varchar(100) default null comment \'学院\',\\n  major varchar(100) default null comment \'专业\',\\n  grade varchar(20) default null comment \'年级\',\\n  contact varchar(20) default null comment \'联系方式\',\\n  family_address varchar(255) default null comment \'家庭住址\',\\n  family_income decimal(10,2) default null comment \'家庭年收入\',\\n  create_time datetime  comment \'创建时间\',\\n  update_time datetime  comment \'更新时间\',\\n  primary key (student_id)\\n) engine=innodb auto_increment=1 comment = \'学生信息表\';\"}','{\"msg\":\"创建表结构异常\",\"code\":500}',0,NULL,'2024-09-29 03:38:25',8),(61,'创建表',0,'com.ruoyi.generator.controller.GenController.createTableSave()','POST',1,'admin','研发部门','/tool/gen/createTable','172.20.0.1','内网IP','{\"sql\":\"create table poor_student (\\n  id varchar(20) auto_increment comment \'学号\',\\n  name varchar(50) default null comment \'姓名\',\\n  gender char(1) default null comment \'性别\',\\n  age int(3) default null comment \'年龄\',\\n  college varchar(100) default null comment \'学院\',\\n  major varchar(100) default null comment \'专业\',\\n  grade varchar(20) default null comment \'年级\',\\n  contact varchar(20) default null comment \'联系方式\',\\n  family_address varchar(255) default null comment \'家庭住址\',\\n  family_income decimal(10,2) default null comment \'家庭年收入\',\\n  create_time datetime  comment \'创建时间\',\\n  update_time datetime  comment \'更新时间\',\\n  primary key (student_id)\\n) engine=innodb auto_increment=1 comment = \'学生信息表\';\"}','{\"msg\":\"创建表结构异常\",\"code\":500}',0,NULL,'2024-09-29 03:41:30',8),(62,'创建表',0,'com.ruoyi.generator.controller.GenController.createTableSave()','POST',1,'admin','研发部门','/tool/gen/createTable','172.20.0.1','内网IP','{\"sql\":\"create table poor_student (\\n  id varchar(20) auto_increment comment \'学号\',\\n  name varchar(50) default null comment \'姓名\',\\n  gender char(1) default null comment \'性别\',\\n  age int(3) default null comment \'年龄\',\\n  college varchar(100) default null comment \'学院\',\\n  major varchar(100) default null comment \'专业\',\\n  grade varchar(20) default null comment \'年级\',\\n  contact varchar(20) default null comment \'联系方式\',\\n  family_address varchar(255) default null comment \'家庭住址\',\\n  family_income decimal(10,2) default null comment \'家庭年收入\',\\n  create_time datetime comment \'创建时间\',\\n  update_time datetime comment \'更新时间\',\\n  primary key (student_id)\\n) engine=innodb auto_increment=1 comment = \'学生信息表\';\"}','{\"msg\":\"创建表结构异常\",\"code\":500}',0,NULL,'2024-09-29 03:41:40',10),(63,'创建表',0,'com.ruoyi.generator.controller.GenController.createTableSave()','POST',1,'admin','研发部门','/tool/gen/createTable','172.20.0.1','内网IP','{\"sql\":\"CREATE TABLE `student_info` (\\n  `student_id` VARCHAR(20) NOT NULL,\\n  `name` VARCHAR(50) NOT NULL,\\n  `gender` CHAR(1) NOT NULL,\\n  `age` INT NOT NULL,\\n  `college` VARCHAR(100) NOT NULL,\\n  `major` VARCHAR(100) NOT NULL,\\n  `grade` VARCHAR(20) NOT NULL,\\n  `contact` VARCHAR(20) NOT NULL,\\n  `family_address` VARCHAR(255) NOT NULL,\\n  `family_income` DECIMAL(10,2) NOT NULL,\\n  `create_time` DATETIME,\\n  `update_time` DATETIME,\\n  PRIMARY KEY (`student_id`)\\n);\"}','{\"msg\":\"操作成功\",\"code\":200}',0,NULL,'2024-09-29 03:44:14',162),(64,'代码生成',3,'com.ruoyi.generator.controller.GenController.remove()','DELETE',1,'admin','研发部门','/tool/gen/9','172.20.0.1','内网IP','{}','{\"msg\":\"操作成功\",\"code\":200}',0,NULL,'2024-09-29 03:44:35',19),(65,'创建表',0,'com.ruoyi.generator.controller.GenController.createTableSave()','POST',1,'admin','研发部门','/tool/gen/createTable','172.20.0.1','内网IP','{\"sql\":\"CREATE TABLE `poor_student` (\\n  `id` VARCHAR(20) NOT NULL COMMENT \'学号\',\\n  `name` VARCHAR(50) NOT NULL,\\n  `gender` CHAR(1) NOT NULL,\\n  `age` INT NOT NULL,\\n  `college` VARCHAR(100) NOT NULL,\\n  `major` VARCHAR(100) NOT NULL,\\n  `grade` VARCHAR(20) NOT NULL,\\n  `contact` VARCHAR(20) NOT NULL,\\n  `family_address` VARCHAR(255) NOT NULL,\\n  `family_income` DECIMAL(10,2) NOT NULL,\\n  `create_time` DATETIME,\\n  `update_time` DATETIME,\\n  PRIMARY KEY (`student_id`)\\n)engine=innodb auto_increment=1 comment = \'学生信息表\';\"}','{\"msg\":\"创建表结构异常\",\"code\":500}',0,NULL,'2024-09-29 03:45:21',603),(66,'创建表',0,'com.ruoyi.generator.controller.GenController.createTableSave()','POST',1,'admin','研发部门','/tool/gen/createTable','172.20.0.1','内网IP','{\"sql\":\"CREATE TABLE `poor_student` (\\n  `id` VARCHAR(20) NOT NULL,\\n  `name` VARCHAR(50) NOT NULL,\\n  `gender` CHAR(1) NOT NULL,\\n  `age` INT NOT NULL,\\n  `college` VARCHAR(100) NOT NULL,\\n  `major` VARCHAR(100) NOT NULL,\\n  `grade` VARCHAR(20) NOT NULL,\\n  `contact` VARCHAR(20) NOT NULL,\\n  `family_address` VARCHAR(255) NOT NULL,\\n  `family_income` DECIMAL(10,2) NOT NULL,\\n  `create_time` DATETIME,\\n  `update_time` DATETIME,\\n  PRIMARY KEY (`student_id`)\\n)engine=innodb auto_increment=1 comment = \'学生信息表\';\"}','{\"msg\":\"创建表结构异常\",\"code\":500}',0,NULL,'2024-09-29 03:45:28',26),(67,'创建表',0,'com.ruoyi.generator.controller.GenController.createTableSave()','POST',1,'admin','研发部门','/tool/gen/createTable','172.20.0.1','内网IP','{\"sql\":\"CREATE TABLE `poor_student` (\\n  `id` VARCHAR(20) NOT NULL,\\n  `name` VARCHAR(50) NOT NULL,\\n  `gender` CHAR(1) NOT NULL,\\n  `age` INT NOT NULL,\\n  `college` VARCHAR(100) NOT NULL,\\n  `major` VARCHAR(100) NOT NULL,\\n  `grade` VARCHAR(20) NOT NULL,\\n  `contact` VARCHAR(20) NOT NULL,\\n  `family_address` VARCHAR(255) NOT NULL,\\n  `family_income` DECIMAL(10,2) NOT NULL,\\n  `create_time` DATETIME,\\n  `update_time` DATETIME,\\n  PRIMARY KEY (`id`)\\n) engine=innodb auto_increment=1 comment = \'学生信息表\';\"}','{\"msg\":\"操作成功\",\"code\":200}',0,NULL,'2024-09-29 03:45:38',129),(68,'代码生成',3,'com.ruoyi.generator.controller.GenController.remove()','DELETE',1,'admin','研发部门','/tool/gen/10','172.20.0.1','内网IP','{}','{\"msg\":\"操作成功\",\"code\":200}',0,NULL,'2024-09-29 03:45:59',14),(69,'创建表',0,'com.ruoyi.generator.controller.GenController.createTableSave()','POST',1,'admin','研发部门','/tool/gen/createTable','172.20.0.1','内网IP','{\"sql\":\"CREATE TABLE poor_student (\\n  id VARCHAR(20) auto_increment COMMENT \'学号\',\\n  name VARCHAR(50) default null COMMENT \'姓名\',\\n  gender CHAR(1) default null COMMENT \'性别\',\\n  age INT(3) default null COMMENT \'年龄\',\\n  college VARCHAR(100) default null COMMENT \'学院\',\\n  major VARCHAR(100) default null COMMENT \'专业\',\\n  grade VARCHAR(20) default null COMMENT \'年级\',\\n  contact VARCHAR(20) default null COMMENT \'联系方式\',\\n  family_address VARCHAR(255) default null COMMENT \'家庭住址\',\\n  family_income DECIMAL(10,2) default null COMMENT \'家庭年收入\',\\n  create_time DATETIME DEFAULT CURRENT_TIMESTAMP COMMENT \'创建时间\',\\n  update_time DATETIME DEFAULT CURRENT_TIMESTAMP ON UPDATE CURRENT_TIMESTAMP COMMENT \'更新时间\'\\n  primary key (id)\\n) engine=innodb auto_increment=1 comment = \'学生信息表\';\"}','{\"msg\":\"创建表结构异常\",\"code\":500}',0,NULL,'2024-09-29 03:46:02',13),(70,'创建表',0,'com.ruoyi.generator.controller.GenController.createTableSave()','POST',1,'admin','研发部门','/tool/gen/createTable','172.20.0.1','内网IP','{\"sql\":\"CREATE TABLE `poor_student` (\\n  `id` VARCHAR(20) NOT NULL COMMENT \'学号\',\\n  `name` VARCHAR(50) NOT NULL,\\n  `gender` CHAR(1) NOT NULL,\\n  `age` INT NOT NULL,\\n  `college` VARCHAR(100) NOT NULL,\\n  `major` VARCHAR(100) NOT NULL,\\n  `grade` VARCHAR(20) NOT NULL,\\n  `contact` VARCHAR(20) NOT NULL,\\n  `family_address` VARCHAR(255) NOT NULL,\\n  `family_income` DECIMAL(10,2) NOT NULL,\\n  `create_time` DATETIME,\\n  `update_time` DATETIME,\\n  PRIMARY KEY (`id`)\\n)engine=innodb auto_increment=1 comment = \'学生信息表\';\"}','{\"msg\":\"创建表结构异常\",\"code\":500}',0,NULL,'2024-09-29 03:46:32',29),(71,'创建表',0,'com.ruoyi.generator.controller.GenController.createTableSave()','POST',1,'admin','研发部门','/tool/gen/createTable','172.20.0.1','内网IP','{\"sql\":\"CREATE TABLE `poor_student` (\\n  `id` VARCHAR(20) NOT NULL,\\n  `name` VARCHAR(50) NOT NULL,\\n  `gender` CHAR(1) NOT NULL,\\n  `age` INT NOT NULL,\\n  `college` VARCHAR(100) NOT NULL,\\n  `major` VARCHAR(100) NOT NULL,\\n  `grade` VARCHAR(20) NOT NULL,\\n  `contact` VARCHAR(20) NOT NULL,\\n  `family_address` VARCHAR(255) NOT NULL,\\n  `family_income` DECIMAL(10,2) NOT NULL,\\n  `create_time` DATETIME,\\n  `update_time` DATETIME,\\n  PRIMARY KEY (`id`)\\n)engine=innodb auto_increment=1 comment = \'学生信息表\';\"}','{\"msg\":\"创建表结构异常\",\"code\":500}',0,NULL,'2024-09-29 03:46:39',23),(72,'创建表',0,'com.ruoyi.generator.controller.GenController.createTableSave()','POST',1,'admin','研发部门','/tool/gen/createTable','172.20.0.1','内网IP','{\"sql\":\"CREATE TABLE `poor_student` (\\n  `id` VARCHAR(20) NOT NULL,\\n  `name` VARCHAR(50) NOT NULL,\\n  `gender` CHAR(1) NOT NULL,\\n  `age` INT NOT NULL,\\n  `college` VARCHAR(100) NOT NULL,\\n  `major` VARCHAR(100) NOT NULL,\\n  `grade` VARCHAR(20) NOT NULL,\\n  `contact` VARCHAR(20) NOT NULL,\\n  `family_address` VARCHAR(255) NOT NULL,\\n  `family_income` DECIMAL(10,2) NOT NULL,\\n  `create_time` DATETIME,\\n  `update_time` DATETIME,\\n  PRIMARY KEY (`id`)\\n);\"}','{\"msg\":\"创建表结构异常\",\"code\":500}',0,NULL,'2024-09-29 03:46:56',21),(73,'创建表',0,'com.ruoyi.generator.controller.GenController.createTableSave()','POST',1,'admin','研发部门','/tool/gen/createTable','172.20.0.1','内网IP','{\"sql\":\"CREATE TABLE poor_student (\\n  id VARCHAR(20) auto_increment COMMENT \'学号\',\\n  name VARCHAR(50) default null COMMENT \'姓名\',\\n  gender CHAR(1) default null COMMENT \'性别\',\\n  age INT(3) default null COMMENT \'年龄\',\\n  college VARCHAR(100) default null COMMENT \'学院\',\\n  major VARCHAR(100) default null COMMENT \'专业\',\\n  grade VARCHAR(20) default null COMMENT \'年级\',\\n  contact VARCHAR(20) default null COMMENT \'联系方式\',\\n  family_address VARCHAR(255) default null COMMENT \'家庭住址\',\\n  family_income DECIMAL(10,2) default null COMMENT \'家庭年收入\',\\n  create_time DATETIME DEFAULT CURRENT_TIMESTAMP COMMENT \'创建时间\',\\n  update_time DATETIME DEFAULT CURRENT_TIMESTAMP ON UPDATE CURRENT_TIMESTAMP COMMENT \'更新时间\'\\n  primary key (id)\\n) engine=innodb auto_increment=1 comment = \'学生信息表\';\"}','{\"msg\":\"创建表结构异常\",\"code\":500}',0,NULL,'2024-09-29 03:47:12',13),(74,'创建表',0,'com.ruoyi.generator.controller.GenController.createTableSave()','POST',1,'admin','研发部门','/tool/gen/createTable','172.20.0.1','内网IP','{\"sql\":\"CREATE TABLE `poor_student` (\\n  `id` VARCHAR(20) NOT NULL,\\n  `name` VARCHAR(50) NOT NULL,\\n  `gender` CHAR(1) NOT NULL,\\n  `age` INT NOT NULL,\\n  `college` VARCHAR(100) NOT NULL,\\n  `major` VARCHAR(100) NOT NULL,\\n  `grade` VARCHAR(20) NOT NULL,\\n  `contact` VARCHAR(20) NOT NULL,\\n  `family_address` VARCHAR(255) NOT NULL,\\n  `family_income` DECIMAL(10,2) NOT NULL,\\n  `create_time` DATETIME,\\n  `update_time` DATETIME,\\n  PRIMARY KEY (`id`)\\n) engine=innodb auto_increment=1 comment = \'学生信息表\';\"}','{\"msg\":\"创建表结构异常\",\"code\":500}',0,NULL,'2024-09-29 03:47:18',26),(75,'创建表',0,'com.ruoyi.generator.controller.GenController.createTableSave()','POST',1,'admin','研发部门','/tool/gen/createTable','172.20.0.1','内网IP','{\"sql\":\"CREATE TABLE `student_info` (\\n  `student_id` VARCHAR(20) NOT NULL,\\n  `name` VARCHAR(50) NOT NULL,\\n  `gender` CHAR(1) NOT NULL,\\n  `age` INT NOT NULL,\\n  `college` VARCHAR(100) NOT NULL,\\n  `major` VARCHAR(100) NOT NULL,\\n  `grade` VARCHAR(20) NOT NULL,\\n  `contact` VARCHAR(20) NOT NULL,\\n  `family_address` VARCHAR(255) NOT NULL,\\n  `family_income` DECIMAL(10,2) NOT NULL,\\n  `create_time` DATETIME,\\n  `update_time` DATETIME,\\n  PRIMARY KEY (`student_id`)\\n) engine=innodb auto_increment=1 comment = \'学生信息表\';\"}','{\"msg\":\"创建表结构异常\",\"code\":500}',0,NULL,'2024-09-29 03:47:45',23),(76,'创建表',0,'com.ruoyi.generator.controller.GenController.createTableSave()','POST',1,'admin','研发部门','/tool/gen/createTable','172.20.0.1','内网IP','{\"sql\":\"CREATE TABLE `student_info` (\\n  `student_id` VARCHAR(20) NOT NULL,\\n  `name` VARCHAR(50) NOT NULL,\\n  `gender` CHAR(1) NOT NULL,\\n  `age` INT NOT NULL,\\n  `college` VARCHAR(100) NOT NULL,\\n  `major` VARCHAR(100) NOT NULL,\\n  `grade` VARCHAR(20) NOT NULL,\\n  `contact` VARCHAR(20) NOT NULL,\\n  `family_address` VARCHAR(255) NOT NULL,\\n  `family_income` DECIMAL(10,2) NOT NULL,\\n  `create_time` DATETIME,\\n  `update_time` DATETIME,\\n  PRIMARY KEY (`student_id`)\\n);\"}','{\"msg\":\"创建表结构异常\",\"code\":500}',0,NULL,'2024-09-29 03:47:52',20),(77,'创建表',0,'com.ruoyi.generator.controller.GenController.createTableSave()','POST',1,'admin','研发部门','/tool/gen/createTable','172.20.0.1','内网IP','{\"sql\":\"CREATE TABLE poor_student (\\n  id VARCHAR(20) auto_increment COMMENT \'学号\',\\n  name VARCHAR(50) default null COMMENT \'姓名\',\\n  gender CHAR(1) default null COMMENT \'性别\',\\n  age INT(3) default null COMMENT \'年龄\',\\n  college VARCHAR(100) default null COMMENT \'学院\',\\n  major VARCHAR(100) default null COMMENT \'专业\',\\n  grade VARCHAR(20) default null COMMENT \'年级\',\\n  contact VARCHAR(20) default null COMMENT \'联系方式\',\\n  family_address VARCHAR(255) default null COMMENT \'家庭住址\',\\n  family_income DECIMAL(10,2) default null COMMENT \'家庭年收入\',\\n  create_time DATETIME DEFAULT CURRENT_TIMESTAMP COMMENT \'创建时间\',\\n  update_time DATETIME DEFAULT CURRENT_TIMESTAMP ON UPDATE CURRENT_TIMESTAMP COMMENT \'更新时间\'\\n  primary key (id)\\n) engine=innodb auto_increment=1 comment = \'学生信息表\';\"}','{\"msg\":\"创建表结构异常\",\"code\":500}',0,NULL,'2024-09-29 03:48:34',9),(78,'创建表',0,'com.ruoyi.generator.controller.GenController.createTableSave()','POST',1,'admin','研发部门','/tool/gen/createTable','172.20.0.1','内网IP','{\"sql\":\"CREATE TABLE `student_info` (\\n  `student_id` VARCHAR(20) NOT NULL,\\n  `name` VARCHAR(50) NOT NULL,\\n  `gender` CHAR(1) NOT NULL,\\n  `age` INT NOT NULL,\\n  `college` VARCHAR(100) NOT NULL,\\n  `major` VARCHAR(100) NOT NULL,\\n  `grade` VARCHAR(20) NOT NULL,\\n  `contact` VARCHAR(20) NOT NULL,\\n  `family_address` VARCHAR(255) NOT NULL,\\n  `family_income` DECIMAL(10,2) NOT NULL,\\n  `create_time` DATETIME,\\n  `update_time` DATETIME,\\n  PRIMARY KEY (`student_id`)\\n) engine=innodb auto_increment=1 comment = \'学生信息表\';\"}','{\"msg\":\"操作成功\",\"code\":200}',0,NULL,'2024-09-29 03:48:56',117),(79,'代码生成',3,'com.ruoyi.generator.controller.GenController.remove()','DELETE',1,'admin','研发部门','/tool/gen/11','172.20.0.1','内网IP','{}','{\"msg\":\"操作成功\",\"code\":200}',0,NULL,'2024-09-29 03:49:01',18),(80,'创建表',0,'com.ruoyi.generator.controller.GenController.createTableSave()','POST',1,'admin','研发部门','/tool/gen/createTable','172.20.0.1','内网IP','{\"sql\":\"CREATE TABLE `student_info` (\\n  `student_id` VARCHAR(20) NOT NULL COMMENT \'学号\',\\n  `name` VARCHAR(50) NOT NULL,\\n  `gender` CHAR(1) NOT NULL,\\n  `age` INT NOT NULL,\\n  `college` VARCHAR(100) NOT NULL,\\n  `major` VARCHAR(100) NOT NULL,\\n  `grade` VARCHAR(20) NOT NULL,\\n  `contact` VARCHAR(20) NOT NULL,\\n  `family_address` VARCHAR(255) NOT NULL,\\n  `family_income` DECIMAL(10,2) NOT NULL,\\n  `create_time` DATETIME,\\n  `update_time` DATETIME,\\n  PRIMARY KEY (`student_id`)\\n) engine=innodb auto_increment=1 comment = \'学生信息表\';\"}','{\"msg\":\"操作成功\",\"code\":200}',0,NULL,'2024-09-29 03:49:39',114),(81,'代码生成',3,'com.ruoyi.generator.controller.GenController.remove()','DELETE',1,'admin','研发部门','/tool/gen/12','172.20.0.1','内网IP','{}','{\"msg\":\"操作成功\",\"code\":200}',0,NULL,'2024-09-29 03:49:50',11),(82,'创建表',0,'com.ruoyi.generator.controller.GenController.createTableSave()','POST',1,'admin','研发部门','/tool/gen/createTable','172.20.0.1','内网IP','{\"sql\":\"CREATE TABLE `poor_student` (\\n  `id` int(11) auto_increment COMMENT \'学号\',\\n  `number` VARCHAR(20) PRIMARY KEY COMMENT \'学号\',\\n  `name` VARCHAR(50) NOT NULL COMMENT \'姓名\',\\n  `gender` CHAR(1) NOT NULL COMMENT \'性别\',\\n  `age` INT NOT NULL COMMENT \'年龄\',\\n  `college` VARCHAR(100) NOT NULL COMMENT \'学院\',\\n  `major` VARCHAR(100) NOT NULL COMMENT \'专业\',\\n  `grade` VARCHAR(20) NOT NULL COMMENT \'年级\',\\n  `contact` VARCHAR(20) NOT NULL COMMENT \'联系方式\',\\n  `family_address` VARCHAR(255) NOT NULL COMMENT \'家庭住址\',\\n  `family_income` DECIMAL(10,2) NOT NULL COMMENT \'家庭年收入\',\\n  `create_time` DATETIME DEFAULT CURRENT_TIMESTAMP COMMENT \'创建时间\',\\n  `update_time` DATETIME DEFAULT CURRENT_TIMESTAMP ON UPDATE CURRENT_TIMESTAMP COMMENT \'更新时间\',\\n\\n) engine=innodb auto_increment=1 comment = \'学生信息表\';\"}','{\"msg\":\"创建表结构异常\",\"code\":500}',0,NULL,'2024-09-29 03:53:06',10),(83,'创建表',0,'com.ruoyi.generator.controller.GenController.createTableSave()','POST',1,'admin','研发部门','/tool/gen/createTable','172.20.0.1','内网IP','{\"sql\":\"CREATE TABLE `poor_student` (\\n  `id` int(11) auto_increment COMMENT \'学号\',\\n  `number` VARCHAR(20) PRIMARY KEY COMMENT \'学号\',\\n  `name` VARCHAR(50) NOT NULL COMMENT \'姓名\',\\n  `gender` CHAR(1) NOT NULL COMMENT \'性别\',\\n  `age` INT NOT NULL COMMENT \'年龄\',\\n  `college` VARCHAR(100) NOT NULL COMMENT \'学院\',\\n  `major` VARCHAR(100) NOT NULL COMMENT \'专业\',\\n  `grade` VARCHAR(20) NOT NULL COMMENT \'年级\',\\n  `contact` VARCHAR(20) NOT NULL COMMENT \'联系方式\',\\n  `family_address` VARCHAR(255) NOT NULL COMMENT \'家庭住址\',\\n  `family_income` DECIMAL(10,2) NOT NULL COMMENT \'家庭年收入\',\\n  `create_time` DATETIME DEFAULT CURRENT_TIMESTAMP COMMENT \'创建时间\',\\n  `update_time` DATETIME DEFAULT CURRENT_TIMESTAMP ON UPDATE CURRENT_TIMESTAMP COMMENT \'更新时间\',\\n   primary key (id)\\n) engine=innodb auto_increment=1 comment = \'学生信息表\';\"}','{\"msg\":\"创建表结构异常\",\"code\":500}',0,NULL,'2024-09-29 03:53:19',13),(84,'创建表',0,'com.ruoyi.generator.controller.GenController.createTableSave()','POST',1,'admin','研发部门','/tool/gen/createTable','172.20.0.1','内网IP','{\"sql\":\"CREATE TABLE `poor_student` (\\n  `id` int(11) auto_increment COMMENT \'id\',\\n  `number` VARCHAR(20) PRIMARY KEY COMMENT \'学号\',\\n  `name` VARCHAR(50) NOT NULL COMMENT \'姓名\',\\n  `gender` CHAR(1) NOT NULL COMMENT \'性别\',\\n  `age` INT NOT NULL COMMENT \'年龄\',\\n  `college` VARCHAR(100) NOT NULL COMMENT \'学院\',\\n  `major` VARCHAR(100) NOT NULL COMMENT \'专业\',\\n  `grade` VARCHAR(20) NOT NULL COMMENT \'年级\',\\n  `contact` VARCHAR(20) NOT NULL COMMENT \'联系方式\',\\n  `family_address` VARCHAR(255) NOT NULL COMMENT \'家庭住址\',\\n  `family_income` DECIMAL(10,2) NOT NULL COMMENT \'家庭年收入\',\\n  `create_time` DATETIME DEFAULT CURRENT_TIMESTAMP COMMENT \'创建时间\',\\n  `update_time` DATETIME DEFAULT CURRENT_TIMESTAMP COMMENT \'更新时间\',\\n  PRIMARY KEY (`student_id`)\\n) engine=innodb auto_increment=1 comment = \'学生信息表\';\"}','{\"msg\":\"创建表结构异常\",\"code\":500}',0,NULL,'2024-09-29 03:54:20',68),(85,'创建表',0,'com.ruoyi.generator.controller.GenController.createTableSave()','POST',1,'admin','研发部门','/tool/gen/createTable','172.20.0.1','内网IP','{\"sql\":\"CREATE TABLE `poor_student` (\\n  `id` int(11) auto_increment COMMENT \'id\',\\n  `number` VARCHAR(20) PRIMARY KEY COMMENT \'学号\',\\n  `name` VARCHAR(50) NOT NULL COMMENT \'姓名\',\\n  `gender` CHAR(1) NOT NULL COMMENT \'性别\',\\n  `age` INT NOT NULL COMMENT \'年龄\',\\n  `college` VARCHAR(100) NOT NULL COMMENT \'学院\',\\n  `major` VARCHAR(100) NOT NULL COMMENT \'专业\',\\n  `grade` VARCHAR(20) NOT NULL COMMENT \'年级\',\\n  `contact` VARCHAR(20) NOT NULL COMMENT \'联系方式\',\\n  `family_address` VARCHAR(255) NOT NULL COMMENT \'家庭住址\',\\n  `family_income` DECIMAL(10,2) NOT NULL COMMENT \'家庭年收入\',\\n  `create_time` DATETIME DEFAULT CURRENT_TIMESTAMP COMMENT \'创建时间\',\\n  `update_time` DATETIME DEFAULT CURRENT_TIMESTAMP COMMENT \'更新时间\',\\n  PRIMARY KEY (`id`)\\n) engine=innodb auto_increment=1 comment = \'学生信息表\';\"}','{\"msg\":\"创建表结构异常\",\"code\":500}',0,NULL,'2024-09-29 03:54:38',23),(86,'创建表',0,'com.ruoyi.generator.controller.GenController.createTableSave()','POST',1,'admin','研发部门','/tool/gen/createTable','172.20.0.1','内网IP','{\"sql\":\"CREATE TABLE `poor_student` (\\n  `id` int(11) auto_increment COMMENT \'id\',\\n  `number` VARCHAR(20) COMMENT \'学号\',\\n  `name` VARCHAR(50) NOT NULL COMMENT \'姓名\',\\n  `gender` CHAR(1) NOT NULL COMMENT \'性别\',\\n  `age` INT NOT NULL COMMENT \'年龄\',\\n  `college` VARCHAR(100) NOT NULL COMMENT \'学院\',\\n  `major` VARCHAR(100) NOT NULL COMMENT \'专业\',\\n  `grade` VARCHAR(20) NOT NULL COMMENT \'年级\',\\n  `contact` VARCHAR(20) NOT NULL COMMENT \'联系方式\',\\n  `family_address` VARCHAR(255) NOT NULL COMMENT \'家庭住址\',\\n  `family_income` DECIMAL(10,2) NOT NULL COMMENT \'家庭年收入\',\\n  `create_time` DATETIME DEFAULT CURRENT_TIMESTAMP COMMENT \'创建时间\',\\n  `update_time` DATETIME DEFAULT CURRENT_TIMESTAMP COMMENT \'更新时间\',\\n  PRIMARY KEY (`id`)\\n) engine=innodb auto_increment=1 comment = \'学生信息表\';\"}','{\"msg\":\"操作成功\",\"code\":200}',0,NULL,'2024-09-29 03:54:56',128),(87,'创建表',0,'com.ruoyi.generator.controller.GenController.createTableSave()','POST',1,'admin','研发部门','/tool/gen/createTable','172.20.0.1','内网IP','{\"sql\":\"CREATE TABLE `poverty_application` (\\n  `id` int(11) auto_increment PRIMARY KEY COMMENT \'申请ID\',\\n  `application_date` DATE NOT NULL COMMENT \'申请日期\',\\n  `poverty_reason` TEXT NOT NULL COMMENT \'贫困原因\',\\n  `supporting_documents` TEXT COMMENT \'证明材料\',\\n  `status` ENUM(\'待审核\', \'已通过\', \'已拒绝\') NOT NULL DEFAULT \'待审核\' COMMENT \'审核状态\',\\n  `reviewer_id` VARCHAR(20) COMMENT \'审核人ID\',\\n  `review_date` DATE COMMENT \'审核日期\',\\n  `review_comments` TEXT COMMENT \'审核意见\',\\n  FOREIGN KEY (id) REFERENCES poor_student(id)\\n) engine=innodb auto_increment=1 comment = \'贫困申请表\';\"}','{\"msg\":\"操作成功\",\"code\":200}',0,NULL,'2024-09-29 03:57:15',96),(88,'代码生成',2,'com.ruoyi.generator.controller.GenController.editSave()','PUT',1,'admin','研发部门','/tool/gen','172.20.0.1','内网IP','{\"businessName\":\"application\",\"className\":\"PoorApplication\",\"columns\":[{\"capJavaField\":\"Id\",\"columnComment\":\"申请ID\",\"columnId\":149,\"columnName\":\"id\",\"columnType\":\"int(11)\",\"createBy\":\"admin\",\"createTime\":\"2024-09-28 19:57:15\",\"dictType\":\"\",\"edit\":false,\"htmlType\":\"input\",\"increment\":true,\"insert\":true,\"isIncrement\":\"1\",\"isInsert\":\"1\",\"isPk\":\"1\",\"isRequired\":\"0\",\"javaField\":\"id\",\"javaType\":\"Long\",\"list\":false,\"params\":{},\"pk\":true,\"query\":false,\"queryType\":\"EQ\",\"required\":false,\"sort\":1,\"superColumn\":false,\"tableId\":14,\"updateBy\":\"\",\"usableColumn\":false},{\"capJavaField\":\"ApplicationDate\",\"columnComment\":\"申请日期\",\"columnId\":150,\"columnName\":\"application_date\",\"columnType\":\"date\",\"createBy\":\"admin\",\"createTime\":\"2024-09-28 19:57:15\",\"dictType\":\"\",\"edit\":true,\"htmlType\":\"datetime\",\"increment\":false,\"insert\":true,\"isEdit\":\"1\",\"isIncrement\":\"0\",\"isInsert\":\"1\",\"isList\":\"1\",\"isPk\":\"0\",\"isQuery\":\"1\",\"isRequired\":\"1\",\"javaField\":\"applicationDate\",\"javaType\":\"Date\",\"list\":true,\"params\":{},\"pk\":false,\"query\":true,\"queryType\":\"EQ\",\"required\":true,\"sort\":2,\"superColumn\":false,\"tableId\":14,\"updateBy\":\"\",\"usableColumn\":false},{\"capJavaField\":\"PovertyReason\",\"columnComment\":\"贫困原因\",\"columnId\":151,\"columnName\":\"poverty_reason\",\"columnType\":\"text\",\"createBy\":\"admin\",\"createTime\":\"2024-09-28 19:57:15\",\"dictType\":\"\",\"edit\":true,\"htmlType\":\"textarea\",\"increment\":false,\"insert\":true,\"isEdit\":\"1\",\"isIncrement\":\"0\",\"isInsert\":\"1\",\"isList\":\"1\",\"isPk\":\"0\",\"isQuery\":\"1\",\"isRequired\":\"1\",\"javaField\":\"povertyReason\",\"javaType\":\"String\",\"list\":true,\"params\":{},\"pk\":false,\"query\":true,\"queryType\":\"EQ\",\"required\":true,\"sort\":3,\"superColumn\":false,\"tableId\":14,\"updateBy\":\"\",\"usableColumn\":false},{\"capJavaField\":\"SupportingDocuments\",\"columnComment\":\"证明材料\",\"columnId\":152,\"columnName\":\"supporting_documents\",\"columnType\":\"text\",\"createBy\":\"admin\",\"createTime\":\"2024-09-28 19:57:15\",\"dictType\":\"\",\"edit\":true,\"htmlType\":\"textarea\",\"increment\":false,\"insert\":true,\"isEdit\":\"1\",\"isIncrement\":\"0\",\"isInsert\":\"1\",\"','{\"msg\":\"操作成功\",\"code\":200}',0,NULL,'2024-09-29 03:57:37',101),(89,'代码生成',3,'com.ruoyi.generator.controller.GenController.remove()','DELETE',1,'admin','研发部门','/tool/gen/14','172.20.0.1','内网IP','{}','{\"msg\":\"操作成功\",\"code\":200}',0,NULL,'2024-09-29 03:58:11',15),(90,'创建表',0,'com.ruoyi.generator.controller.GenController.createTableSave()','POST',1,'admin','研发部门','/tool/gen/createTable','172.20.0.1','内网IP','{\"sql\":\"CREATE TABLE `poor_application` (\\n  `id` int(11) auto_increment PRIMARY KEY COMMENT \'申请ID\',\\n  `application_date` DATE NOT NULL COMMENT \'申请日期\',\\n  `poverty_reason` TEXT NOT NULL COMMENT \'贫困原因\',\\n  `supporting_documents` TEXT COMMENT \'证明材料\',\\n  `status` ENUM(\'待审核\', \'已通过\', \'已拒绝\') NOT NULL DEFAULT \'待审核\' COMMENT \'审核状态\',\\n  `reviewer_id` VARCHAR(20) COMMENT \'审核人ID\',\\n  `review_date` DATE COMMENT \'审核日期\',\\n  `review_comments` TEXT COMMENT \'审核意见\',\\n  FOREIGN KEY (id) REFERENCES poor_student(id)\\n) engine=innodb auto_increment=1 comment = \'贫困申请表\';\"}','{\"msg\":\"操作成功\",\"code\":200}',0,NULL,'2024-09-29 03:58:19',103),(91,'代码生成',3,'com.ruoyi.generator.controller.GenController.remove()','DELETE',1,'admin','研发部门','/tool/gen/13','172.20.0.1','内网IP','{}','{\"msg\":\"操作成功\",\"code\":200}',0,NULL,'2024-09-29 04:19:19',60),(92,'代码生成',3,'com.ruoyi.generator.controller.GenController.remove()','DELETE',1,'admin','研发部门','/tool/gen/15','172.20.0.1','内网IP','{}','{\"msg\":\"操作成功\",\"code\":200}',0,NULL,'2024-09-29 04:19:22',10),(93,'角色管理',2,'com.ruoyi.web.controller.system.SysRoleController.dataScope()','PUT',1,'admin','开发人员','/system/role/dataScope','172.20.0.1','内网IP','{\"admin\":false,\"createTime\":\"2024-09-28 17:12:40\",\"dataScope\":\"1\",\"delFlag\":\"0\",\"deptCheckStrictly\":true,\"deptIds\":[],\"flag\":false,\"menuCheckStrictly\":true,\"params\":{},\"roleId\":3,\"roleKey\":\"student\",\"roleName\":\"学生角色\",\"roleSort\":3,\"status\":\"0\"}','{\"msg\":\"操作成功\",\"code\":200}',0,NULL,'2024-09-29 05:55:50',15),(94,'角色管理',1,'com.ruoyi.web.controller.system.SysRoleController.add()','POST',1,'admin','开发人员','/system/role','172.20.0.1','内网IP','{\"admin\":false,\"createBy\":\"admin\",\"deptCheckStrictly\":true,\"deptIds\":[],\"flag\":false,\"menuCheckStrictly\":true,\"menuIds\":[],\"params\":{},\"roleId\":5,\"roleKey\":\"admin_\",\"roleName\":\"管理员\",\"roleSort\":5,\"status\":\"0\"}','{\"msg\":\"操作成功\",\"code\":200}',0,NULL,'2024-09-29 05:59:36',21),(95,'创建表',0,'com.ruoyi.generator.controller.GenController.createTableSave()','POST',1,'admin','开发人员','/tool/gen/createTable','172.20.0.1','内网IP','{\"sql\":\"-- 学生信息表\\nCREATE TABLE `poor_student` (\\n  `id` int(11) auto_increment COMMENT \'id\',\\n  `user_id` int(11) NOT NULL COMMENT \'用户id\',\\n  `number` VARCHAR(20) PRIMARY KEY COMMENT \'学号\',\\n  `name` VARCHAR(50) NOT NULL COMMENT \'姓名\',\\n  `gender` CHAR(1) NOT NULL COMMENT \'性别\',\\n  `age` INT NOT NULL COMMENT \'年龄\',\\n  `college` VARCHAR(100) NOT NULL COMMENT \'学院\',\\n  `major` VARCHAR(100) NOT NULL COMMENT \'专业\',\\n  `grade` VARCHAR(20) NOT NULL COMMENT \'年级\',\\n  `contact` VARCHAR(20) NOT NULL COMMENT \'联系方式\',\\n  `family_address` VARCHAR(255) NOT NULL COMMENT \'家庭住址\',\\n  `family_income` DECIMAL(10,2) NOT NULL COMMENT \'家庭年收入\',\\n  `create_time` DATETIME DEFAULT CURRENT_TIMESTAMP COMMENT \'创建时间\',\\n  `update_time` DATETIME DEFAULT CURRENT_TIMESTAMP COMMENT \'更新时间\',\\n  PRIMARY KEY (`id`),\\n  CONSTRAINT `fk_student_user` FOREIGN KEY (`user_id`) REFERENCES `sys_user` (`user_id`)\\n) engine=innodb auto_increment=1 comment = \'学生信息表\';\\n\\n-- 教师信息表\\nCREATE TABLE `poor_teacher` (\\n  `id` int(11) auto_increment COMMENT \'id\',\\n  `user_id` int(11) NOT NULL COMMENT \'用户id\',\\n  `number` VARCHAR(20) NOT NULL COMMENT \'教师编号\',\\n  `position` VARCHAR(50) NOT NULL COMMENT \'家庭住址\',\\n  `hire_date` DATE NOT NULL COMMENT \'入职日期\',\\n  `level` VARCHAR(255) NOT NULL COMMENT \'职称\',\\n  PRIMARY KEY (`id`),\\n  CONSTRAINT `fk_teacher_user` FOREIGN KEY (`user_id`) REFERENCES `sys_user` (`user_id`)\\n) engine=innodb auto_increment=1 comment = \'教师信息表\';\\n\\n-- 贫困申请表\\nCREATE TABLE `poor_application` (\\n  `id` int(11) auto_increment PRIMARY KEY COMMENT \'申请ID\',\\n  `student_id` int(11) NOT NULL COMMENT \'学生id\',\\n  `application_date` DATE NOT NULL COMMENT \'申请日期\',\\n  `poverty_reason` TEXT NOT NULL COMMENT \'贫困原因\',\\n  `supporting_documents` TEXT COMMENT \'证明材料\',\\n  `status` ENUM(\'待审核\', \'已通过\', \'已拒绝\') NOT NULL DEFAULT \'待审核\' COMMENT \'审核状态\',\\n  `reviewer_id` int(11) COMMENT \'审核人ID\',\\n  `review_date` DATE COMMENT \'审核日期\',\\n  `review_comments` TEXT COMMENT \'审核意见\',\\n  FOREIGN KEY (student_id) REFERENCES poor_student(id)\\n) engine=innodb auto_inc','{\"msg\":\"创建表结构异常\",\"code\":500}',0,NULL,'2024-09-29 06:09:40',48),(96,'创建表',0,'com.ruoyi.generator.controller.GenController.createTableSave()','POST',1,'admin','开发人员','/tool/gen/createTable','172.20.0.1','内网IP','{\"sql\":\"-- 学生信息表\\nCREATE TABLE `poor_student` (\\n  `id` int(11) auto_increment COMMENT \'id\',\\n  `user_id` int(11) NOT NULL COMMENT \'用户id\',\\n  `number` VARCHAR(20) PRIMARY KEY COMMENT \'学号\',\\n  `name` VARCHAR(50) NOT NULL COMMENT \'姓名\',\\n  `gender` CHAR(1) NOT NULL COMMENT \'性别\',\\n  `age` INT NOT NULL COMMENT \'年龄\',\\n  `college` VARCHAR(100) NOT NULL COMMENT \'学院\',\\n  `major` VARCHAR(100) NOT NULL COMMENT \'专业\',\\n  `grade` VARCHAR(20) NOT NULL COMMENT \'年级\',\\n  `contact` VARCHAR(20) NOT NULL COMMENT \'联系方式\',\\n  `family_address` VARCHAR(255) NOT NULL COMMENT \'家庭住址\',\\n  `family_income` DECIMAL(10,2) NOT NULL COMMENT \'家庭年收入\',\\n  `create_time` DATETIME DEFAULT CURRENT_TIMESTAMP COMMENT \'创建时间\',\\n  `update_time` DATETIME DEFAULT CURRENT_TIMESTAMP COMMENT \'更新时间\',\\n  PRIMARY KEY (`id`),\\n  CONSTRAINT `fk_student_user` FOREIGN KEY (`user_id`) REFERENCES `sys_user` (`user_id`)\\n) engine=innodb auto_increment=1 comment = \'学生信息表\';\\n\"}','{\"msg\":\"创建表结构异常\",\"code\":500}',0,NULL,'2024-09-29 06:09:50',19),(97,'创建表',0,'com.ruoyi.generator.controller.GenController.createTableSave()','POST',1,'admin','开发人员','/tool/gen/createTable','172.20.0.1','内网IP','{\"sql\":\"-- 学生信息表\\nCREATE TABLE `poor_student` (\\n  `id` int(11) auto_increment COMMENT \'id\',\\n  `user_id` int(11) NOT NULL COMMENT \'用户id\',\\n  `number` VARCHAR(20) PRIMARY KEY COMMENT \'学号\',\\n  `name` VARCHAR(50) NOT NULL COMMENT \'姓名\',\\n  `gender` CHAR(1) NOT NULL COMMENT \'性别\',\\n  `age` INT NOT NULL COMMENT \'年龄\',\\n  `college` VARCHAR(100) NOT NULL COMMENT \'学院\',\\n  `major` VARCHAR(100) NOT NULL COMMENT \'专业\',\\n  `grade` VARCHAR(20) NOT NULL COMMENT \'年级\',\\n  `contact` VARCHAR(20) NOT NULL COMMENT \'联系方式\',\\n  `family_address` VARCHAR(255) NOT NULL COMMENT \'家庭住址\',\\n  `family_income` DECIMAL(10,2) NOT NULL COMMENT \'家庭年收入\',\\n  `create_time` DATETIME DEFAULT CURRENT_TIMESTAMP COMMENT \'创建时间\',\\n  `update_time` DATETIME DEFAULT CURRENT_TIMESTAMP COMMENT \'更新时间\',\\n  PRIMARY KEY (`id`),\\n) engine=innodb auto_increment=1 comment = \'学生信息表\';\\n\"}','{\"msg\":\"创建表结构异常\",\"code\":500}',0,NULL,'2024-09-29 06:09:53',13),(98,'创建表',0,'com.ruoyi.generator.controller.GenController.createTableSave()','POST',1,'admin','开发人员','/tool/gen/createTable','172.20.0.1','内网IP','{\"sql\":\"-- 学生信息表\\nCREATE TABLE `poor_student` (\\n  `id` int(11) auto_increment COMMENT \'id\',\\n  `user_id` int(11) NOT NULL COMMENT \'用户id\',\\n  `number` VARCHAR(20) PRIMARY KEY COMMENT \'学号\',\\n  `name` VARCHAR(50) NOT NULL COMMENT \'姓名\',\\n  `gender` CHAR(1) NOT NULL COMMENT \'性别\',\\n  `age` INT NOT NULL COMMENT \'年龄\',\\n  `college` VARCHAR(100) NOT NULL COMMENT \'学院\',\\n  `major` VARCHAR(100) NOT NULL COMMENT \'专业\',\\n  `grade` VARCHAR(20) NOT NULL COMMENT \'年级\',\\n  `contact` VARCHAR(20) NOT NULL COMMENT \'联系方式\',\\n  `family_address` VARCHAR(255) NOT NULL COMMENT \'家庭住址\',\\n  `family_income` DECIMAL(10,2) NOT NULL COMMENT \'家庭年收入\',\\n  `create_time` DATETIME DEFAULT CURRENT_TIMESTAMP COMMENT \'创建时间\',\\n  `update_time` DATETIME DEFAULT CURRENT_TIMESTAMP COMMENT \'更新时间\',\\n  PRIMARY KEY (`id`),\\n) engine=innodb auto_increment=1 comment = \'学生信息表\';\\n\"}','{\"msg\":\"创建表结构异常\",\"code\":500}',0,NULL,'2024-09-29 06:10:54',12),(99,'创建表',0,'com.ruoyi.generator.controller.GenController.createTableSave()','POST',1,'admin','开发人员','/tool/gen/createTable','172.20.0.1','内网IP','{\"sql\":\"-- 学生信息表\\nCREATE TABLE `poor_student` (\\n  `id` int(11) auto_increment COMMENT \'id\',\\n  `user_id` int(11) NOT NULL COMMENT \'用户id\',\\n  `number` VARCHAR(20) PRIMARY KEY COMMENT \'学号\',\\n  `name` VARCHAR(50) NOT NULL COMMENT \'姓名\',\\n  `gender` CHAR(1) NOT NULL COMMENT \'性别\',\\n  `age` INT NOT NULL COMMENT \'年龄\',\\n  `college` VARCHAR(100) NOT NULL COMMENT \'学院\',\\n  `major` VARCHAR(100) NOT NULL COMMENT \'专业\',\\n  `grade` VARCHAR(20) NOT NULL COMMENT \'年级\',\\n  `contact` VARCHAR(20) NOT NULL COMMENT \'联系方式\',\\n  `family_address` VARCHAR(255) NOT NULL COMMENT \'家庭住址\',\\n  `family_income` DECIMAL(10,2) NOT NULL COMMENT \'家庭年收入\',\\n  `create_time` DATETIME DEFAULT CURRENT_TIMESTAMP COMMENT \'创建时间\',\\n  `update_time` DATETIME DEFAULT CURRENT_TIMESTAMP COMMENT \'更新时间\',\\n  PRIMARY KEY (`id`)\\n) engine=innodb auto_increment=1 comment = \'学生信息表\';\\n\"}','{\"msg\":\"创建表结构异常\",\"code\":500}',0,NULL,'2024-09-29 06:11:18',22),(100,'创建表',0,'com.ruoyi.generator.controller.GenController.createTableSave()','POST',1,'admin','开发人员','/tool/gen/createTable','172.20.0.1','内网IP','{\"sql\":\"CREATE TABLE `poor_student` (\\n  `id` int(11) auto_increment COMMENT \'id\',\\n  `user_id` int(11) NOT NULL COMMENT \'用户id\',\\n  `number` VARCHAR(20) PRIMARY KEY COMMENT \'学号\',\\n  `name` VARCHAR(50) NOT NULL COMMENT \'姓名\',\\n  `gender` CHAR(1) NOT NULL COMMENT \'性别\',\\n  `age` INT NOT NULL COMMENT \'年龄\',\\n  `college` VARCHAR(100) NOT NULL COMMENT \'学院\',\\n  `major` VARCHAR(100) NOT NULL COMMENT \'专业\',\\n  `grade` VARCHAR(20) NOT NULL COMMENT \'年级\',\\n  `contact` VARCHAR(20) NOT NULL COMMENT \'联系方式\',\\n  `family_address` VARCHAR(255) NOT NULL COMMENT \'家庭住址\',\\n  `family_income` DECIMAL(10,2) NOT NULL COMMENT \'家庭年收入\',\\n  `create_time` DATETIME DEFAULT CURRENT_TIMESTAMP COMMENT \'创建时间\',\\n  `update_time` DATETIME DEFAULT CURRENT_TIMESTAMP COMMENT \'更新时间\',\\n  PRIMARY KEY (`id`),\\n  CONSTRAINT `fk_student_user` FOREIGN KEY (`user_id`) REFERENCES `sys_user` (`user_id`)\\n) engine=innodb auto_increment=1 comment = \'学生信息表\';\"}','{\"msg\":\"创建表结构异常\",\"code\":500}',0,NULL,'2024-09-29 06:11:36',21),(101,'创建表',0,'com.ruoyi.generator.controller.GenController.createTableSave()','POST',1,'admin','开发人员','/tool/gen/createTable','172.20.0.1','内网IP','{\"sql\":\"CREATE TABLE `poor_student` (\\n  `id` int(11) auto_increment COMMENT \'id\',\\n  `user_id` int(11) NOT NULL COMMENT \'用户id\',\\n  `number` VARCHAR(20)  COMMENT \'学号\',\\n  `college` VARCHAR(100) NOT NULL COMMENT \'学院\',\\n  `major` VARCHAR(100) NOT NULL COMMENT \'专业\',\\n  `grade` VARCHAR(20) NOT NULL COMMENT \'年级\',\\n  `family_address` VARCHAR(255) NOT NULL COMMENT \'家庭住址\',\\n  `family_income` DECIMAL(10,2) NOT NULL COMMENT \'家庭年收入\',\\n  PRIMARY KEY (`id`),\\n  CONSTRAINT `fk_student_user` FOREIGN KEY (`user_id`) REFERENCES `sys_user` (`user_id`)\\n) engine=innodb auto_increment=1 comment = \'学生信息表\';\"}','{\"msg\":\"创建表结构异常\",\"code\":500}',0,NULL,'2024-09-29 06:14:46',49),(102,'创建表',0,'com.ruoyi.generator.controller.GenController.createTableSave()','POST',1,'admin','开发人员','/tool/gen/createTable','172.20.0.1','内网IP','{\"sql\":\"-- 学生信息表\\nCREATE TABLE `poor_student` (\\n  `id` int(11) auto_increment COMMENT \'id\',\\n  `user_id` bigint(20) NOT NULL COMMENT \'用户id\',\\n  `number` VARCHAR(20)  COMMENT \'学号\',\\n  `college` VARCHAR(100) NOT NULL COMMENT \'学院\',\\n  `major` VARCHAR(100) NOT NULL COMMENT \'专业\',\\n  `grade` VARCHAR(20) NOT NULL COMMENT \'年级\',\\n  `family_address` VARCHAR(255) NOT NULL COMMENT \'家庭住址\',\\n  `family_income` DECIMAL(10,2) NOT NULL COMMENT \'家庭年收入\',\\n  PRIMARY KEY (`id`),\\n  CONSTRAINT `fk_student_user` FOREIGN KEY (`user_id`) REFERENCES `sys_user` (`user_id`)\\n) engine=innodb auto_increment=1 comment = \'学生信息表\';\"}','{\"msg\":\"操作成功\",\"code\":200}',0,NULL,'2024-09-29 06:16:09',87),(103,'创建表',0,'com.ruoyi.generator.controller.GenController.createTableSave()','POST',1,'admin','开发人员','/tool/gen/createTable','172.20.0.1','内网IP','{\"sql\":\"CREATE TABLE `poor_teacher` (\\n  `id` int(11) auto_increment COMMENT \'id\',\\n  `user_id` bigint(20) NOT NULL COMMENT \'用户id\',\\n  `number` VARCHAR(20) NOT NULL COMMENT \'教师编号\',\\n  `position` VARCHAR(50) NOT NULL COMMENT \'家庭住址\',\\n  `hire_date` DATE NOT NULL COMMENT \'入职日期\',\\n  `level` VARCHAR(255) NOT NULL COMMENT \'职称\',\\n  PRIMARY KEY (`id`),\\n  CONSTRAINT `fk_teacher_user` FOREIGN KEY (`user_id`) REFERENCES `sys_user` (`user_id`)\\n) engine=innodb auto_increment=1 comment = \'教师信息表\';\"}','{\"msg\":\"操作成功\",\"code\":200}',0,NULL,'2024-09-29 06:16:24',80),(104,'创建表',0,'com.ruoyi.generator.controller.GenController.createTableSave()','POST',1,'admin','开发人员','/tool/gen/createTable','172.20.0.1','内网IP','{\"sql\":\"CREATE TABLE `poor_application` (\\n  `id` int(11) auto_increment PRIMARY KEY COMMENT \'申请ID\',\\n  `student_id` int(11) NOT NULL COMMENT \'学生id\',\\n  `application_date` DATE NOT NULL COMMENT \'申请日期\',\\n  `poverty_reason` TEXT NOT NULL COMMENT \'贫困原因\',\\n  `supporting_documents` TEXT COMMENT \'证明材料\',\\n  `status` ENUM(\'待审核\', \'已通过\', \'已拒绝\') NOT NULL DEFAULT \'待审核\' COMMENT \'审核状态\',\\n  `reviewer_id` int(11) COMMENT \'审核人ID\',\\n  `review_date` DATE COMMENT \'审核日期\',\\n  `review_comments` TEXT COMMENT \'审核意见\',\\n  `create_time` DATETIME DEFAULT CURRENT_TIMESTAMP COMMENT \'创建时间\',\\n  `update_time` DATETIME DEFAULT CURRENT_TIMESTAMP COMMENT \'更新时间\',\\n  FOREIGN KEY (student_id) REFERENCES poor_student(id)\\n) engine=innodb auto_increment=1 comment = \'贫困申请表\';\"}','{\"msg\":\"操作成功\",\"code\":200}',0,NULL,'2024-09-29 06:16:32',96),(105,'创建表',0,'com.ruoyi.generator.controller.GenController.createTableSave()','POST',1,'admin','开发人员','/tool/gen/createTable','172.20.0.1','内网IP','{\"sql\":\"-- 资助信息表\\nCREATE TABLE `poor_financial` (\\n  `id` INT AUTO_INCREMENT PRIMARY KEY COMMENT \'资助ID\',\\n  `student_id` int(11) NOT NULL COMMENT \'学生id\',\\n  `user_id` int(11) NOT NULL COMMENT \'操作人id\',\\n  `aid_type` VARCHAR(50) NOT NULL COMMENT \'资助类型\',\\n  `aid_amount` DECIMAL(10,2) NOT NULL COMMENT \'资助金额\',\\n  `grant_date` DATE NOT NULL COMMENT \'发放日期\',\\n  `grant_status` ENUM(\'待发放\', \'已发放\', \'已取消\') NOT NULL DEFAULT \'待发放\' COMMENT \'发放状态\',\\n  `create_time` DATETIME DEFAULT CURRENT_TIMESTAMP COMMENT \'创建时间\',\\n  `update_time` DATETIME DEFAULT CURRENT_TIMESTAMP COMMENT \'更新时间\',\\n  FOREIGN KEY (student_id) REFERENCES poor_student(id)\\n) engine=innodb auto_increment=1 comment = \'贫困申请表\';\"}','{\"msg\":\"操作成功\",\"code\":200}',0,NULL,'2024-09-29 06:16:40',93),(106,'代码生成',2,'com.ruoyi.generator.controller.GenController.editSave()','PUT',1,'admin','开发人员','/tool/gen','172.20.0.1','内网IP','{\"businessName\":\"application\",\"className\":\"PoorApplication\",\"columns\":[{\"capJavaField\":\"Id\",\"columnComment\":\"申请ID\",\"columnId\":179,\"columnName\":\"id\",\"columnType\":\"int(11)\",\"createBy\":\"admin\",\"createTime\":\"2024-09-28 22:16:32\",\"dictType\":\"\",\"edit\":false,\"htmlType\":\"input\",\"increment\":true,\"insert\":true,\"isIncrement\":\"1\",\"isInsert\":\"1\",\"isPk\":\"1\",\"isRequired\":\"0\",\"javaField\":\"id\",\"javaType\":\"Long\",\"list\":false,\"params\":{},\"pk\":true,\"query\":false,\"queryType\":\"EQ\",\"required\":false,\"sort\":1,\"superColumn\":false,\"tableId\":18,\"updateBy\":\"\",\"usableColumn\":false},{\"capJavaField\":\"StudentId\",\"columnComment\":\"学生id\",\"columnId\":180,\"columnName\":\"student_id\",\"columnType\":\"int(11)\",\"createBy\":\"admin\",\"createTime\":\"2024-09-28 22:16:32\",\"dictType\":\"\",\"edit\":true,\"htmlType\":\"input\",\"increment\":false,\"insert\":true,\"isEdit\":\"1\",\"isIncrement\":\"0\",\"isInsert\":\"1\",\"isList\":\"1\",\"isPk\":\"0\",\"isQuery\":\"1\",\"isRequired\":\"1\",\"javaField\":\"studentId\",\"javaType\":\"Long\",\"list\":true,\"params\":{},\"pk\":false,\"query\":true,\"queryType\":\"EQ\",\"required\":true,\"sort\":2,\"superColumn\":false,\"tableId\":18,\"updateBy\":\"\",\"usableColumn\":false},{\"capJavaField\":\"ApplicationDate\",\"columnComment\":\"申请日期\",\"columnId\":181,\"columnName\":\"application_date\",\"columnType\":\"date\",\"createBy\":\"admin\",\"createTime\":\"2024-09-28 22:16:32\",\"dictType\":\"\",\"edit\":true,\"htmlType\":\"datetime\",\"increment\":false,\"insert\":true,\"isEdit\":\"1\",\"isIncrement\":\"0\",\"isInsert\":\"1\",\"isList\":\"1\",\"isPk\":\"0\",\"isQuery\":\"1\",\"isRequired\":\"1\",\"javaField\":\"applicationDate\",\"javaType\":\"Date\",\"list\":true,\"params\":{},\"pk\":false,\"query\":true,\"queryType\":\"EQ\",\"required\":true,\"sort\":3,\"superColumn\":false,\"tableId\":18,\"updateBy\":\"\",\"usableColumn\":false},{\"capJavaField\":\"PovertyReason\",\"columnComment\":\"贫困原因\",\"columnId\":182,\"columnName\":\"poverty_reason\",\"columnType\":\"text\",\"createBy\":\"admin\",\"createTime\":\"2024-09-28 22:16:32\",\"dictType\":\"\",\"edit\":true,\"htmlType\":\"textarea\",\"increment\":false,\"insert\":true,\"isEdit\":\"1\",\"isIncrement\":\"0\",\"isInsert\":\"1\",\"isList\":\"1\",\"isPk\":\"0\",\"is','{\"msg\":\"操作成功\",\"code\":200}',0,NULL,'2024-09-29 06:28:35',78),(107,'代码生成',2,'com.ruoyi.generator.controller.GenController.editSave()','PUT',1,'admin','开发人员','/tool/gen','172.20.0.1','内网IP','{\"businessName\":\"student\",\"className\":\"PoorStudent\",\"columns\":[{\"capJavaField\":\"Id\",\"columnComment\":\"id\",\"columnId\":165,\"columnName\":\"id\",\"columnType\":\"int(11)\",\"createBy\":\"admin\",\"createTime\":\"2024-09-28 22:16:09\",\"dictType\":\"\",\"edit\":false,\"htmlType\":\"input\",\"increment\":true,\"insert\":true,\"isIncrement\":\"1\",\"isInsert\":\"1\",\"isPk\":\"1\",\"isRequired\":\"0\",\"javaField\":\"id\",\"javaType\":\"Long\",\"list\":false,\"params\":{},\"pk\":true,\"query\":false,\"queryType\":\"EQ\",\"required\":false,\"sort\":1,\"superColumn\":false,\"tableId\":16,\"updateBy\":\"\",\"usableColumn\":false},{\"capJavaField\":\"UserId\",\"columnComment\":\"用户id\",\"columnId\":166,\"columnName\":\"user_id\",\"columnType\":\"bigint(20)\",\"createBy\":\"admin\",\"createTime\":\"2024-09-28 22:16:09\",\"dictType\":\"\",\"edit\":true,\"htmlType\":\"input\",\"increment\":false,\"insert\":true,\"isEdit\":\"1\",\"isIncrement\":\"0\",\"isInsert\":\"1\",\"isList\":\"1\",\"isPk\":\"0\",\"isQuery\":\"1\",\"isRequired\":\"1\",\"javaField\":\"userId\",\"javaType\":\"Long\",\"list\":true,\"params\":{},\"pk\":false,\"query\":true,\"queryType\":\"EQ\",\"required\":true,\"sort\":2,\"superColumn\":false,\"tableId\":16,\"updateBy\":\"\",\"usableColumn\":false},{\"capJavaField\":\"Number\",\"columnComment\":\"学号\",\"columnId\":167,\"columnName\":\"number\",\"columnType\":\"varchar(20)\",\"createBy\":\"admin\",\"createTime\":\"2024-09-28 22:16:09\",\"dictType\":\"\",\"edit\":true,\"htmlType\":\"input\",\"increment\":false,\"insert\":true,\"isEdit\":\"1\",\"isIncrement\":\"0\",\"isInsert\":\"1\",\"isList\":\"1\",\"isPk\":\"0\",\"isQuery\":\"1\",\"isRequired\":\"0\",\"javaField\":\"number\",\"javaType\":\"String\",\"list\":true,\"params\":{},\"pk\":false,\"query\":true,\"queryType\":\"EQ\",\"required\":false,\"sort\":3,\"superColumn\":false,\"tableId\":16,\"updateBy\":\"\",\"usableColumn\":false},{\"capJavaField\":\"College\",\"columnComment\":\"学院\",\"columnId\":168,\"columnName\":\"college\",\"columnType\":\"varchar(100)\",\"createBy\":\"admin\",\"createTime\":\"2024-09-28 22:16:09\",\"dictType\":\"\",\"edit\":true,\"htmlType\":\"input\",\"increment\":false,\"insert\":true,\"isEdit\":\"1\",\"isIncrement\":\"0\",\"isInsert\":\"1\",\"isList\":\"1\",\"isPk\":\"0\",\"isQuery\":\"1\",\"isRequired\":\"1\",\"javaField\":\"college\"','{\"msg\":\"操作成功\",\"code\":200}',0,NULL,'2024-09-29 06:28:51',38),(108,'代码生成',3,'com.ruoyi.generator.controller.GenController.remove()','DELETE',1,'admin','开发人员','/tool/gen/6','172.20.0.1','内网IP','{}','{\"msg\":\"操作成功\",\"code\":200}',0,NULL,'2024-09-29 06:29:08',17),(109,'代码生成',2,'com.ruoyi.generator.controller.GenController.editSave()','PUT',1,'admin','开发人员','/tool/gen','172.20.0.1','内网IP','{\"businessName\":\"student\",\"className\":\"PoorStudent\",\"columns\":[{\"capJavaField\":\"Id\",\"columnComment\":\"id\",\"columnId\":165,\"columnName\":\"id\",\"columnType\":\"int(11)\",\"createBy\":\"admin\",\"createTime\":\"2024-09-28 22:16:09\",\"dictType\":\"\",\"edit\":false,\"htmlType\":\"input\",\"increment\":true,\"insert\":true,\"isIncrement\":\"1\",\"isInsert\":\"1\",\"isPk\":\"1\",\"isRequired\":\"0\",\"javaField\":\"id\",\"javaType\":\"Long\",\"list\":false,\"params\":{},\"pk\":true,\"query\":false,\"queryType\":\"EQ\",\"required\":false,\"sort\":1,\"superColumn\":false,\"tableId\":16,\"updateBy\":\"\",\"updateTime\":\"2024-09-28 22:28:51\",\"usableColumn\":false},{\"capJavaField\":\"UserId\",\"columnComment\":\"用户id\",\"columnId\":166,\"columnName\":\"user_id\",\"columnType\":\"bigint(20)\",\"createBy\":\"admin\",\"createTime\":\"2024-09-28 22:16:09\",\"dictType\":\"\",\"edit\":true,\"htmlType\":\"input\",\"increment\":false,\"insert\":true,\"isEdit\":\"1\",\"isIncrement\":\"0\",\"isInsert\":\"1\",\"isList\":\"1\",\"isPk\":\"0\",\"isQuery\":\"1\",\"isRequired\":\"1\",\"javaField\":\"userId\",\"javaType\":\"Long\",\"list\":true,\"params\":{},\"pk\":false,\"query\":true,\"queryType\":\"EQ\",\"required\":true,\"sort\":2,\"superColumn\":false,\"tableId\":16,\"updateBy\":\"\",\"updateTime\":\"2024-09-28 22:28:51\",\"usableColumn\":false},{\"capJavaField\":\"Number\",\"columnComment\":\"学号\",\"columnId\":167,\"columnName\":\"number\",\"columnType\":\"varchar(20)\",\"createBy\":\"admin\",\"createTime\":\"2024-09-28 22:16:09\",\"dictType\":\"\",\"edit\":true,\"htmlType\":\"input\",\"increment\":false,\"insert\":true,\"isEdit\":\"1\",\"isIncrement\":\"0\",\"isInsert\":\"1\",\"isList\":\"1\",\"isPk\":\"0\",\"isQuery\":\"1\",\"isRequired\":\"0\",\"javaField\":\"number\",\"javaType\":\"String\",\"list\":true,\"params\":{},\"pk\":false,\"query\":true,\"queryType\":\"EQ\",\"required\":false,\"sort\":3,\"superColumn\":false,\"tableId\":16,\"updateBy\":\"\",\"updateTime\":\"2024-09-28 22:28:51\",\"usableColumn\":false},{\"capJavaField\":\"College\",\"columnComment\":\"学院\",\"columnId\":168,\"columnName\":\"college\",\"columnType\":\"varchar(100)\",\"createBy\":\"admin\",\"createTime\":\"2024-09-28 22:16:09\",\"dictType\":\"\",\"edit\":true,\"htmlType\":\"input\",\"increment\":false,\"insert\":true,\"isEdit\":\"1\",\"isI','{\"msg\":\"操作成功\",\"code\":200}',0,NULL,'2024-09-29 06:31:00',75),(110,'代码生成',2,'com.ruoyi.generator.controller.GenController.editSave()','PUT',1,'admin','开发人员','/tool/gen','172.20.0.1','内网IP','{\"businessName\":\"teacher\",\"className\":\"PoorTeacher\",\"columns\":[{\"capJavaField\":\"Id\",\"columnComment\":\"id\",\"columnId\":173,\"columnName\":\"id\",\"columnType\":\"int(11)\",\"createBy\":\"admin\",\"createTime\":\"2024-09-28 22:16:24\",\"dictType\":\"\",\"edit\":false,\"htmlType\":\"input\",\"increment\":true,\"insert\":true,\"isIncrement\":\"1\",\"isInsert\":\"1\",\"isPk\":\"1\",\"isRequired\":\"0\",\"javaField\":\"id\",\"javaType\":\"Long\",\"list\":false,\"params\":{},\"pk\":true,\"query\":false,\"queryType\":\"EQ\",\"required\":false,\"sort\":1,\"superColumn\":false,\"tableId\":17,\"updateBy\":\"\",\"usableColumn\":false},{\"capJavaField\":\"UserId\",\"columnComment\":\"用户id\",\"columnId\":174,\"columnName\":\"user_id\",\"columnType\":\"bigint(20)\",\"createBy\":\"admin\",\"createTime\":\"2024-09-28 22:16:24\",\"dictType\":\"\",\"edit\":true,\"htmlType\":\"input\",\"increment\":false,\"insert\":true,\"isEdit\":\"1\",\"isIncrement\":\"0\",\"isInsert\":\"1\",\"isList\":\"1\",\"isPk\":\"0\",\"isQuery\":\"1\",\"isRequired\":\"1\",\"javaField\":\"userId\",\"javaType\":\"Long\",\"list\":true,\"params\":{},\"pk\":false,\"query\":true,\"queryType\":\"EQ\",\"required\":true,\"sort\":2,\"superColumn\":false,\"tableId\":17,\"updateBy\":\"\",\"usableColumn\":false},{\"capJavaField\":\"Number\",\"columnComment\":\"教师编号\",\"columnId\":175,\"columnName\":\"number\",\"columnType\":\"varchar(20)\",\"createBy\":\"admin\",\"createTime\":\"2024-09-28 22:16:24\",\"dictType\":\"\",\"edit\":true,\"htmlType\":\"input\",\"increment\":false,\"insert\":true,\"isEdit\":\"1\",\"isIncrement\":\"0\",\"isInsert\":\"1\",\"isList\":\"1\",\"isPk\":\"0\",\"isQuery\":\"1\",\"isRequired\":\"1\",\"javaField\":\"number\",\"javaType\":\"String\",\"list\":true,\"params\":{},\"pk\":false,\"query\":true,\"queryType\":\"EQ\",\"required\":true,\"sort\":3,\"superColumn\":false,\"tableId\":17,\"updateBy\":\"\",\"usableColumn\":false},{\"capJavaField\":\"Position\",\"columnComment\":\"家庭住址\",\"columnId\":176,\"columnName\":\"position\",\"columnType\":\"varchar(50)\",\"createBy\":\"admin\",\"createTime\":\"2024-09-28 22:16:24\",\"dictType\":\"\",\"edit\":true,\"htmlType\":\"input\",\"increment\":false,\"insert\":true,\"isEdit\":\"1\",\"isIncrement\":\"0\",\"isInsert\":\"1\",\"isList\":\"1\",\"isPk\":\"0\",\"isQuery\":\"1\",\"isRequired\":\"1\",\"javaField\":\"posi','{\"msg\":\"操作成功\",\"code\":200}',0,NULL,'2024-09-29 06:31:22',29),(111,'代码生成',2,'com.ruoyi.generator.controller.GenController.editSave()','PUT',1,'admin','开发人员','/tool/gen','172.20.0.1','内网IP','{\"businessName\":\"application\",\"className\":\"PoorApplication\",\"columns\":[{\"capJavaField\":\"Id\",\"columnComment\":\"申请ID\",\"columnId\":179,\"columnName\":\"id\",\"columnType\":\"int(11)\",\"createBy\":\"admin\",\"createTime\":\"2024-09-28 22:16:32\",\"dictType\":\"\",\"edit\":false,\"htmlType\":\"input\",\"increment\":true,\"insert\":true,\"isIncrement\":\"1\",\"isInsert\":\"1\",\"isPk\":\"1\",\"isRequired\":\"0\",\"javaField\":\"id\",\"javaType\":\"Long\",\"list\":false,\"params\":{},\"pk\":true,\"query\":false,\"queryType\":\"EQ\",\"required\":false,\"sort\":1,\"superColumn\":false,\"tableId\":18,\"updateBy\":\"\",\"updateTime\":\"2024-09-28 22:28:35\",\"usableColumn\":false},{\"capJavaField\":\"StudentId\",\"columnComment\":\"学生id\",\"columnId\":180,\"columnName\":\"student_id\",\"columnType\":\"int(11)\",\"createBy\":\"admin\",\"createTime\":\"2024-09-28 22:16:32\",\"dictType\":\"\",\"edit\":true,\"htmlType\":\"input\",\"increment\":false,\"insert\":true,\"isEdit\":\"1\",\"isIncrement\":\"0\",\"isInsert\":\"1\",\"isList\":\"1\",\"isPk\":\"0\",\"isQuery\":\"1\",\"isRequired\":\"1\",\"javaField\":\"studentId\",\"javaType\":\"Long\",\"list\":true,\"params\":{},\"pk\":false,\"query\":true,\"queryType\":\"EQ\",\"required\":true,\"sort\":2,\"superColumn\":false,\"tableId\":18,\"updateBy\":\"\",\"updateTime\":\"2024-09-28 22:28:35\",\"usableColumn\":false},{\"capJavaField\":\"ApplicationDate\",\"columnComment\":\"申请日期\",\"columnId\":181,\"columnName\":\"application_date\",\"columnType\":\"date\",\"createBy\":\"admin\",\"createTime\":\"2024-09-28 22:16:32\",\"dictType\":\"\",\"edit\":true,\"htmlType\":\"datetime\",\"increment\":false,\"insert\":true,\"isEdit\":\"1\",\"isIncrement\":\"0\",\"isInsert\":\"1\",\"isList\":\"1\",\"isPk\":\"0\",\"isQuery\":\"1\",\"isRequired\":\"1\",\"javaField\":\"applicationDate\",\"javaType\":\"Date\",\"list\":true,\"params\":{},\"pk\":false,\"query\":true,\"queryType\":\"EQ\",\"required\":true,\"sort\":3,\"superColumn\":false,\"tableId\":18,\"updateBy\":\"\",\"updateTime\":\"2024-09-28 22:28:35\",\"usableColumn\":false},{\"capJavaField\":\"PovertyReason\",\"columnComment\":\"贫困原因\",\"columnId\":182,\"columnName\":\"poverty_reason\",\"columnType\":\"text\",\"createBy\":\"admin\",\"createTime\":\"2024-09-28 22:16:32\",\"dictType\":\"\",\"edit\":true,\"htmlType\":\"textarea\",','{\"msg\":\"操作成功\",\"code\":200}',0,NULL,'2024-09-29 06:31:56',62),(112,'代码生成',2,'com.ruoyi.generator.controller.GenController.editSave()','PUT',1,'admin','开发人员','/tool/gen','172.20.0.1','内网IP','{\"businessName\":\"financial\",\"className\":\"PoorFinancial\",\"columns\":[{\"capJavaField\":\"Id\",\"columnComment\":\"资助ID\",\"columnId\":190,\"columnName\":\"id\",\"columnType\":\"int(11)\",\"createBy\":\"admin\",\"createTime\":\"2024-09-28 22:16:40\",\"dictType\":\"\",\"edit\":false,\"htmlType\":\"input\",\"increment\":true,\"insert\":true,\"isIncrement\":\"1\",\"isInsert\":\"1\",\"isPk\":\"1\",\"isRequired\":\"0\",\"javaField\":\"id\",\"javaType\":\"Long\",\"list\":false,\"params\":{},\"pk\":true,\"query\":false,\"queryType\":\"EQ\",\"required\":false,\"sort\":1,\"superColumn\":false,\"tableId\":19,\"updateBy\":\"\",\"usableColumn\":false},{\"capJavaField\":\"StudentId\",\"columnComment\":\"学生id\",\"columnId\":191,\"columnName\":\"student_id\",\"columnType\":\"int(11)\",\"createBy\":\"admin\",\"createTime\":\"2024-09-28 22:16:40\",\"dictType\":\"\",\"edit\":true,\"htmlType\":\"input\",\"increment\":false,\"insert\":true,\"isEdit\":\"1\",\"isIncrement\":\"0\",\"isInsert\":\"1\",\"isList\":\"1\",\"isPk\":\"0\",\"isQuery\":\"1\",\"isRequired\":\"1\",\"javaField\":\"studentId\",\"javaType\":\"Long\",\"list\":true,\"params\":{},\"pk\":false,\"query\":true,\"queryType\":\"EQ\",\"required\":true,\"sort\":2,\"superColumn\":false,\"tableId\":19,\"updateBy\":\"\",\"usableColumn\":false},{\"capJavaField\":\"UserId\",\"columnComment\":\"操作人id\",\"columnId\":192,\"columnName\":\"user_id\",\"columnType\":\"int(11)\",\"createBy\":\"admin\",\"createTime\":\"2024-09-28 22:16:40\",\"dictType\":\"\",\"edit\":true,\"htmlType\":\"input\",\"increment\":false,\"insert\":true,\"isEdit\":\"1\",\"isIncrement\":\"0\",\"isInsert\":\"1\",\"isList\":\"1\",\"isPk\":\"0\",\"isQuery\":\"1\",\"isRequired\":\"1\",\"javaField\":\"userId\",\"javaType\":\"Long\",\"list\":true,\"params\":{},\"pk\":false,\"query\":true,\"queryType\":\"EQ\",\"required\":true,\"sort\":3,\"superColumn\":false,\"tableId\":19,\"updateBy\":\"\",\"usableColumn\":false},{\"capJavaField\":\"AidType\",\"columnComment\":\"资助类型\",\"columnId\":193,\"columnName\":\"aid_type\",\"columnType\":\"varchar(50)\",\"createBy\":\"admin\",\"createTime\":\"2024-09-28 22:16:40\",\"dictType\":\"\",\"edit\":true,\"htmlType\":\"select\",\"increment\":false,\"insert\":true,\"isEdit\":\"1\",\"isIncrement\":\"0\",\"isInsert\":\"1\",\"isList\":\"1\",\"isPk\":\"0\",\"isQuery\":\"1\",\"isRequired\":\"1\",\"javaFiel','{\"msg\":\"操作成功\",\"code\":200}',0,NULL,'2024-09-29 06:32:03',44),(113,'代码生成',2,'com.ruoyi.generator.controller.GenController.editSave()','PUT',1,'admin','开发人员','/tool/gen','172.20.0.1','内网IP','{\"businessName\":\"financial\",\"className\":\"PoorFinancial\",\"columns\":[{\"capJavaField\":\"Id\",\"columnComment\":\"资助ID\",\"columnId\":190,\"columnName\":\"id\",\"columnType\":\"int(11)\",\"createBy\":\"admin\",\"createTime\":\"2024-09-28 22:16:40\",\"dictType\":\"\",\"edit\":false,\"htmlType\":\"input\",\"increment\":true,\"insert\":true,\"isIncrement\":\"1\",\"isInsert\":\"1\",\"isPk\":\"1\",\"isRequired\":\"0\",\"javaField\":\"id\",\"javaType\":\"Long\",\"list\":false,\"params\":{},\"pk\":true,\"query\":false,\"queryType\":\"EQ\",\"required\":false,\"sort\":1,\"superColumn\":false,\"tableId\":19,\"updateBy\":\"\",\"updateTime\":\"2024-09-28 22:32:03\",\"usableColumn\":false},{\"capJavaField\":\"StudentId\",\"columnComment\":\"学生id\",\"columnId\":191,\"columnName\":\"student_id\",\"columnType\":\"int(11)\",\"createBy\":\"admin\",\"createTime\":\"2024-09-28 22:16:40\",\"dictType\":\"\",\"edit\":true,\"htmlType\":\"input\",\"increment\":false,\"insert\":true,\"isEdit\":\"1\",\"isIncrement\":\"0\",\"isInsert\":\"1\",\"isList\":\"1\",\"isPk\":\"0\",\"isQuery\":\"1\",\"isRequired\":\"1\",\"javaField\":\"studentId\",\"javaType\":\"Long\",\"list\":true,\"params\":{},\"pk\":false,\"query\":true,\"queryType\":\"EQ\",\"required\":true,\"sort\":2,\"superColumn\":false,\"tableId\":19,\"updateBy\":\"\",\"updateTime\":\"2024-09-28 22:32:03\",\"usableColumn\":false},{\"capJavaField\":\"UserId\",\"columnComment\":\"操作人id\",\"columnId\":192,\"columnName\":\"user_id\",\"columnType\":\"int(11)\",\"createBy\":\"admin\",\"createTime\":\"2024-09-28 22:16:40\",\"dictType\":\"\",\"edit\":true,\"htmlType\":\"input\",\"increment\":false,\"insert\":true,\"isEdit\":\"1\",\"isIncrement\":\"0\",\"isInsert\":\"1\",\"isList\":\"1\",\"isPk\":\"0\",\"isQuery\":\"1\",\"isRequired\":\"1\",\"javaField\":\"userId\",\"javaType\":\"Long\",\"list\":true,\"params\":{},\"pk\":false,\"query\":true,\"queryType\":\"EQ\",\"required\":true,\"sort\":3,\"superColumn\":false,\"tableId\":19,\"updateBy\":\"\",\"updateTime\":\"2024-09-28 22:32:03\",\"usableColumn\":false},{\"capJavaField\":\"AidType\",\"columnComment\":\"资助类型\",\"columnId\":193,\"columnName\":\"aid_type\",\"columnType\":\"varchar(50)\",\"createBy\":\"admin\",\"createTime\":\"2024-09-28 22:16:40\",\"dictType\":\"\",\"edit\":true,\"htmlType\":\"select\",\"increment\":false,\"insert\":true,\"isEd','{\"msg\":\"操作成功\",\"code\":200}',0,NULL,'2024-09-29 06:32:17',44),(114,'代码生成',2,'com.ruoyi.generator.controller.GenController.editSave()','PUT',1,'admin','开发人员','/tool/gen','172.20.0.1','内网IP','{\"businessName\":\"student\",\"className\":\"PoorStudent\",\"columns\":[{\"capJavaField\":\"Id\",\"columnComment\":\"id\",\"columnId\":165,\"columnName\":\"id\",\"columnType\":\"int(11)\",\"createBy\":\"admin\",\"createTime\":\"2024-09-28 22:16:09\",\"dictType\":\"\",\"edit\":false,\"htmlType\":\"input\",\"increment\":true,\"insert\":true,\"isIncrement\":\"1\",\"isInsert\":\"1\",\"isPk\":\"1\",\"isRequired\":\"0\",\"javaField\":\"id\",\"javaType\":\"Long\",\"list\":false,\"params\":{},\"pk\":true,\"query\":false,\"queryType\":\"EQ\",\"required\":false,\"sort\":1,\"superColumn\":false,\"tableId\":16,\"updateBy\":\"\",\"updateTime\":\"2024-09-28 22:31:00\",\"usableColumn\":false},{\"capJavaField\":\"UserId\",\"columnComment\":\"用户id\",\"columnId\":166,\"columnName\":\"user_id\",\"columnType\":\"bigint(20)\",\"createBy\":\"admin\",\"createTime\":\"2024-09-28 22:16:09\",\"dictType\":\"\",\"edit\":true,\"htmlType\":\"input\",\"increment\":false,\"insert\":true,\"isEdit\":\"1\",\"isIncrement\":\"0\",\"isInsert\":\"1\",\"isList\":\"1\",\"isPk\":\"0\",\"isQuery\":\"1\",\"isRequired\":\"1\",\"javaField\":\"userId\",\"javaType\":\"Long\",\"list\":true,\"params\":{},\"pk\":false,\"query\":true,\"queryType\":\"EQ\",\"required\":true,\"sort\":2,\"superColumn\":false,\"tableId\":16,\"updateBy\":\"\",\"updateTime\":\"2024-09-28 22:31:00\",\"usableColumn\":false},{\"capJavaField\":\"Number\",\"columnComment\":\"学号\",\"columnId\":167,\"columnName\":\"number\",\"columnType\":\"varchar(20)\",\"createBy\":\"admin\",\"createTime\":\"2024-09-28 22:16:09\",\"dictType\":\"\",\"edit\":true,\"htmlType\":\"input\",\"increment\":false,\"insert\":true,\"isEdit\":\"1\",\"isIncrement\":\"0\",\"isInsert\":\"1\",\"isList\":\"1\",\"isPk\":\"0\",\"isQuery\":\"1\",\"isRequired\":\"0\",\"javaField\":\"number\",\"javaType\":\"String\",\"list\":true,\"params\":{},\"pk\":false,\"query\":true,\"queryType\":\"EQ\",\"required\":false,\"sort\":3,\"superColumn\":false,\"tableId\":16,\"updateBy\":\"\",\"updateTime\":\"2024-09-28 22:31:00\",\"usableColumn\":false},{\"capJavaField\":\"College\",\"columnComment\":\"学院\",\"columnId\":168,\"columnName\":\"college\",\"columnType\":\"varchar(100)\",\"createBy\":\"admin\",\"createTime\":\"2024-09-28 22:16:09\",\"dictType\":\"\",\"edit\":true,\"htmlType\":\"input\",\"increment\":false,\"insert\":true,\"isEdit\":\"1\",\"isI','{\"msg\":\"操作成功\",\"code\":200}',0,NULL,'2024-09-29 06:32:25',43),(115,'代码生成',2,'com.ruoyi.generator.controller.GenController.editSave()','PUT',1,'admin','开发人员','/tool/gen','172.20.0.1','内网IP','{\"businessName\":\"teacher\",\"className\":\"PoorTeacher\",\"columns\":[{\"capJavaField\":\"Id\",\"columnComment\":\"id\",\"columnId\":173,\"columnName\":\"id\",\"columnType\":\"int(11)\",\"createBy\":\"admin\",\"createTime\":\"2024-09-28 22:16:24\",\"dictType\":\"\",\"edit\":false,\"htmlType\":\"input\",\"increment\":true,\"insert\":true,\"isIncrement\":\"1\",\"isInsert\":\"1\",\"isPk\":\"1\",\"isRequired\":\"0\",\"javaField\":\"id\",\"javaType\":\"Long\",\"list\":false,\"params\":{},\"pk\":true,\"query\":false,\"queryType\":\"EQ\",\"required\":false,\"sort\":1,\"superColumn\":false,\"tableId\":17,\"updateBy\":\"\",\"updateTime\":\"2024-09-28 22:31:22\",\"usableColumn\":false},{\"capJavaField\":\"UserId\",\"columnComment\":\"用户id\",\"columnId\":174,\"columnName\":\"user_id\",\"columnType\":\"bigint(20)\",\"createBy\":\"admin\",\"createTime\":\"2024-09-28 22:16:24\",\"dictType\":\"\",\"edit\":true,\"htmlType\":\"input\",\"increment\":false,\"insert\":true,\"isEdit\":\"1\",\"isIncrement\":\"0\",\"isInsert\":\"1\",\"isList\":\"1\",\"isPk\":\"0\",\"isQuery\":\"1\",\"isRequired\":\"1\",\"javaField\":\"userId\",\"javaType\":\"Long\",\"list\":true,\"params\":{},\"pk\":false,\"query\":true,\"queryType\":\"EQ\",\"required\":true,\"sort\":2,\"superColumn\":false,\"tableId\":17,\"updateBy\":\"\",\"updateTime\":\"2024-09-28 22:31:22\",\"usableColumn\":false},{\"capJavaField\":\"Number\",\"columnComment\":\"教师编号\",\"columnId\":175,\"columnName\":\"number\",\"columnType\":\"varchar(20)\",\"createBy\":\"admin\",\"createTime\":\"2024-09-28 22:16:24\",\"dictType\":\"\",\"edit\":true,\"htmlType\":\"input\",\"increment\":false,\"insert\":true,\"isEdit\":\"1\",\"isIncrement\":\"0\",\"isInsert\":\"1\",\"isList\":\"1\",\"isPk\":\"0\",\"isQuery\":\"1\",\"isRequired\":\"1\",\"javaField\":\"number\",\"javaType\":\"String\",\"list\":true,\"params\":{},\"pk\":false,\"query\":true,\"queryType\":\"EQ\",\"required\":true,\"sort\":3,\"superColumn\":false,\"tableId\":17,\"updateBy\":\"\",\"updateTime\":\"2024-09-28 22:31:22\",\"usableColumn\":false},{\"capJavaField\":\"Position\",\"columnComment\":\"家庭住址\",\"columnId\":176,\"columnName\":\"position\",\"columnType\":\"varchar(50)\",\"createBy\":\"admin\",\"createTime\":\"2024-09-28 22:16:24\",\"dictType\":\"\",\"edit\":true,\"htmlType\":\"input\",\"increment\":false,\"insert\":true,\"isEdit\":\"1\",','{\"msg\":\"操作成功\",\"code\":200}',0,NULL,'2024-09-29 06:32:41',32),(116,'代码生成',2,'com.ruoyi.generator.controller.GenController.editSave()','PUT',1,'admin','开发人员','/tool/gen','172.20.0.1','内网IP','{\"businessName\":\"application\",\"className\":\"PoorApplication\",\"columns\":[{\"capJavaField\":\"Id\",\"columnComment\":\"申请ID\",\"columnId\":179,\"columnName\":\"id\",\"columnType\":\"int(11)\",\"createBy\":\"admin\",\"createTime\":\"2024-09-28 22:16:32\",\"dictType\":\"\",\"edit\":false,\"htmlType\":\"input\",\"increment\":true,\"insert\":true,\"isIncrement\":\"1\",\"isInsert\":\"1\",\"isPk\":\"1\",\"isRequired\":\"0\",\"javaField\":\"id\",\"javaType\":\"Long\",\"list\":false,\"params\":{},\"pk\":true,\"query\":false,\"queryType\":\"EQ\",\"required\":false,\"sort\":1,\"superColumn\":false,\"tableId\":18,\"updateBy\":\"\",\"updateTime\":\"2024-09-28 22:31:56\",\"usableColumn\":false},{\"capJavaField\":\"StudentId\",\"columnComment\":\"学生id\",\"columnId\":180,\"columnName\":\"student_id\",\"columnType\":\"int(11)\",\"createBy\":\"admin\",\"createTime\":\"2024-09-28 22:16:32\",\"dictType\":\"\",\"edit\":true,\"htmlType\":\"input\",\"increment\":false,\"insert\":true,\"isEdit\":\"1\",\"isIncrement\":\"0\",\"isInsert\":\"1\",\"isList\":\"1\",\"isPk\":\"0\",\"isQuery\":\"1\",\"isRequired\":\"1\",\"javaField\":\"studentId\",\"javaType\":\"Long\",\"list\":true,\"params\":{},\"pk\":false,\"query\":true,\"queryType\":\"EQ\",\"required\":true,\"sort\":2,\"superColumn\":false,\"tableId\":18,\"updateBy\":\"\",\"updateTime\":\"2024-09-28 22:31:56\",\"usableColumn\":false},{\"capJavaField\":\"ApplicationDate\",\"columnComment\":\"申请日期\",\"columnId\":181,\"columnName\":\"application_date\",\"columnType\":\"date\",\"createBy\":\"admin\",\"createTime\":\"2024-09-28 22:16:32\",\"dictType\":\"\",\"edit\":true,\"htmlType\":\"datetime\",\"increment\":false,\"insert\":true,\"isEdit\":\"1\",\"isIncrement\":\"0\",\"isInsert\":\"1\",\"isList\":\"1\",\"isPk\":\"0\",\"isQuery\":\"1\",\"isRequired\":\"1\",\"javaField\":\"applicationDate\",\"javaType\":\"Date\",\"list\":true,\"params\":{},\"pk\":false,\"query\":true,\"queryType\":\"EQ\",\"required\":true,\"sort\":3,\"superColumn\":false,\"tableId\":18,\"updateBy\":\"\",\"updateTime\":\"2024-09-28 22:31:56\",\"usableColumn\":false},{\"capJavaField\":\"PovertyReason\",\"columnComment\":\"贫困原因\",\"columnId\":182,\"columnName\":\"poverty_reason\",\"columnType\":\"text\",\"createBy\":\"admin\",\"createTime\":\"2024-09-28 22:16:32\",\"dictType\":\"\",\"edit\":true,\"htmlType\":\"textarea\",','{\"msg\":\"操作成功\",\"code\":200}',0,NULL,'2024-09-29 06:32:48',52),(117,'代码生成',2,'com.ruoyi.generator.controller.GenController.editSave()','PUT',1,'admin','开发人员','/tool/gen','172.20.0.1','内网IP','{\"businessName\":\"financial\",\"className\":\"PoorFinancial\",\"columns\":[{\"capJavaField\":\"Id\",\"columnComment\":\"资助ID\",\"columnId\":190,\"columnName\":\"id\",\"columnType\":\"int(11)\",\"createBy\":\"admin\",\"createTime\":\"2024-09-28 22:16:40\",\"dictType\":\"\",\"edit\":false,\"htmlType\":\"input\",\"increment\":true,\"insert\":true,\"isIncrement\":\"1\",\"isInsert\":\"1\",\"isPk\":\"1\",\"isRequired\":\"0\",\"javaField\":\"id\",\"javaType\":\"Long\",\"list\":false,\"params\":{},\"pk\":true,\"query\":false,\"queryType\":\"EQ\",\"required\":false,\"sort\":1,\"superColumn\":false,\"tableId\":19,\"updateBy\":\"\",\"updateTime\":\"2024-09-28 22:32:17\",\"usableColumn\":false},{\"capJavaField\":\"StudentId\",\"columnComment\":\"学生id\",\"columnId\":191,\"columnName\":\"student_id\",\"columnType\":\"int(11)\",\"createBy\":\"admin\",\"createTime\":\"2024-09-28 22:16:40\",\"dictType\":\"\",\"edit\":true,\"htmlType\":\"input\",\"increment\":false,\"insert\":true,\"isEdit\":\"1\",\"isIncrement\":\"0\",\"isInsert\":\"1\",\"isList\":\"1\",\"isPk\":\"0\",\"isQuery\":\"1\",\"isRequired\":\"1\",\"javaField\":\"studentId\",\"javaType\":\"Long\",\"list\":true,\"params\":{},\"pk\":false,\"query\":true,\"queryType\":\"EQ\",\"required\":true,\"sort\":2,\"superColumn\":false,\"tableId\":19,\"updateBy\":\"\",\"updateTime\":\"2024-09-28 22:32:17\",\"usableColumn\":false},{\"capJavaField\":\"UserId\",\"columnComment\":\"操作人id\",\"columnId\":192,\"columnName\":\"user_id\",\"columnType\":\"int(11)\",\"createBy\":\"admin\",\"createTime\":\"2024-09-28 22:16:40\",\"dictType\":\"\",\"edit\":true,\"htmlType\":\"input\",\"increment\":false,\"insert\":true,\"isEdit\":\"1\",\"isIncrement\":\"0\",\"isInsert\":\"1\",\"isList\":\"1\",\"isPk\":\"0\",\"isQuery\":\"1\",\"isRequired\":\"1\",\"javaField\":\"userId\",\"javaType\":\"Long\",\"list\":true,\"params\":{},\"pk\":false,\"query\":true,\"queryType\":\"EQ\",\"required\":true,\"sort\":3,\"superColumn\":false,\"tableId\":19,\"updateBy\":\"\",\"updateTime\":\"2024-09-28 22:32:17\",\"usableColumn\":false},{\"capJavaField\":\"AidType\",\"columnComment\":\"资助类型\",\"columnId\":193,\"columnName\":\"aid_type\",\"columnType\":\"varchar(50)\",\"createBy\":\"admin\",\"createTime\":\"2024-09-28 22:16:40\",\"dictType\":\"\",\"edit\":true,\"htmlType\":\"select\",\"increment\":false,\"insert\":true,\"isEd','{\"msg\":\"操作成功\",\"code\":200}',0,NULL,'2024-09-29 06:32:53',48),(118,'代码生成',2,'com.ruoyi.generator.controller.GenController.editSave()','PUT',1,'admin','开发人员','/tool/gen','172.20.0.1','内网IP','{\"businessName\":\"student\",\"className\":\"PoorStudent\",\"columns\":[{\"capJavaField\":\"Id\",\"columnComment\":\"id\",\"columnId\":165,\"columnName\":\"id\",\"columnType\":\"int(11)\",\"createBy\":\"admin\",\"createTime\":\"2024-09-28 22:16:09\",\"dictType\":\"\",\"edit\":false,\"htmlType\":\"input\",\"increment\":true,\"insert\":true,\"isIncrement\":\"1\",\"isInsert\":\"1\",\"isPk\":\"1\",\"isRequired\":\"0\",\"javaField\":\"id\",\"javaType\":\"Long\",\"list\":false,\"params\":{},\"pk\":true,\"query\":false,\"queryType\":\"EQ\",\"required\":false,\"sort\":1,\"superColumn\":false,\"tableId\":16,\"updateBy\":\"\",\"updateTime\":\"2024-09-28 22:32:25\",\"usableColumn\":false},{\"capJavaField\":\"UserId\",\"columnComment\":\"用户id\",\"columnId\":166,\"columnName\":\"user_id\",\"columnType\":\"bigint(20)\",\"createBy\":\"admin\",\"createTime\":\"2024-09-28 22:16:09\",\"dictType\":\"\",\"edit\":true,\"htmlType\":\"input\",\"increment\":false,\"insert\":true,\"isEdit\":\"1\",\"isIncrement\":\"0\",\"isInsert\":\"1\",\"isList\":\"1\",\"isPk\":\"0\",\"isQuery\":\"1\",\"isRequired\":\"1\",\"javaField\":\"userId\",\"javaType\":\"Long\",\"list\":true,\"params\":{},\"pk\":false,\"query\":true,\"queryType\":\"EQ\",\"required\":true,\"sort\":2,\"superColumn\":false,\"tableId\":16,\"updateBy\":\"\",\"updateTime\":\"2024-09-28 22:32:25\",\"usableColumn\":false},{\"capJavaField\":\"Number\",\"columnComment\":\"学号\",\"columnId\":167,\"columnName\":\"number\",\"columnType\":\"varchar(20)\",\"createBy\":\"admin\",\"createTime\":\"2024-09-28 22:16:09\",\"dictType\":\"\",\"edit\":true,\"htmlType\":\"input\",\"increment\":false,\"insert\":true,\"isEdit\":\"1\",\"isIncrement\":\"0\",\"isInsert\":\"1\",\"isList\":\"1\",\"isPk\":\"0\",\"isQuery\":\"1\",\"isRequired\":\"0\",\"javaField\":\"number\",\"javaType\":\"String\",\"list\":true,\"params\":{},\"pk\":false,\"query\":true,\"queryType\":\"EQ\",\"required\":false,\"sort\":3,\"superColumn\":false,\"tableId\":16,\"updateBy\":\"\",\"updateTime\":\"2024-09-28 22:32:25\",\"usableColumn\":false},{\"capJavaField\":\"College\",\"columnComment\":\"学院\",\"columnId\":168,\"columnName\":\"college\",\"columnType\":\"varchar(100)\",\"createBy\":\"admin\",\"createTime\":\"2024-09-28 22:16:09\",\"dictType\":\"\",\"edit\":true,\"htmlType\":\"input\",\"increment\":false,\"insert\":true,\"isEdit\":\"1\",\"isI','{\"msg\":\"操作成功\",\"code\":200}',0,NULL,'2024-09-29 06:33:01',38),(119,'代码生成',2,'com.ruoyi.generator.controller.GenController.editSave()','PUT',1,'admin','开发人员','/tool/gen','172.20.0.1','内网IP','{\"businessName\":\"user\",\"className\":\"SysUser\",\"columns\":[{\"capJavaField\":\"UserId\",\"columnComment\":\"用户ID\",\"columnId\":62,\"columnName\":\"user_id\",\"columnType\":\"bigint(20)\",\"createBy\":\"admin\",\"createTime\":\"2024-09-28 19:08:38\",\"dictType\":\"\",\"edit\":false,\"htmlType\":\"input\",\"increment\":true,\"insert\":true,\"isIncrement\":\"1\",\"isInsert\":\"1\",\"isPk\":\"1\",\"isRequired\":\"0\",\"javaField\":\"userId\",\"javaType\":\"Long\",\"list\":false,\"params\":{},\"pk\":true,\"query\":false,\"queryType\":\"EQ\",\"required\":false,\"sort\":1,\"superColumn\":false,\"tableId\":7,\"updateBy\":\"\",\"usableColumn\":false},{\"capJavaField\":\"DeptId\",\"columnComment\":\"部门ID\",\"columnId\":63,\"columnName\":\"dept_id\",\"columnType\":\"bigint(20)\",\"createBy\":\"admin\",\"createTime\":\"2024-09-28 19:08:38\",\"dictType\":\"\",\"edit\":true,\"htmlType\":\"input\",\"increment\":false,\"insert\":true,\"isEdit\":\"1\",\"isIncrement\":\"0\",\"isInsert\":\"1\",\"isList\":\"1\",\"isPk\":\"0\",\"isQuery\":\"1\",\"isRequired\":\"0\",\"javaField\":\"deptId\",\"javaType\":\"Long\",\"list\":true,\"params\":{},\"pk\":false,\"query\":true,\"queryType\":\"EQ\",\"required\":false,\"sort\":2,\"superColumn\":false,\"tableId\":7,\"updateBy\":\"\",\"usableColumn\":false},{\"capJavaField\":\"UserName\",\"columnComment\":\"用户账号\",\"columnId\":64,\"columnName\":\"user_name\",\"columnType\":\"varchar(30)\",\"createBy\":\"admin\",\"createTime\":\"2024-09-28 19:08:38\",\"dictType\":\"\",\"edit\":true,\"htmlType\":\"input\",\"increment\":false,\"insert\":true,\"isEdit\":\"1\",\"isIncrement\":\"0\",\"isInsert\":\"1\",\"isList\":\"1\",\"isPk\":\"0\",\"isQuery\":\"1\",\"isRequired\":\"1\",\"javaField\":\"userName\",\"javaType\":\"String\",\"list\":true,\"params\":{},\"pk\":false,\"query\":true,\"queryType\":\"LIKE\",\"required\":true,\"sort\":3,\"superColumn\":false,\"tableId\":7,\"updateBy\":\"\",\"usableColumn\":false},{\"capJavaField\":\"NickName\",\"columnComment\":\"用户昵称\",\"columnId\":65,\"columnName\":\"nick_name\",\"columnType\":\"varchar(30)\",\"createBy\":\"admin\",\"createTime\":\"2024-09-28 19:08:38\",\"dictType\":\"\",\"edit\":true,\"htmlType\":\"input\",\"increment\":false,\"insert\":true,\"isEdit\":\"1\",\"isIncrement\":\"0\",\"isInsert\":\"1\",\"isList\":\"1\",\"isPk\":\"0\",\"isQuery\":\"1\",\"isRequired\":\"1\",\"j','{\"msg\":\"操作成功\",\"code\":200}',0,NULL,'2024-09-29 06:33:11',87),(120,'代码生成',8,'com.ruoyi.generator.controller.GenController.batchGenCode()','GET',1,'admin','开发人员','/tool/gen/batchGenCode','172.20.0.1','内网IP','{\"tables\":\"poor_student,poor_teacher,poor_application,poor_financial\"}',NULL,0,NULL,'2024-09-29 06:37:07',547),(121,'代码生成',8,'com.ruoyi.generator.controller.GenController.batchGenCode()','GET',1,'admin','开发人员','/tool/gen/batchGenCode','172.20.0.1','内网IP','{\"tables\":\"poor_student,poor_teacher,poor_application,poor_financial\"}',NULL,0,NULL,'2024-09-29 06:47:58',624),(122,'代码生成',2,'com.ruoyi.generator.controller.GenController.editSave()','PUT',1,'admin','开发人员','/tool/gen','172.20.0.1','内网IP','{\"businessName\":\"student\",\"className\":\"PoorStudent\",\"columns\":[{\"capJavaField\":\"Id\",\"columnComment\":\"id\",\"columnId\":165,\"columnName\":\"id\",\"columnType\":\"int(11)\",\"createBy\":\"admin\",\"createTime\":\"2024-09-28 22:16:09\",\"dictType\":\"\",\"edit\":false,\"htmlType\":\"input\",\"increment\":true,\"insert\":true,\"isIncrement\":\"1\",\"isInsert\":\"1\",\"isPk\":\"1\",\"isRequired\":\"0\",\"javaField\":\"id\",\"javaType\":\"Long\",\"list\":false,\"params\":{},\"pk\":true,\"query\":false,\"queryType\":\"EQ\",\"required\":false,\"sort\":1,\"superColumn\":false,\"tableId\":16,\"updateBy\":\"\",\"updateTime\":\"2024-09-28 22:33:01\",\"usableColumn\":false},{\"capJavaField\":\"UserId\",\"columnComment\":\"用户id\",\"columnId\":166,\"columnName\":\"user_id\",\"columnType\":\"bigint(20)\",\"createBy\":\"admin\",\"createTime\":\"2024-09-28 22:16:09\",\"dictType\":\"\",\"edit\":true,\"htmlType\":\"input\",\"increment\":false,\"insert\":true,\"isEdit\":\"1\",\"isIncrement\":\"0\",\"isInsert\":\"1\",\"isList\":\"1\",\"isPk\":\"0\",\"isQuery\":\"1\",\"isRequired\":\"1\",\"javaField\":\"userId\",\"javaType\":\"Long\",\"list\":true,\"params\":{},\"pk\":false,\"query\":true,\"queryType\":\"EQ\",\"required\":true,\"sort\":2,\"superColumn\":false,\"tableId\":16,\"updateBy\":\"\",\"updateTime\":\"2024-09-28 22:33:01\",\"usableColumn\":false},{\"capJavaField\":\"Number\",\"columnComment\":\"学号\",\"columnId\":167,\"columnName\":\"number\",\"columnType\":\"varchar(20)\",\"createBy\":\"admin\",\"createTime\":\"2024-09-28 22:16:09\",\"dictType\":\"\",\"edit\":true,\"htmlType\":\"input\",\"increment\":false,\"insert\":true,\"isEdit\":\"1\",\"isIncrement\":\"0\",\"isInsert\":\"1\",\"isList\":\"1\",\"isPk\":\"0\",\"isQuery\":\"1\",\"isRequired\":\"0\",\"javaField\":\"number\",\"javaType\":\"String\",\"list\":true,\"params\":{},\"pk\":false,\"query\":true,\"queryType\":\"EQ\",\"required\":false,\"sort\":3,\"superColumn\":false,\"tableId\":16,\"updateBy\":\"\",\"updateTime\":\"2024-09-28 22:33:01\",\"usableColumn\":false},{\"capJavaField\":\"College\",\"columnComment\":\"学院\",\"columnId\":168,\"columnName\":\"college\",\"columnType\":\"varchar(100)\",\"createBy\":\"admin\",\"createTime\":\"2024-09-28 22:16:09\",\"dictType\":\"\",\"edit\":true,\"htmlType\":\"input\",\"increment\":false,\"insert\":true,\"isEdit\":\"1\",\"isI','{\"msg\":\"操作成功\",\"code\":200}',0,NULL,'2024-09-29 06:49:06',153),(123,'代码生成',2,'com.ruoyi.generator.controller.GenController.editSave()','PUT',1,'admin','开发人员','/tool/gen','172.20.0.1','内网IP','{\"businessName\":\"teacher\",\"className\":\"PoorTeacher\",\"columns\":[{\"capJavaField\":\"Id\",\"columnComment\":\"id\",\"columnId\":173,\"columnName\":\"id\",\"columnType\":\"int(11)\",\"createBy\":\"admin\",\"createTime\":\"2024-09-28 22:16:24\",\"dictType\":\"\",\"edit\":false,\"htmlType\":\"input\",\"increment\":true,\"insert\":true,\"isIncrement\":\"1\",\"isInsert\":\"1\",\"isPk\":\"1\",\"isRequired\":\"0\",\"javaField\":\"id\",\"javaType\":\"Long\",\"list\":false,\"params\":{},\"pk\":true,\"query\":false,\"queryType\":\"EQ\",\"required\":false,\"sort\":1,\"superColumn\":false,\"tableId\":17,\"updateBy\":\"\",\"updateTime\":\"2024-09-28 22:32:41\",\"usableColumn\":false},{\"capJavaField\":\"UserId\",\"columnComment\":\"用户id\",\"columnId\":174,\"columnName\":\"user_id\",\"columnType\":\"bigint(20)\",\"createBy\":\"admin\",\"createTime\":\"2024-09-28 22:16:24\",\"dictType\":\"\",\"edit\":true,\"htmlType\":\"input\",\"increment\":false,\"insert\":true,\"isEdit\":\"1\",\"isIncrement\":\"0\",\"isInsert\":\"1\",\"isList\":\"1\",\"isPk\":\"0\",\"isQuery\":\"1\",\"isRequired\":\"1\",\"javaField\":\"userId\",\"javaType\":\"Long\",\"list\":true,\"params\":{},\"pk\":false,\"query\":true,\"queryType\":\"EQ\",\"required\":true,\"sort\":2,\"superColumn\":false,\"tableId\":17,\"updateBy\":\"\",\"updateTime\":\"2024-09-28 22:32:41\",\"usableColumn\":false},{\"capJavaField\":\"Number\",\"columnComment\":\"教师编号\",\"columnId\":175,\"columnName\":\"number\",\"columnType\":\"varchar(20)\",\"createBy\":\"admin\",\"createTime\":\"2024-09-28 22:16:24\",\"dictType\":\"\",\"edit\":true,\"htmlType\":\"input\",\"increment\":false,\"insert\":true,\"isEdit\":\"1\",\"isIncrement\":\"0\",\"isInsert\":\"1\",\"isList\":\"1\",\"isPk\":\"0\",\"isQuery\":\"1\",\"isRequired\":\"1\",\"javaField\":\"number\",\"javaType\":\"String\",\"list\":true,\"params\":{},\"pk\":false,\"query\":true,\"queryType\":\"EQ\",\"required\":true,\"sort\":3,\"superColumn\":false,\"tableId\":17,\"updateBy\":\"\",\"updateTime\":\"2024-09-28 22:32:41\",\"usableColumn\":false},{\"capJavaField\":\"Position\",\"columnComment\":\"家庭住址\",\"columnId\":176,\"columnName\":\"position\",\"columnType\":\"varchar(50)\",\"createBy\":\"admin\",\"createTime\":\"2024-09-28 22:16:24\",\"dictType\":\"\",\"edit\":true,\"htmlType\":\"input\",\"increment\":false,\"insert\":true,\"isEdit\":\"1\",','{\"msg\":\"操作成功\",\"code\":200}',0,NULL,'2024-09-29 06:49:24',37),(124,'代码生成',2,'com.ruoyi.generator.controller.GenController.editSave()','PUT',1,'admin','开发人员','/tool/gen','172.20.0.1','内网IP','{\"businessName\":\"application\",\"className\":\"PoorApplication\",\"columns\":[{\"capJavaField\":\"Id\",\"columnComment\":\"申请ID\",\"columnId\":179,\"columnName\":\"id\",\"columnType\":\"int(11)\",\"createBy\":\"admin\",\"createTime\":\"2024-09-28 22:16:32\",\"dictType\":\"\",\"edit\":false,\"htmlType\":\"input\",\"increment\":true,\"insert\":true,\"isIncrement\":\"1\",\"isInsert\":\"1\",\"isPk\":\"1\",\"isRequired\":\"0\",\"javaField\":\"id\",\"javaType\":\"Long\",\"list\":false,\"params\":{},\"pk\":true,\"query\":false,\"queryType\":\"EQ\",\"required\":false,\"sort\":1,\"superColumn\":false,\"tableId\":18,\"updateBy\":\"\",\"updateTime\":\"2024-09-28 22:32:48\",\"usableColumn\":false},{\"capJavaField\":\"StudentId\",\"columnComment\":\"学生id\",\"columnId\":180,\"columnName\":\"student_id\",\"columnType\":\"int(11)\",\"createBy\":\"admin\",\"createTime\":\"2024-09-28 22:16:32\",\"dictType\":\"\",\"edit\":true,\"htmlType\":\"input\",\"increment\":false,\"insert\":true,\"isEdit\":\"1\",\"isIncrement\":\"0\",\"isInsert\":\"1\",\"isList\":\"1\",\"isPk\":\"0\",\"isQuery\":\"1\",\"isRequired\":\"1\",\"javaField\":\"studentId\",\"javaType\":\"Long\",\"list\":true,\"params\":{},\"pk\":false,\"query\":true,\"queryType\":\"EQ\",\"required\":true,\"sort\":2,\"superColumn\":false,\"tableId\":18,\"updateBy\":\"\",\"updateTime\":\"2024-09-28 22:32:48\",\"usableColumn\":false},{\"capJavaField\":\"ApplicationDate\",\"columnComment\":\"申请日期\",\"columnId\":181,\"columnName\":\"application_date\",\"columnType\":\"date\",\"createBy\":\"admin\",\"createTime\":\"2024-09-28 22:16:32\",\"dictType\":\"\",\"edit\":true,\"htmlType\":\"datetime\",\"increment\":false,\"insert\":true,\"isEdit\":\"1\",\"isIncrement\":\"0\",\"isInsert\":\"1\",\"isList\":\"1\",\"isPk\":\"0\",\"isQuery\":\"1\",\"isRequired\":\"1\",\"javaField\":\"applicationDate\",\"javaType\":\"Date\",\"list\":true,\"params\":{},\"pk\":false,\"query\":true,\"queryType\":\"EQ\",\"required\":true,\"sort\":3,\"superColumn\":false,\"tableId\":18,\"updateBy\":\"\",\"updateTime\":\"2024-09-28 22:32:48\",\"usableColumn\":false},{\"capJavaField\":\"PovertyReason\",\"columnComment\":\"贫困原因\",\"columnId\":182,\"columnName\":\"poverty_reason\",\"columnType\":\"text\",\"createBy\":\"admin\",\"createTime\":\"2024-09-28 22:16:32\",\"dictType\":\"\",\"edit\":true,\"htmlType\":\"textarea\",','{\"msg\":\"操作成功\",\"code\":200}',0,NULL,'2024-09-29 06:49:39',59),(125,'代码生成',2,'com.ruoyi.generator.controller.GenController.editSave()','PUT',1,'admin','开发人员','/tool/gen','172.20.0.1','内网IP','{\"businessName\":\"financial\",\"className\":\"PoorFinancial\",\"columns\":[{\"capJavaField\":\"Id\",\"columnComment\":\"资助ID\",\"columnId\":190,\"columnName\":\"id\",\"columnType\":\"int(11)\",\"createBy\":\"admin\",\"createTime\":\"2024-09-28 22:16:40\",\"dictType\":\"\",\"edit\":false,\"htmlType\":\"input\",\"increment\":true,\"insert\":true,\"isIncrement\":\"1\",\"isInsert\":\"1\",\"isPk\":\"1\",\"isRequired\":\"0\",\"javaField\":\"id\",\"javaType\":\"Long\",\"list\":false,\"params\":{},\"pk\":true,\"query\":false,\"queryType\":\"EQ\",\"required\":false,\"sort\":1,\"superColumn\":false,\"tableId\":19,\"updateBy\":\"\",\"updateTime\":\"2024-09-28 22:32:53\",\"usableColumn\":false},{\"capJavaField\":\"StudentId\",\"columnComment\":\"学生id\",\"columnId\":191,\"columnName\":\"student_id\",\"columnType\":\"int(11)\",\"createBy\":\"admin\",\"createTime\":\"2024-09-28 22:16:40\",\"dictType\":\"\",\"edit\":true,\"htmlType\":\"input\",\"increment\":false,\"insert\":true,\"isEdit\":\"1\",\"isIncrement\":\"0\",\"isInsert\":\"1\",\"isList\":\"1\",\"isPk\":\"0\",\"isQuery\":\"1\",\"isRequired\":\"1\",\"javaField\":\"studentId\",\"javaType\":\"Long\",\"list\":true,\"params\":{},\"pk\":false,\"query\":true,\"queryType\":\"EQ\",\"required\":true,\"sort\":2,\"superColumn\":false,\"tableId\":19,\"updateBy\":\"\",\"updateTime\":\"2024-09-28 22:32:53\",\"usableColumn\":false},{\"capJavaField\":\"UserId\",\"columnComment\":\"操作人id\",\"columnId\":192,\"columnName\":\"user_id\",\"columnType\":\"int(11)\",\"createBy\":\"admin\",\"createTime\":\"2024-09-28 22:16:40\",\"dictType\":\"\",\"edit\":true,\"htmlType\":\"input\",\"increment\":false,\"insert\":true,\"isEdit\":\"1\",\"isIncrement\":\"0\",\"isInsert\":\"1\",\"isList\":\"1\",\"isPk\":\"0\",\"isQuery\":\"1\",\"isRequired\":\"1\",\"javaField\":\"userId\",\"javaType\":\"Long\",\"list\":true,\"params\":{},\"pk\":false,\"query\":true,\"queryType\":\"EQ\",\"required\":true,\"sort\":3,\"superColumn\":false,\"tableId\":19,\"updateBy\":\"\",\"updateTime\":\"2024-09-28 22:32:53\",\"usableColumn\":false},{\"capJavaField\":\"AidType\",\"columnComment\":\"资助类型\",\"columnId\":193,\"columnName\":\"aid_type\",\"columnType\":\"varchar(50)\",\"createBy\":\"admin\",\"createTime\":\"2024-09-28 22:16:40\",\"dictType\":\"\",\"edit\":true,\"htmlType\":\"select\",\"increment\":false,\"insert\":true,\"isEd','{\"msg\":\"操作成功\",\"code\":200}',0,NULL,'2024-09-29 06:49:50',50),(126,'代码生成',8,'com.ruoyi.generator.controller.GenController.batchGenCode()','GET',1,'admin','开发人员','/tool/gen/batchGenCode','172.20.0.1','内网IP','{\"tables\":\"poor_student,poor_teacher,poor_application,poor_financial\"}',NULL,0,NULL,'2024-09-29 06:49:55',249),(127,'用户管理',1,'com.ruoyi.web.controller.system.SysUserController.add()','POST',1,'admin','开发人员','/system/user','172.20.0.1','内网IP','{\"admin\":false,\"deptId\":100,\"nickName\":\"张三\",\"params\":{},\"phonenumber\":\"18085515238\",\"postIds\":[],\"roleIds\":[3],\"sex\":\"0\",\"status\":\"0\",\"userName\":\"张三\"}','{\"msg\":\"新增用户\'张三\'失败，手机号码已存在\",\"code\":500}',0,NULL,'2024-09-29 09:44:46',105),(128,'用户管理',1,'com.ruoyi.web.controller.system.SysUserController.add()','POST',1,'admin','开发人员','/system/user','172.20.0.1','内网IP','{\"admin\":false,\"createBy\":\"admin\",\"deptId\":100,\"nickName\":\"张三\",\"params\":{},\"phonenumber\":\"18085515237\",\"postIds\":[],\"roleIds\":[3],\"sex\":\"0\",\"status\":\"0\",\"userId\":4,\"userName\":\"张三\"}','{\"msg\":\"操作成功\",\"code\":200}',0,NULL,'2024-09-29 09:44:53',197),(129,'角色管理',2,'com.ruoyi.web.controller.system.SysRoleController.dataScope()','PUT',1,'admin','开发人员','/system/role/dataScope','172.20.0.1','内网IP','{\"admin\":false,\"createTime\":\"2024-09-28 17:12:40\",\"dataScope\":\"5\",\"delFlag\":\"0\",\"deptCheckStrictly\":true,\"deptIds\":[],\"flag\":false,\"menuCheckStrictly\":true,\"params\":{},\"roleId\":3,\"roleKey\":\"student\",\"roleName\":\"学生角色\",\"roleSort\":3,\"status\":\"0\"}','{\"msg\":\"操作成功\",\"code\":200}',0,NULL,'2024-09-29 09:46:06',62),(130,'角色管理',2,'com.ruoyi.web.controller.system.SysRoleController.edit()','PUT',1,'admin','开发人员','/system/role','172.20.0.1','内网IP','{\"admin\":false,\"createTime\":\"2024-09-28 17:12:40\",\"dataScope\":\"5\",\"delFlag\":\"0\",\"deptCheckStrictly\":true,\"flag\":false,\"menuCheckStrictly\":true,\"menuIds\":[],\"params\":{},\"roleId\":3,\"roleKey\":\"student\",\"roleName\":\"学生角色\",\"roleSort\":3,\"status\":\"0\",\"updateBy\":\"admin\"}','{\"msg\":\"操作成功\",\"code\":200}',0,NULL,'2024-09-29 09:46:44',37),(131,'代码生成',2,'com.ruoyi.generator.controller.GenController.synchDb()','GET',1,'admin','开发人员','/tool/gen/synchDb/poor_student','172.20.0.1','内网IP','{}','{\"msg\":\"操作成功\",\"code\":200}',0,NULL,'2024-09-29 10:27:20',201),(132,'代码生成',2,'com.ruoyi.generator.controller.GenController.synchDb()','GET',1,'admin','开发人员','/tool/gen/synchDb/poor_student','172.20.0.1','内网IP','{}','{\"msg\":\"操作成功\",\"code\":200}',0,NULL,'2024-09-29 10:33:34',135),(133,'代码生成',2,'com.ruoyi.generator.controller.GenController.synchDb()','GET',1,'admin','开发人员','/tool/gen/synchDb/poor_teacher','172.20.0.1','内网IP','{}','{\"msg\":\"操作成功\",\"code\":200}',0,NULL,'2024-09-29 10:33:36',78),(134,'代码生成',2,'com.ruoyi.generator.controller.GenController.synchDb()','GET',1,'admin','开发人员','/tool/gen/synchDb/poor_application','172.20.0.1','内网IP','{}','{\"msg\":\"操作成功\",\"code\":200}',0,NULL,'2024-09-29 10:33:38',90),(135,'代码生成',2,'com.ruoyi.generator.controller.GenController.synchDb()','GET',1,'admin','开发人员','/tool/gen/synchDb/poor_financial','172.20.0.1','内网IP','{}','{\"msg\":\"操作成功\",\"code\":200}',0,NULL,'2024-09-29 10:33:39',64),(136,'代码生成',2,'com.ruoyi.generator.controller.GenController.editSave()','PUT',1,'admin','开发人员','/tool/gen','172.20.0.1','内网IP','{\"businessName\":\"student\",\"className\":\"PoorStudent\",\"columns\":[{\"capJavaField\":\"Id\",\"columnComment\":\"id\",\"columnId\":165,\"columnName\":\"id\",\"columnType\":\"int(11)\",\"createBy\":\"admin\",\"createTime\":\"2024-09-28 22:16:09\",\"dictType\":\"\",\"edit\":false,\"htmlType\":\"input\",\"increment\":true,\"insert\":true,\"isIncrement\":\"1\",\"isInsert\":\"1\",\"isPk\":\"1\",\"isRequired\":\"0\",\"javaField\":\"id\",\"javaType\":\"Long\",\"list\":false,\"params\":{},\"pk\":true,\"query\":false,\"queryType\":\"EQ\",\"required\":false,\"sort\":1,\"superColumn\":false,\"tableId\":16,\"updateBy\":\"\",\"updateTime\":\"2024-09-29 02:33:34\",\"usableColumn\":false},{\"capJavaField\":\"UserId\",\"columnComment\":\"用户id\",\"columnId\":166,\"columnName\":\"user_id\",\"columnType\":\"bigint(20)\",\"createBy\":\"admin\",\"createTime\":\"2024-09-28 22:16:09\",\"dictType\":\"\",\"edit\":true,\"htmlType\":\"input\",\"increment\":false,\"insert\":true,\"isEdit\":\"1\",\"isIncrement\":\"0\",\"isInsert\":\"1\",\"isList\":\"1\",\"isPk\":\"0\",\"isQuery\":\"1\",\"isRequired\":\"1\",\"javaField\":\"userId\",\"javaType\":\"Long\",\"list\":true,\"params\":{},\"pk\":false,\"query\":true,\"queryType\":\"EQ\",\"required\":true,\"sort\":2,\"superColumn\":false,\"tableId\":16,\"updateBy\":\"\",\"updateTime\":\"2024-09-29 02:33:34\",\"usableColumn\":false},{\"capJavaField\":\"Number\",\"columnComment\":\"学号\",\"columnId\":167,\"columnName\":\"number\",\"columnType\":\"varchar(20)\",\"createBy\":\"admin\",\"createTime\":\"2024-09-28 22:16:09\",\"dictType\":\"\",\"edit\":true,\"htmlType\":\"input\",\"increment\":false,\"insert\":true,\"isEdit\":\"1\",\"isIncrement\":\"0\",\"isInsert\":\"1\",\"isList\":\"1\",\"isPk\":\"0\",\"isQuery\":\"1\",\"isRequired\":\"0\",\"javaField\":\"number\",\"javaType\":\"String\",\"list\":true,\"params\":{},\"pk\":false,\"query\":true,\"queryType\":\"EQ\",\"required\":false,\"sort\":3,\"superColumn\":false,\"tableId\":16,\"updateBy\":\"\",\"updateTime\":\"2024-09-29 02:33:34\",\"usableColumn\":false},{\"capJavaField\":\"College\",\"columnComment\":\"学院\",\"columnId\":168,\"columnName\":\"college\",\"columnType\":\"varchar(100)\",\"createBy\":\"admin\",\"createTime\":\"2024-09-28 22:16:09\",\"dictType\":\"\",\"edit\":true,\"htmlType\":\"input\",\"increment\":false,\"insert\":true,\"isEdit\":\"1\",\"isI','{\"msg\":\"操作成功\",\"code\":200}',0,NULL,'2024-09-29 10:34:24',115),(137,'代码生成',2,'com.ruoyi.generator.controller.GenController.synchDb()','GET',1,'admin','开发人员','/tool/gen/synchDb/poor_teacher','172.20.0.1','内网IP','{}','{\"msg\":\"操作成功\",\"code\":200}',0,NULL,'2024-09-29 10:34:30',136),(138,'代码生成',2,'com.ruoyi.generator.controller.GenController.synchDb()','GET',1,'admin','开发人员','/tool/gen/synchDb/poor_student','172.20.0.1','内网IP','{}',NULL,1,'同步数据失败，原表结构不存在','2024-09-29 10:35:26',77),(139,'代码生成',2,'com.ruoyi.generator.controller.GenController.synchDb()','GET',1,'admin','开发人员','/tool/gen/synchDb/poor_student','172.20.0.1','内网IP','{}','{\"msg\":\"操作成功\",\"code\":200}',0,NULL,'2024-09-29 10:35:35',53),(140,'代码生成',2,'com.ruoyi.generator.controller.GenController.synchDb()','GET',1,'admin','开发人员','/tool/gen/synchDb/poor_teacher','172.20.0.1','内网IP','{}','{\"msg\":\"操作成功\",\"code\":200}',0,NULL,'2024-09-29 10:35:55',49),(141,'代码生成',2,'com.ruoyi.generator.controller.GenController.editSave()','PUT',1,'admin','开发人员','/tool/gen','172.20.0.1','内网IP','{\"businessName\":\"teacher\",\"className\":\"PoorTeacher\",\"columns\":[{\"capJavaField\":\"Id\",\"columnComment\":\"id\",\"columnId\":173,\"columnName\":\"id\",\"columnType\":\"int(11)\",\"createBy\":\"admin\",\"createTime\":\"2024-09-28 22:16:24\",\"dictType\":\"\",\"edit\":false,\"htmlType\":\"input\",\"increment\":true,\"insert\":true,\"isIncrement\":\"1\",\"isInsert\":\"1\",\"isPk\":\"1\",\"isRequired\":\"0\",\"javaField\":\"id\",\"javaType\":\"Long\",\"list\":false,\"params\":{},\"pk\":true,\"query\":false,\"queryType\":\"EQ\",\"required\":false,\"sort\":1,\"superColumn\":false,\"tableId\":17,\"updateBy\":\"\",\"updateTime\":\"2024-09-29 02:35:55\",\"usableColumn\":false},{\"capJavaField\":\"UserId\",\"columnComment\":\"用户id\",\"columnId\":174,\"columnName\":\"user_id\",\"columnType\":\"bigint(20)\",\"createBy\":\"admin\",\"createTime\":\"2024-09-28 22:16:24\",\"dictType\":\"\",\"edit\":true,\"htmlType\":\"input\",\"increment\":false,\"insert\":true,\"isEdit\":\"1\",\"isIncrement\":\"0\",\"isInsert\":\"1\",\"isList\":\"1\",\"isPk\":\"0\",\"isQuery\":\"1\",\"isRequired\":\"1\",\"javaField\":\"userId\",\"javaType\":\"Long\",\"list\":true,\"params\":{},\"pk\":false,\"query\":true,\"queryType\":\"EQ\",\"required\":true,\"sort\":2,\"superColumn\":false,\"tableId\":17,\"updateBy\":\"\",\"updateTime\":\"2024-09-29 02:35:55\",\"usableColumn\":false},{\"capJavaField\":\"Number\",\"columnComment\":\"教师编号\",\"columnId\":175,\"columnName\":\"number\",\"columnType\":\"varchar(20)\",\"createBy\":\"admin\",\"createTime\":\"2024-09-28 22:16:24\",\"dictType\":\"\",\"edit\":true,\"htmlType\":\"input\",\"increment\":false,\"insert\":true,\"isEdit\":\"1\",\"isIncrement\":\"0\",\"isInsert\":\"1\",\"isList\":\"1\",\"isPk\":\"0\",\"isQuery\":\"1\",\"isRequired\":\"0\",\"javaField\":\"number\",\"javaType\":\"String\",\"list\":true,\"params\":{},\"pk\":false,\"query\":true,\"queryType\":\"EQ\",\"required\":false,\"sort\":3,\"superColumn\":false,\"tableId\":17,\"updateBy\":\"\",\"updateTime\":\"2024-09-29 02:35:55\",\"usableColumn\":false},{\"capJavaField\":\"Position\",\"columnComment\":\"家庭住址\",\"columnId\":176,\"columnName\":\"position\",\"columnType\":\"varchar(50)\",\"createBy\":\"admin\",\"createTime\":\"2024-09-28 22:16:24\",\"dictType\":\"\",\"edit\":true,\"htmlType\":\"input\",\"increment\":false,\"insert\":true,\"isEdit\":\"1\"','{\"msg\":\"操作成功\",\"code\":200}',0,NULL,'2024-09-29 10:36:01',52),(142,'代码生成',2,'com.ruoyi.generator.controller.GenController.editSave()','PUT',1,'admin','开发人员','/tool/gen','172.20.0.1','内网IP','{\"businessName\":\"application\",\"className\":\"PoorApplication\",\"columns\":[{\"capJavaField\":\"Id\",\"columnComment\":\"申请ID\",\"columnId\":179,\"columnName\":\"id\",\"columnType\":\"int(11)\",\"createBy\":\"admin\",\"createTime\":\"2024-09-28 22:16:32\",\"dictType\":\"\",\"edit\":false,\"htmlType\":\"input\",\"increment\":true,\"insert\":true,\"isIncrement\":\"1\",\"isInsert\":\"1\",\"isPk\":\"1\",\"isRequired\":\"0\",\"javaField\":\"id\",\"javaType\":\"Long\",\"list\":false,\"params\":{},\"pk\":true,\"query\":false,\"queryType\":\"EQ\",\"required\":false,\"sort\":1,\"superColumn\":false,\"tableId\":18,\"updateBy\":\"\",\"updateTime\":\"2024-09-29 02:33:38\",\"usableColumn\":false},{\"capJavaField\":\"StudentId\",\"columnComment\":\"学生id\",\"columnId\":180,\"columnName\":\"student_id\",\"columnType\":\"int(11)\",\"createBy\":\"admin\",\"createTime\":\"2024-09-28 22:16:32\",\"dictType\":\"\",\"edit\":true,\"htmlType\":\"input\",\"increment\":false,\"insert\":true,\"isEdit\":\"1\",\"isIncrement\":\"0\",\"isInsert\":\"1\",\"isList\":\"1\",\"isPk\":\"0\",\"isQuery\":\"1\",\"isRequired\":\"1\",\"javaField\":\"studentId\",\"javaType\":\"Long\",\"list\":true,\"params\":{},\"pk\":false,\"query\":true,\"queryType\":\"EQ\",\"required\":true,\"sort\":2,\"superColumn\":false,\"tableId\":18,\"updateBy\":\"\",\"updateTime\":\"2024-09-29 02:33:38\",\"usableColumn\":false},{\"capJavaField\":\"ApplicationDate\",\"columnComment\":\"申请日期\",\"columnId\":181,\"columnName\":\"application_date\",\"columnType\":\"date\",\"createBy\":\"admin\",\"createTime\":\"2024-09-28 22:16:32\",\"dictType\":\"\",\"edit\":true,\"htmlType\":\"datetime\",\"increment\":false,\"insert\":true,\"isEdit\":\"1\",\"isIncrement\":\"0\",\"isInsert\":\"1\",\"isList\":\"1\",\"isPk\":\"0\",\"isQuery\":\"1\",\"isRequired\":\"0\",\"javaField\":\"applicationDate\",\"javaType\":\"Date\",\"list\":true,\"params\":{},\"pk\":false,\"query\":true,\"queryType\":\"EQ\",\"required\":false,\"sort\":3,\"superColumn\":false,\"tableId\":18,\"updateBy\":\"\",\"updateTime\":\"2024-09-29 02:33:38\",\"usableColumn\":false},{\"capJavaField\":\"PovertyReason\",\"columnComment\":\"贫困原因\",\"columnId\":182,\"columnName\":\"poverty_reason\",\"columnType\":\"text\",\"createBy\":\"admin\",\"createTime\":\"2024-09-28 22:16:32\",\"dictType\":\"\",\"edit\":true,\"htmlType\":\"textarea\"','{\"msg\":\"操作成功\",\"code\":200}',0,NULL,'2024-09-29 10:36:10',42),(143,'代码生成',2,'com.ruoyi.generator.controller.GenController.editSave()','PUT',1,'admin','开发人员','/tool/gen','172.20.0.1','内网IP','{\"businessName\":\"financial\",\"className\":\"PoorFinancial\",\"columns\":[{\"capJavaField\":\"Id\",\"columnComment\":\"资助ID\",\"columnId\":190,\"columnName\":\"id\",\"columnType\":\"int(11)\",\"createBy\":\"admin\",\"createTime\":\"2024-09-28 22:16:40\",\"dictType\":\"\",\"edit\":false,\"htmlType\":\"input\",\"increment\":true,\"insert\":true,\"isIncrement\":\"1\",\"isInsert\":\"1\",\"isPk\":\"1\",\"isRequired\":\"0\",\"javaField\":\"id\",\"javaType\":\"Long\",\"list\":false,\"params\":{},\"pk\":true,\"query\":false,\"queryType\":\"EQ\",\"required\":false,\"sort\":1,\"superColumn\":false,\"tableId\":19,\"updateBy\":\"\",\"updateTime\":\"2024-09-29 02:33:39\",\"usableColumn\":false},{\"capJavaField\":\"StudentId\",\"columnComment\":\"学生id\",\"columnId\":191,\"columnName\":\"student_id\",\"columnType\":\"int(11)\",\"createBy\":\"admin\",\"createTime\":\"2024-09-28 22:16:40\",\"dictType\":\"\",\"edit\":true,\"htmlType\":\"input\",\"increment\":false,\"insert\":true,\"isEdit\":\"1\",\"isIncrement\":\"0\",\"isInsert\":\"1\",\"isList\":\"1\",\"isPk\":\"0\",\"isQuery\":\"1\",\"isRequired\":\"1\",\"javaField\":\"studentId\",\"javaType\":\"Long\",\"list\":true,\"params\":{},\"pk\":false,\"query\":true,\"queryType\":\"EQ\",\"required\":true,\"sort\":2,\"superColumn\":false,\"tableId\":19,\"updateBy\":\"\",\"updateTime\":\"2024-09-29 02:33:39\",\"usableColumn\":false},{\"capJavaField\":\"UserId\",\"columnComment\":\"操作人id\",\"columnId\":192,\"columnName\":\"user_id\",\"columnType\":\"int(11)\",\"createBy\":\"admin\",\"createTime\":\"2024-09-28 22:16:40\",\"dictType\":\"\",\"edit\":true,\"htmlType\":\"input\",\"increment\":false,\"insert\":true,\"isEdit\":\"1\",\"isIncrement\":\"0\",\"isInsert\":\"1\",\"isList\":\"1\",\"isPk\":\"0\",\"isQuery\":\"1\",\"isRequired\":\"0\",\"javaField\":\"userId\",\"javaType\":\"Long\",\"list\":true,\"params\":{},\"pk\":false,\"query\":true,\"queryType\":\"EQ\",\"required\":false,\"sort\":3,\"superColumn\":false,\"tableId\":19,\"updateBy\":\"\",\"updateTime\":\"2024-09-29 02:33:39\",\"usableColumn\":false},{\"capJavaField\":\"AidType\",\"columnComment\":\"资助类型\",\"columnId\":193,\"columnName\":\"aid_type\",\"columnType\":\"varchar(50)\",\"createBy\":\"admin\",\"createTime\":\"2024-09-28 22:16:40\",\"dictType\":\"\",\"edit\":true,\"htmlType\":\"select\",\"increment\":false,\"insert\":true,\"isE','{\"msg\":\"操作成功\",\"code\":200}',0,NULL,'2024-09-29 10:36:19',35),(144,'代码生成',8,'com.ruoyi.generator.controller.GenController.batchGenCode()','GET',1,'admin','开发人员','/tool/gen/batchGenCode','172.20.0.1','内网IP','{\"tables\":\"poor_student,poor_teacher,poor_application,poor_financial\"}',NULL,0,NULL,'2024-09-29 10:37:41',1229),(145,'代码生成',2,'com.ruoyi.generator.controller.GenController.editSave()','PUT',1,'admin','开发人员','/tool/gen','172.20.0.1','内网IP','{\"businessName\":\"application\",\"className\":\"PoorApplication\",\"columns\":[{\"capJavaField\":\"Id\",\"columnComment\":\"申请ID\",\"columnId\":179,\"columnName\":\"id\",\"columnType\":\"int(11)\",\"createBy\":\"admin\",\"createTime\":\"2024-09-28 22:16:32\",\"dictType\":\"\",\"edit\":false,\"htmlType\":\"input\",\"increment\":true,\"insert\":true,\"isIncrement\":\"1\",\"isInsert\":\"1\",\"isPk\":\"1\",\"isRequired\":\"0\",\"javaField\":\"id\",\"javaType\":\"Long\",\"list\":false,\"params\":{},\"pk\":true,\"query\":false,\"queryType\":\"EQ\",\"required\":false,\"sort\":1,\"superColumn\":false,\"tableId\":18,\"updateBy\":\"\",\"updateTime\":\"2024-09-29 02:36:10\",\"usableColumn\":false},{\"capJavaField\":\"StudentId\",\"columnComment\":\"学生id\",\"columnId\":180,\"columnName\":\"student_id\",\"columnType\":\"int(11)\",\"createBy\":\"admin\",\"createTime\":\"2024-09-28 22:16:32\",\"dictType\":\"\",\"edit\":true,\"htmlType\":\"input\",\"increment\":false,\"insert\":true,\"isEdit\":\"1\",\"isIncrement\":\"0\",\"isInsert\":\"1\",\"isList\":\"1\",\"isPk\":\"0\",\"isQuery\":\"1\",\"isRequired\":\"1\",\"javaField\":\"studentId\",\"javaType\":\"Long\",\"list\":true,\"params\":{},\"pk\":false,\"query\":true,\"queryType\":\"EQ\",\"required\":true,\"sort\":2,\"superColumn\":false,\"tableId\":18,\"updateBy\":\"\",\"updateTime\":\"2024-09-29 02:36:10\",\"usableColumn\":false},{\"capJavaField\":\"ApplicationDate\",\"columnComment\":\"申请日期\",\"columnId\":181,\"columnName\":\"application_date\",\"columnType\":\"date\",\"createBy\":\"admin\",\"createTime\":\"2024-09-28 22:16:32\",\"dictType\":\"\",\"edit\":true,\"htmlType\":\"datetime\",\"increment\":false,\"insert\":true,\"isEdit\":\"1\",\"isIncrement\":\"0\",\"isInsert\":\"1\",\"isList\":\"1\",\"isPk\":\"0\",\"isQuery\":\"1\",\"isRequired\":\"0\",\"javaField\":\"applicationDate\",\"javaType\":\"Date\",\"list\":true,\"params\":{},\"pk\":false,\"query\":true,\"queryType\":\"EQ\",\"required\":false,\"sort\":3,\"superColumn\":false,\"tableId\":18,\"updateBy\":\"\",\"updateTime\":\"2024-09-29 02:36:10\",\"usableColumn\":false},{\"capJavaField\":\"PovertyReason\",\"columnComment\":\"贫困原因\",\"columnId\":182,\"columnName\":\"poverty_reason\",\"columnType\":\"text\",\"createBy\":\"admin\",\"createTime\":\"2024-09-28 22:16:32\",\"dictType\":\"\",\"edit\":true,\"htmlType\":\"textarea\"','{\"msg\":\"操作成功\",\"code\":200}',0,NULL,'2024-09-29 10:47:09',57),(146,'代码生成',2,'com.ruoyi.generator.controller.GenController.editSave()','PUT',1,'admin','开发人员','/tool/gen','172.20.0.1','内网IP','{\"businessName\":\"application\",\"className\":\"PoorApplication\",\"columns\":[{\"capJavaField\":\"Id\",\"columnComment\":\"申请ID\",\"columnId\":179,\"columnName\":\"id\",\"columnType\":\"int(11)\",\"createBy\":\"admin\",\"createTime\":\"2024-09-28 22:16:32\",\"dictType\":\"\",\"edit\":false,\"htmlType\":\"input\",\"increment\":true,\"insert\":true,\"isIncrement\":\"1\",\"isInsert\":\"1\",\"isPk\":\"1\",\"isRequired\":\"0\",\"javaField\":\"id\",\"javaType\":\"Long\",\"list\":false,\"params\":{},\"pk\":true,\"query\":false,\"queryType\":\"EQ\",\"required\":false,\"sort\":1,\"superColumn\":false,\"tableId\":18,\"updateBy\":\"\",\"updateTime\":\"2024-09-29 02:47:09\",\"usableColumn\":false},{\"capJavaField\":\"StudentId\",\"columnComment\":\"学生id\",\"columnId\":180,\"columnName\":\"student_id\",\"columnType\":\"int(11)\",\"createBy\":\"admin\",\"createTime\":\"2024-09-28 22:16:32\",\"dictType\":\"\",\"edit\":true,\"htmlType\":\"input\",\"increment\":false,\"insert\":true,\"isEdit\":\"1\",\"isIncrement\":\"0\",\"isInsert\":\"1\",\"isList\":\"1\",\"isPk\":\"0\",\"isQuery\":\"1\",\"isRequired\":\"1\",\"javaField\":\"studentId\",\"javaType\":\"Long\",\"list\":true,\"params\":{},\"pk\":false,\"query\":true,\"queryType\":\"EQ\",\"required\":true,\"sort\":2,\"superColumn\":false,\"tableId\":18,\"updateBy\":\"\",\"updateTime\":\"2024-09-29 02:47:09\",\"usableColumn\":false},{\"capJavaField\":\"ApplicationDate\",\"columnComment\":\"申请日期\",\"columnId\":181,\"columnName\":\"application_date\",\"columnType\":\"date\",\"createBy\":\"admin\",\"createTime\":\"2024-09-28 22:16:32\",\"dictType\":\"\",\"edit\":true,\"htmlType\":\"datetime\",\"increment\":false,\"insert\":true,\"isEdit\":\"1\",\"isIncrement\":\"0\",\"isInsert\":\"1\",\"isList\":\"1\",\"isPk\":\"0\",\"isQuery\":\"1\",\"isRequired\":\"0\",\"javaField\":\"applicationDate\",\"javaType\":\"Date\",\"list\":true,\"params\":{},\"pk\":false,\"query\":true,\"queryType\":\"EQ\",\"required\":false,\"sort\":3,\"superColumn\":false,\"tableId\":18,\"updateBy\":\"\",\"updateTime\":\"2024-09-29 02:47:09\",\"usableColumn\":false},{\"capJavaField\":\"PovertyReason\",\"columnComment\":\"贫困原因\",\"columnId\":182,\"columnName\":\"poverty_reason\",\"columnType\":\"text\",\"createBy\":\"admin\",\"createTime\":\"2024-09-28 22:16:32\",\"dictType\":\"\",\"edit\":true,\"htmlType\":\"textarea\"','{\"msg\":\"操作成功\",\"code\":200}',0,NULL,'2024-09-29 10:47:20',60),(147,'代码生成',8,'com.ruoyi.generator.controller.GenController.batchGenCode()','GET',1,'admin','开发人员','/tool/gen/batchGenCode','172.20.0.1','内网IP','{\"tables\":\"poor_student,poor_teacher,poor_application,poor_financial\"}',NULL,0,NULL,'2024-09-29 10:47:33',342),(148,'菜单管理',2,'com.ruoyi.web.controller.system.SysMenuController.edit()','PUT',1,'admin','开发人员','/system/menu','172.20.0.1','内网IP','{\"children\":[],\"createTime\":\"2024-09-28 04:29:00\",\"icon\":\"system\",\"isCache\":\"0\",\"isFrame\":\"1\",\"menuId\":1,\"menuName\":\"系统管理\",\"menuType\":\"M\",\"orderNum\":2,\"params\":{},\"parentId\":0,\"path\":\"system\",\"perms\":\"\",\"query\":\"\",\"routeName\":\"\",\"status\":\"0\",\"updateBy\":\"admin\",\"visible\":\"0\"}','{\"msg\":\"操作成功\",\"code\":200}',0,NULL,'2024-09-29 10:58:44',35),(149,'菜单管理',2,'com.ruoyi.web.controller.system.SysMenuController.edit()','PUT',1,'admin','开发人员','/system/menu','172.20.0.1','内网IP','{\"children\":[],\"component\":\"poor/teacher/index\",\"createTime\":\"2024-09-29 02:58:22\",\"icon\":\"#\",\"isCache\":\"0\",\"isFrame\":\"1\",\"menuId\":1104,\"menuName\":\"教师信息\",\"menuType\":\"C\",\"orderNum\":1,\"params\":{},\"parentId\":0,\"path\":\"teacher\",\"perms\":\"poor:teacher:list\",\"routeName\":\"\",\"status\":\"0\",\"updateBy\":\"admin\",\"visible\":\"0\"}','{\"msg\":\"操作成功\",\"code\":200}',0,NULL,'2024-09-29 11:35:15',102),(150,'代码生成',2,'com.ruoyi.generator.controller.GenController.editSave()','PUT',1,'admin','开发人员','/tool/gen','172.20.0.5','内网IP','{\"businessName\":\"application\",\"className\":\"PoorApplication\",\"columns\":[{\"capJavaField\":\"Id\",\"columnComment\":\"申请ID\",\"columnId\":179,\"columnName\":\"id\",\"columnType\":\"int(11)\",\"createBy\":\"admin\",\"createTime\":\"2024-09-28 22:16:32\",\"dictType\":\"\",\"edit\":false,\"htmlType\":\"input\",\"increment\":true,\"insert\":true,\"isIncrement\":\"1\",\"isInsert\":\"1\",\"isPk\":\"1\",\"isRequired\":\"0\",\"javaField\":\"id\",\"javaType\":\"Long\",\"list\":false,\"params\":{},\"pk\":true,\"query\":false,\"queryType\":\"EQ\",\"required\":false,\"sort\":1,\"superColumn\":false,\"tableId\":18,\"updateBy\":\"\",\"updateTime\":\"2024-09-29 02:47:20\",\"usableColumn\":false},{\"capJavaField\":\"StudentId\",\"columnComment\":\"学生id\",\"columnId\":180,\"columnName\":\"student_id\",\"columnType\":\"int(11)\",\"createBy\":\"admin\",\"createTime\":\"2024-09-28 22:16:32\",\"dictType\":\"\",\"edit\":true,\"htmlType\":\"input\",\"increment\":false,\"insert\":true,\"isEdit\":\"1\",\"isIncrement\":\"0\",\"isInsert\":\"1\",\"isList\":\"1\",\"isPk\":\"0\",\"isQuery\":\"1\",\"isRequired\":\"1\",\"javaField\":\"studentId\",\"javaType\":\"Long\",\"list\":true,\"params\":{},\"pk\":false,\"query\":true,\"queryType\":\"EQ\",\"required\":true,\"sort\":2,\"superColumn\":false,\"tableId\":18,\"updateBy\":\"\",\"updateTime\":\"2024-09-29 02:47:20\",\"usableColumn\":false},{\"capJavaField\":\"ApplicationDate\",\"columnComment\":\"申请日期\",\"columnId\":181,\"columnName\":\"application_date\",\"columnType\":\"date\",\"createBy\":\"admin\",\"createTime\":\"2024-09-28 22:16:32\",\"dictType\":\"\",\"edit\":true,\"htmlType\":\"datetime\",\"increment\":false,\"insert\":true,\"isEdit\":\"1\",\"isIncrement\":\"0\",\"isInsert\":\"1\",\"isList\":\"1\",\"isPk\":\"0\",\"isQuery\":\"1\",\"isRequired\":\"0\",\"javaField\":\"applicationDate\",\"javaType\":\"Date\",\"list\":true,\"params\":{},\"pk\":false,\"query\":true,\"queryType\":\"EQ\",\"required\":false,\"sort\":3,\"superColumn\":false,\"tableId\":18,\"updateBy\":\"\",\"updateTime\":\"2024-09-29 02:47:20\",\"usableColumn\":false},{\"capJavaField\":\"PovertyReason\",\"columnComment\":\"贫困原因\",\"columnId\":182,\"columnName\":\"poverty_reason\",\"columnType\":\"text\",\"createBy\":\"admin\",\"createTime\":\"2024-09-28 22:16:32\",\"dictType\":\"\",\"edit\":true,\"htmlType\":\"textarea\"','{\"msg\":\"操作成功\",\"code\":200}',0,NULL,'2024-09-29 12:23:44',199),(151,'代码生成',2,'com.ruoyi.generator.controller.GenController.editSave()','PUT',1,'admin','开发人员','/tool/gen','172.20.0.5','内网IP','{\"businessName\":\"application\",\"className\":\"PoorApplication\",\"columns\":[{\"capJavaField\":\"Id\",\"columnComment\":\"申请ID\",\"columnId\":179,\"columnName\":\"id\",\"columnType\":\"int(11)\",\"createBy\":\"admin\",\"createTime\":\"2024-09-28 22:16:32\",\"dictType\":\"\",\"edit\":false,\"htmlType\":\"input\",\"increment\":true,\"insert\":true,\"isIncrement\":\"1\",\"isInsert\":\"1\",\"isPk\":\"1\",\"isRequired\":\"0\",\"javaField\":\"id\",\"javaType\":\"Long\",\"list\":false,\"params\":{},\"pk\":true,\"query\":false,\"queryType\":\"EQ\",\"required\":false,\"sort\":1,\"superColumn\":false,\"tableId\":18,\"updateBy\":\"\",\"updateTime\":\"2024-09-29 04:23:43\",\"usableColumn\":false},{\"capJavaField\":\"StudentId\",\"columnComment\":\"学生id\",\"columnId\":180,\"columnName\":\"student_id\",\"columnType\":\"int(11)\",\"createBy\":\"admin\",\"createTime\":\"2024-09-28 22:16:32\",\"dictType\":\"\",\"edit\":true,\"htmlType\":\"input\",\"increment\":false,\"insert\":true,\"isEdit\":\"1\",\"isIncrement\":\"0\",\"isInsert\":\"1\",\"isList\":\"1\",\"isPk\":\"0\",\"isQuery\":\"1\",\"isRequired\":\"1\",\"javaField\":\"studentId\",\"javaType\":\"Long\",\"list\":true,\"params\":{},\"pk\":false,\"query\":true,\"queryType\":\"EQ\",\"required\":true,\"sort\":2,\"superColumn\":false,\"tableId\":18,\"updateBy\":\"\",\"updateTime\":\"2024-09-29 04:23:43\",\"usableColumn\":false},{\"capJavaField\":\"ApplicationDate\",\"columnComment\":\"申请日期\",\"columnId\":181,\"columnName\":\"application_date\",\"columnType\":\"date\",\"createBy\":\"admin\",\"createTime\":\"2024-09-28 22:16:32\",\"dictType\":\"\",\"edit\":true,\"htmlType\":\"datetime\",\"increment\":false,\"insert\":true,\"isEdit\":\"1\",\"isIncrement\":\"0\",\"isInsert\":\"1\",\"isList\":\"1\",\"isPk\":\"0\",\"isQuery\":\"1\",\"isRequired\":\"0\",\"javaField\":\"applicationDate\",\"javaType\":\"Date\",\"list\":true,\"params\":{},\"pk\":false,\"query\":true,\"queryType\":\"EQ\",\"required\":false,\"sort\":3,\"superColumn\":false,\"tableId\":18,\"updateBy\":\"\",\"updateTime\":\"2024-09-29 04:23:43\",\"usableColumn\":false},{\"capJavaField\":\"PovertyReason\",\"columnComment\":\"贫困原因\",\"columnId\":182,\"columnName\":\"poverty_reason\",\"columnType\":\"text\",\"createBy\":\"admin\",\"createTime\":\"2024-09-28 22:16:32\",\"dictType\":\"\",\"edit\":true,\"htmlType\":\"textarea\"','{\"msg\":\"操作成功\",\"code\":200}',0,NULL,'2024-09-29 12:23:56',66),(152,'代码生成',2,'com.ruoyi.generator.controller.GenController.editSave()','PUT',1,'admin','开发人员','/tool/gen','172.20.0.5','内网IP','{\"businessName\":\"financial\",\"className\":\"PoorFinancial\",\"columns\":[{\"capJavaField\":\"Id\",\"columnComment\":\"资助ID\",\"columnId\":190,\"columnName\":\"id\",\"columnType\":\"int(11)\",\"createBy\":\"admin\",\"createTime\":\"2024-09-28 22:16:40\",\"dictType\":\"\",\"edit\":false,\"htmlType\":\"input\",\"increment\":true,\"insert\":true,\"isIncrement\":\"1\",\"isInsert\":\"1\",\"isPk\":\"1\",\"isRequired\":\"0\",\"javaField\":\"id\",\"javaType\":\"Long\",\"list\":false,\"params\":{},\"pk\":true,\"query\":false,\"queryType\":\"EQ\",\"required\":false,\"sort\":1,\"superColumn\":false,\"tableId\":19,\"updateBy\":\"\",\"updateTime\":\"2024-09-29 02:36:19\",\"usableColumn\":false},{\"capJavaField\":\"StudentId\",\"columnComment\":\"学生id\",\"columnId\":191,\"columnName\":\"student_id\",\"columnType\":\"int(11)\",\"createBy\":\"admin\",\"createTime\":\"2024-09-28 22:16:40\",\"dictType\":\"\",\"edit\":true,\"htmlType\":\"input\",\"increment\":false,\"insert\":true,\"isEdit\":\"1\",\"isIncrement\":\"0\",\"isInsert\":\"1\",\"isList\":\"1\",\"isPk\":\"0\",\"isQuery\":\"1\",\"isRequired\":\"1\",\"javaField\":\"studentId\",\"javaType\":\"Long\",\"list\":true,\"params\":{},\"pk\":false,\"query\":true,\"queryType\":\"EQ\",\"required\":true,\"sort\":2,\"superColumn\":false,\"tableId\":19,\"updateBy\":\"\",\"updateTime\":\"2024-09-29 02:36:19\",\"usableColumn\":false},{\"capJavaField\":\"UserId\",\"columnComment\":\"操作人id\",\"columnId\":192,\"columnName\":\"user_id\",\"columnType\":\"int(11)\",\"createBy\":\"admin\",\"createTime\":\"2024-09-28 22:16:40\",\"dictType\":\"\",\"edit\":true,\"htmlType\":\"input\",\"increment\":false,\"insert\":true,\"isEdit\":\"1\",\"isIncrement\":\"0\",\"isInsert\":\"1\",\"isList\":\"1\",\"isPk\":\"0\",\"isQuery\":\"1\",\"isRequired\":\"0\",\"javaField\":\"userId\",\"javaType\":\"Long\",\"list\":true,\"params\":{},\"pk\":false,\"query\":true,\"queryType\":\"EQ\",\"required\":false,\"sort\":3,\"superColumn\":false,\"tableId\":19,\"updateBy\":\"\",\"updateTime\":\"2024-09-29 02:36:19\",\"usableColumn\":false},{\"capJavaField\":\"AidType\",\"columnComment\":\"资助类型\",\"columnId\":193,\"columnName\":\"aid_type\",\"columnType\":\"varchar(50)\",\"createBy\":\"admin\",\"createTime\":\"2024-09-28 22:16:40\",\"dictType\":\"\",\"edit\":true,\"htmlType\":\"select\",\"increment\":false,\"insert\":true,\"isE','{\"msg\":\"操作成功\",\"code\":200}',0,NULL,'2024-09-29 12:24:06',49),(153,'代码生成',2,'com.ruoyi.generator.controller.GenController.editSave()','PUT',1,'admin','开发人员','/tool/gen','172.20.0.5','内网IP','{\"businessName\":\"financial\",\"className\":\"PoorFinancial\",\"columns\":[{\"capJavaField\":\"Id\",\"columnComment\":\"资助ID\",\"columnId\":190,\"columnName\":\"id\",\"columnType\":\"int(11)\",\"createBy\":\"admin\",\"createTime\":\"2024-09-28 22:16:40\",\"dictType\":\"\",\"edit\":false,\"htmlType\":\"input\",\"increment\":true,\"insert\":true,\"isIncrement\":\"1\",\"isInsert\":\"1\",\"isPk\":\"1\",\"isRequired\":\"0\",\"javaField\":\"id\",\"javaType\":\"Long\",\"list\":false,\"params\":{},\"pk\":true,\"query\":false,\"queryType\":\"EQ\",\"required\":false,\"sort\":1,\"superColumn\":false,\"tableId\":19,\"updateBy\":\"\",\"updateTime\":\"2024-09-29 04:24:06\",\"usableColumn\":false},{\"capJavaField\":\"StudentId\",\"columnComment\":\"学生id\",\"columnId\":191,\"columnName\":\"student_id\",\"columnType\":\"int(11)\",\"createBy\":\"admin\",\"createTime\":\"2024-09-28 22:16:40\",\"dictType\":\"\",\"edit\":true,\"htmlType\":\"input\",\"increment\":false,\"insert\":true,\"isEdit\":\"1\",\"isIncrement\":\"0\",\"isInsert\":\"1\",\"isList\":\"1\",\"isPk\":\"0\",\"isQuery\":\"1\",\"isRequired\":\"1\",\"javaField\":\"studentId\",\"javaType\":\"Long\",\"list\":true,\"params\":{},\"pk\":false,\"query\":true,\"queryType\":\"EQ\",\"required\":true,\"sort\":2,\"superColumn\":false,\"tableId\":19,\"updateBy\":\"\",\"updateTime\":\"2024-09-29 04:24:06\",\"usableColumn\":false},{\"capJavaField\":\"UserId\",\"columnComment\":\"操作人id\",\"columnId\":192,\"columnName\":\"user_id\",\"columnType\":\"int(11)\",\"createBy\":\"admin\",\"createTime\":\"2024-09-28 22:16:40\",\"dictType\":\"\",\"edit\":true,\"htmlType\":\"input\",\"increment\":false,\"insert\":true,\"isEdit\":\"1\",\"isIncrement\":\"0\",\"isInsert\":\"1\",\"isList\":\"1\",\"isPk\":\"0\",\"isQuery\":\"1\",\"isRequired\":\"0\",\"javaField\":\"userId\",\"javaType\":\"Long\",\"list\":true,\"params\":{},\"pk\":false,\"query\":true,\"queryType\":\"EQ\",\"required\":false,\"sort\":3,\"superColumn\":false,\"tableId\":19,\"updateBy\":\"\",\"updateTime\":\"2024-09-29 04:24:06\",\"usableColumn\":false},{\"capJavaField\":\"AidType\",\"columnComment\":\"资助类型\",\"columnId\":193,\"columnName\":\"aid_type\",\"columnType\":\"varchar(50)\",\"createBy\":\"admin\",\"createTime\":\"2024-09-28 22:16:40\",\"dictType\":\"\",\"edit\":true,\"htmlType\":\"select\",\"increment\":false,\"insert\":true,\"isE','{\"msg\":\"操作成功\",\"code\":200}',0,NULL,'2024-09-29 12:24:14',59),(154,'代码生成',8,'com.ruoyi.generator.controller.GenController.batchGenCode()','GET',1,'admin','开发人员','/tool/gen/batchGenCode','172.20.0.5','内网IP','{\"tables\":\"poor_student,poor_teacher,poor_application,poor_financial\"}',NULL,0,NULL,'2024-09-29 12:24:23',721),(155,'贫困申请',1,'com.ruoyi.web.controller.poor.PoorApplicationController.add()','POST',1,'admin','开发人员','/poor/application','172.20.0.5','内网IP','{\"applicationDate\":\"2024-08-27\",\"createTime\":\"2024-09-30 01:03:20\",\"params\":{},\"studentId\":1}',NULL,1,'\n### Error updating database.  Cause: java.sql.SQLIntegrityConstraintViolationException: Cannot add or update a child row: a foreign key constraint fails (`PoorInformation`.`poor_application`, CONSTRAINT `poor_application_ibfk_1` FOREIGN KEY (`student_id`) REFERENCES `poor_student` (`id`))\n### The error may exist in URL [jar:file:/usr/src/app/ruoyi-admin/target/ruoyi-admin.jar!/BOOT-INF/lib/art-poor-1.0.0.jar!/mapper/poor/PoorApplicationMapper.xml]\n### The error may involve com.ruoyi.poor.mapper.PoorApplicationMapper.insertPoorApplication-Inline\n### The error occurred while setting parameters\n### SQL: insert into poor_application          ( student_id,             application_date,                                                                                           create_time )           values ( ?,             ?,                                                                                           ? )\n### Cause: java.sql.SQLIntegrityConstraintViolationException: Cannot add or update a child row: a foreign key constraint fails (`PoorInformation`.`poor_application`, CONSTRAINT `poor_application_ibfk_1` FOREIGN KEY (`student_id`) REFERENCES `poor_student` (`id`))\n; Cannot add or update a child row: a foreign key constraint fails (`PoorInformation`.`poor_application`, CONSTRAINT `poor_application_ibfk_1` FOREIGN KEY (`student_id`) REFERENCES `poor_student` (`id`)); nested exception is java.sql.SQLIntegrityConstraintViolationException: Cannot add or update a child row: a foreign key constraint fails (`PoorInformation`.`poor_application`, CONSTRAINT `poor_application_ibfk_1` FOREIGN KEY (`student_id`) REFERENCES `poor_student` (`id`))','2024-09-30 01:03:20',571),(156,'贫困申请',1,'com.ruoyi.web.controller.poor.PoorApplicationController.add()','POST',1,'admin','开发人员','/poor/application','172.20.0.5','内网IP','{\"applicationDate\":\"2024-08-27\",\"createTime\":\"2024-09-30 01:03:24\",\"params\":{},\"studentId\":1}',NULL,1,'\n### Error updating database.  Cause: java.sql.SQLIntegrityConstraintViolationException: Cannot add or update a child row: a foreign key constraint fails (`PoorInformation`.`poor_application`, CONSTRAINT `poor_application_ibfk_1` FOREIGN KEY (`student_id`) REFERENCES `poor_student` (`id`))\n### The error may exist in URL [jar:file:/usr/src/app/ruoyi-admin/target/ruoyi-admin.jar!/BOOT-INF/lib/art-poor-1.0.0.jar!/mapper/poor/PoorApplicationMapper.xml]\n### The error may involve com.ruoyi.poor.mapper.PoorApplicationMapper.insertPoorApplication-Inline\n### The error occurred while setting parameters\n### SQL: insert into poor_application          ( student_id,             application_date,                                                                                           create_time )           values ( ?,             ?,                                                                                           ? )\n### Cause: java.sql.SQLIntegrityConstraintViolationException: Cannot add or update a child row: a foreign key constraint fails (`PoorInformation`.`poor_application`, CONSTRAINT `poor_application_ibfk_1` FOREIGN KEY (`student_id`) REFERENCES `poor_student` (`id`))\n; Cannot add or update a child row: a foreign key constraint fails (`PoorInformation`.`poor_application`, CONSTRAINT `poor_application_ibfk_1` FOREIGN KEY (`student_id`) REFERENCES `poor_student` (`id`)); nested exception is java.sql.SQLIntegrityConstraintViolationException: Cannot add or update a child row: a foreign key constraint fails (`PoorInformation`.`poor_application`, CONSTRAINT `poor_application_ibfk_1` FOREIGN KEY (`student_id`) REFERENCES `poor_student` (`id`))','2024-09-30 01:03:24',13),(157,'贫困申请',1,'com.ruoyi.web.controller.poor.PoorApplicationController.add()','POST',1,'admin','开发人员','/poor/application','172.20.0.5','内网IP','{\"applicationDate\":\"2024-08-27\",\"createTime\":\"2024-09-30 01:03:28\",\"params\":{},\"studentId\":1}',NULL,1,'\n### Error updating database.  Cause: java.sql.SQLIntegrityConstraintViolationException: Cannot add or update a child row: a foreign key constraint fails (`PoorInformation`.`poor_application`, CONSTRAINT `poor_application_ibfk_1` FOREIGN KEY (`student_id`) REFERENCES `poor_student` (`id`))\n### The error may exist in URL [jar:file:/usr/src/app/ruoyi-admin/target/ruoyi-admin.jar!/BOOT-INF/lib/art-poor-1.0.0.jar!/mapper/poor/PoorApplicationMapper.xml]\n### The error may involve com.ruoyi.poor.mapper.PoorApplicationMapper.insertPoorApplication-Inline\n### The error occurred while setting parameters\n### SQL: insert into poor_application          ( student_id,             application_date,                                                                                           create_time )           values ( ?,             ?,                                                                                           ? )\n### Cause: java.sql.SQLIntegrityConstraintViolationException: Cannot add or update a child row: a foreign key constraint fails (`PoorInformation`.`poor_application`, CONSTRAINT `poor_application_ibfk_1` FOREIGN KEY (`student_id`) REFERENCES `poor_student` (`id`))\n; Cannot add or update a child row: a foreign key constraint fails (`PoorInformation`.`poor_application`, CONSTRAINT `poor_application_ibfk_1` FOREIGN KEY (`student_id`) REFERENCES `poor_student` (`id`)); nested exception is java.sql.SQLIntegrityConstraintViolationException: Cannot add or update a child row: a foreign key constraint fails (`PoorInformation`.`poor_application`, CONSTRAINT `poor_application_ibfk_1` FOREIGN KEY (`student_id`) REFERENCES `poor_student` (`id`))','2024-09-30 01:03:28',14),(158,'学生信息',1,'com.ruoyi.web.controller.poor.PoorStudentController.add()','POST',1,'admin','开发人员','/poor/student','172.20.0.5','内网IP','{\"college\":\"23\",\"createTime\":\"2024-09-30 01:03:54\",\"familyAddress\":\"12\",\"familyIncome\":12,\"grade\":\"12\",\"id\":1,\"major\":\"12\",\"number\":\"23\",\"params\":{},\"sysUserList\":[],\"userId\":1}','{\"msg\":\"操作成功\",\"code\":200}',0,NULL,'2024-09-30 01:03:55',297),(159,'代码生成',2,'com.ruoyi.generator.controller.GenController.synchDb()','GET',1,'admin','开发人员','/tool/gen/synchDb/poor_teacher','172.20.0.5','内网IP','{}','{\"msg\":\"操作成功\",\"code\":200}',0,NULL,'2024-10-06 11:43:10',327),(160,'代码生成',2,'com.ruoyi.generator.controller.GenController.synchDb()','GET',1,'admin','开发人员','/tool/gen/synchDb/poor_student','172.20.0.5','内网IP','{}','{\"msg\":\"操作成功\",\"code\":200}',0,NULL,'2024-10-06 11:43:13',78),(161,'代码生成',2,'com.ruoyi.generator.controller.GenController.synchDb()','GET',1,'admin','开发人员','/tool/gen/synchDb/poor_financial','172.20.0.5','内网IP','{}','{\"msg\":\"操作成功\",\"code\":200}',0,NULL,'2024-10-06 11:43:15',92),(162,'代码生成',2,'com.ruoyi.generator.controller.GenController.synchDb()','GET',1,'admin','开发人员','/tool/gen/synchDb/poor_application','172.20.0.5','内网IP','{}','{\"msg\":\"操作成功\",\"code\":200}',0,NULL,'2024-10-06 11:43:17',88),(163,'代码生成',2,'com.ruoyi.generator.controller.GenController.synchDb()','GET',1,'admin','开发人员','/tool/gen/synchDb/poor_teacher','172.20.0.5','内网IP','{}','{\"msg\":\"操作成功\",\"code\":200}',0,NULL,'2024-10-06 11:43:19',64),(164,'代码生成',2,'com.ruoyi.generator.controller.GenController.synchDb()','GET',1,'admin','开发人员','/tool/gen/synchDb/poor_student','172.20.0.5','内网IP','{}','{\"msg\":\"操作成功\",\"code\":200}',0,NULL,'2024-10-06 11:43:21',75),(165,'代码生成',2,'com.ruoyi.generator.controller.GenController.synchDb()','GET',1,'admin','开发人员','/tool/gen/synchDb/poor_application','172.20.0.5','内网IP','{}','{\"msg\":\"操作成功\",\"code\":200}',0,NULL,'2024-10-06 11:43:24',78),(166,'代码生成',3,'com.ruoyi.generator.controller.GenController.remove()','DELETE',1,'admin','开发人员','/tool/gen/16,17,18,19','172.20.0.5','内网IP','{}','{\"msg\":\"操作成功\",\"code\":200}',0,NULL,'2024-10-06 11:43:32',22),(167,'代码生成',6,'com.ruoyi.generator.controller.GenController.importTableSave()','POST',1,'admin','开发人员','/tool/gen/importTable','172.20.0.5','内网IP','{\"tables\":\"poor_financial,poor_application,poor_teacher,poor_student\"}','{\"msg\":\"操作成功\",\"code\":200}',0,NULL,'2024-10-06 11:43:58',329),(168,'代码生成',8,'com.ruoyi.generator.controller.GenController.batchGenCode()','GET',1,'admin','开发人员','/tool/gen/batchGenCode','172.20.0.5','内网IP','{\"tables\":\"poor_application,poor_financial,poor_student,poor_teacher\"}',NULL,0,NULL,'2024-10-06 11:44:19',1883),(169,'菜单管理',2,'com.ruoyi.web.controller.system.SysMenuController.edit()','PUT',1,'admin','开发人员','/system/menu','172.20.0.5','内网IP','{\"children\":[],\"component\":\"poor/financial/index\",\"createTime\":\"2024-10-06 03:45:43\",\"icon\":\"#\",\"isCache\":\"0\",\"isFrame\":\"1\",\"menuId\":1134,\"menuName\":\"贫困申请\",\"menuType\":\"C\",\"orderNum\":1,\"params\":{},\"parentId\":0,\"path\":\"financial\",\"perms\":\"poor:financial:list\",\"routeName\":\"\",\"status\":\"0\",\"updateBy\":\"admin\",\"visible\":\"0\"}','{\"msg\":\"操作成功\",\"code\":200}',0,NULL,'2024-10-06 11:51:10',72),(170,'菜单管理',2,'com.ruoyi.web.controller.system.SysMenuController.edit()','PUT',1,'admin','开发人员','/system/menu','172.20.0.5','内网IP','{\"children\":[],\"component\":\"poor/application/index\",\"createTime\":\"2024-10-06 03:45:43\",\"icon\":\"#\",\"isCache\":\"0\",\"isFrame\":\"1\",\"menuId\":1140,\"menuName\":\"贫困申请\",\"menuType\":\"C\",\"orderNum\":1,\"params\":{},\"parentId\":0,\"path\":\"application\",\"perms\":\"poor:application:list\",\"routeName\":\"\",\"status\":\"0\",\"visible\":\"0\"}','{\"msg\":\"修改菜单\'贫困申请\'失败，菜单名称已存在\",\"code\":500}',0,NULL,'2024-10-06 11:51:19',6),(171,'代码生成',2,'com.ruoyi.generator.controller.GenController.synchDb()','GET',1,'admin','开发人员','/tool/gen/synchDb/poor_application','172.20.0.5','内网IP','{}','{\"msg\":\"操作成功\",\"code\":200}',0,NULL,'2024-10-06 11:52:13',75),(172,'代码生成',2,'com.ruoyi.generator.controller.GenController.synchDb()','GET',1,'admin','开发人员','/tool/gen/synchDb/poor_financial','172.20.0.5','内网IP','{}','{\"msg\":\"操作成功\",\"code\":200}',0,NULL,'2024-10-06 11:52:16',67),(173,'代码生成',3,'com.ruoyi.generator.controller.GenController.remove()','DELETE',1,'admin','开发人员','/tool/gen/20,21,22,23','172.20.0.5','内网IP','{}','{\"msg\":\"操作成功\",\"code\":200}',0,NULL,'2024-10-06 11:52:23',15),(174,'代码生成',6,'com.ruoyi.generator.controller.GenController.importTableSave()','POST',1,'admin','开发人员','/tool/gen/importTable','172.20.0.5','内网IP','{\"tables\":\"poor_financial,poor_application,poor_teacher,poor_student\"}','{\"msg\":\"操作成功\",\"code\":200}',0,NULL,'2024-10-06 11:52:31',304),(175,'代码生成',8,'com.ruoyi.generator.controller.GenController.batchGenCode()','GET',1,'admin','开发人员','/tool/gen/batchGenCode','172.20.0.5','内网IP','{\"tables\":\"poor_application,poor_financial,poor_student,poor_teacher\"}',NULL,0,NULL,'2024-10-06 11:52:52',598),(176,'用户管理',2,'com.ruoyi.web.controller.system.SysUserController.edit()','PUT',1,'admin','开发人员','/system/user','172.20.0.5','内网IP','{\"admin\":false,\"avatar\":\"\",\"createBy\":\"admin\",\"createTime\":\"2024-09-28 18:37:18\",\"delFlag\":\"0\",\"dept\":{\"ancestors\":\"0,100,101\",\"children\":[],\"deptId\":110,\"deptName\":\"测试人员\",\"orderNum\":2,\"params\":{},\"parentId\":101,\"status\":\"0\"},\"deptId\":110,\"email\":\"\",\"loginIp\":\"\",\"nickName\":\"test\",\"params\":{},\"phonenumber\":\"18085515238\",\"postIds\":[],\"roleIds\":[2],\"roles\":[],\"sex\":\"0\",\"status\":\"0\",\"updateBy\":\"admin\",\"userId\":3,\"userName\":\"test\"}','{\"msg\":\"操作成功\",\"code\":200}',0,NULL,'2024-10-06 12:06:29',55),(177,'代码生成',2,'com.ruoyi.generator.controller.GenController.synchDb()','GET',1,'admin','开发人员','/tool/gen/synchDb/poor_student','172.20.0.5','内网IP','{}','{\"msg\":\"操作成功\",\"code\":200}',0,NULL,'2024-10-06 12:09:52',71),(178,'代码生成',2,'com.ruoyi.generator.controller.GenController.synchDb()','GET',1,'admin','开发人员','/tool/gen/synchDb/poor_teacher','172.20.0.5','内网IP','{}','{\"msg\":\"操作成功\",\"code\":200}',0,NULL,'2024-10-06 12:10:04',50),(179,'代码生成',8,'com.ruoyi.generator.controller.GenController.batchGenCode()','GET',1,'admin','开发人员','/tool/gen/batchGenCode','172.20.0.5','内网IP','{\"tables\":\"poor_student,poor_teacher\"}',NULL,0,NULL,'2024-10-06 12:10:08',204),(180,'用户管理',1,'com.ruoyi.web.controller.system.SysUserController.add()','POST',1,'admin','开发人员','/system/user','172.20.0.5','内网IP','{\"admin\":false,\"deptId\":100,\"nickName\":\"Test\",\"params\":{},\"phonenumber\":\"18085515234\",\"postIds\":[],\"roleIds\":[],\"status\":\"0\",\"userName\":\"test\"}','{\"msg\":\"新增用户\'test\'失败，登录账号已存在\",\"code\":500}',0,NULL,'2024-10-06 13:04:59',9),(181,'用户管理',1,'com.ruoyi.web.controller.system.SysUserController.add()','POST',1,'admin','开发人员','/system/user','172.20.0.5','内网IP','{\"admin\":false,\"createBy\":\"admin\",\"deptId\":100,\"nickName\":\"Test1\",\"params\":{},\"phonenumber\":\"18085515234\",\"postIds\":[],\"roleIds\":[],\"status\":\"0\",\"userId\":5,\"userName\":\"test1\"}','{\"msg\":\"操作成功\",\"code\":200}',0,NULL,'2024-10-06 13:05:04',99),(182,'用户管理',2,'com.ruoyi.web.controller.system.SysUserController.edit()','PUT',1,'admin','开发人员','/system/user','172.20.0.5','内网IP','{\"admin\":false,\"avatar\":\"\",\"createBy\":\"admin\",\"createTime\":\"2024-10-06 05:05:04\",\"delFlag\":\"0\",\"dept\":{\"ancestors\":\"0\",\"children\":[],\"deptId\":100,\"deptName\":\"贵州师范大学\",\"leader\":\"若依\",\"orderNum\":0,\"params\":{},\"parentId\":0,\"status\":\"0\"},\"deptId\":100,\"email\":\"\",\"loginIp\":\"\",\"nickName\":\"Test1\",\"params\":{},\"phonenumber\":\"18085515234\",\"postIds\":[],\"roleIds\":[3],\"roles\":[],\"sex\":\"0\",\"status\":\"0\",\"updateBy\":\"admin\",\"userId\":5,\"userName\":\"test1\"}','{\"msg\":\"操作成功\",\"code\":200}',0,NULL,'2024-10-06 13:12:37',36),(183,'用户管理',2,'com.ruoyi.web.controller.system.SysUserController.edit()','PUT',1,'admin','开发人员','/system/user','172.20.0.5','内网IP','{\"admin\":false,\"avatar\":\"\",\"createBy\":\"admin\",\"createTime\":\"2024-10-06 05:05:04\",\"delFlag\":\"0\",\"dept\":{\"ancestors\":\"0\",\"children\":[],\"deptId\":100,\"deptName\":\"贵州师范大学\",\"leader\":\"若依\",\"orderNum\":0,\"params\":{},\"parentId\":0,\"status\":\"0\"},\"deptId\":100,\"email\":\"\",\"loginIp\":\"\",\"nickName\":\"Test1\",\"params\":{},\"phonenumber\":\"18085515234\",\"postIds\":[],\"roleIds\":[3],\"roles\":[{\"admin\":false,\"dataScope\":\"5\",\"deptCheckStrictly\":false,\"flag\":false,\"menuCheckStrictly\":false,\"params\":{},\"roleId\":3,\"roleKey\":\"student\",\"roleName\":\"学生角色\",\"roleSort\":3,\"status\":\"0\"}],\"sex\":\"0\",\"status\":\"0\",\"updateBy\":\"admin\",\"userId\":5,\"userName\":\"test1\"}',NULL,1,'\n### Error updating database.  Cause: java.sql.SQLIntegrityConstraintViolationException: Duplicate entry \'5\' for key \'PRIMARY\'\n### The error may exist in URL [jar:file:/usr/src/app/ruoyi-admin/target/ruoyi-admin.jar!/BOOT-INF/lib/ruoyi-system-3.8.8.jar!/mapper/system/SysUserMapper.xml]\n### The error may involve com.ruoyi.system.mapper.SysUserMapper.insertUser-Inline\n### The error occurred while setting parameters\n### SQL: insert into sys_user(      user_id,       dept_id,       user_name,       nick_name,                   phonenumber,       sex,       password,       status,       create_by,            create_time    )values(      ?,       ?,       ?,       ?,                   ?,       ?,       ?,       ?,       ?,            sysdate()    )\n### Cause: java.sql.SQLIntegrityConstraintViolationException: Duplicate entry \'5\' for key \'PRIMARY\'\n; Duplicate entry \'5\' for key \'PRIMARY\'; nested exception is java.sql.SQLIntegrityConstraintViolationException: Duplicate entry \'5\' for key \'PRIMARY\'','2024-10-06 13:32:25',869),(184,'用户管理',2,'com.ruoyi.web.controller.system.SysUserController.edit()','PUT',1,'admin','开发人员','/system/user','172.20.0.5','内网IP','{\"admin\":false,\"avatar\":\"\",\"createBy\":\"admin\",\"createTime\":\"2024-10-06 05:05:04\",\"delFlag\":\"0\",\"dept\":{\"ancestors\":\"0\",\"children\":[],\"deptId\":100,\"deptName\":\"贵州师范大学\",\"leader\":\"若依\",\"orderNum\":0,\"params\":{},\"parentId\":0,\"status\":\"0\"},\"deptId\":100,\"email\":\"\",\"loginIp\":\"\",\"nickName\":\"Test1\",\"params\":{},\"phonenumber\":\"18085515234\",\"postIds\":[],\"roleIds\":[3],\"roles\":[{\"admin\":false,\"dataScope\":\"5\",\"deptCheckStrictly\":false,\"flag\":false,\"menuCheckStrictly\":false,\"params\":{},\"roleId\":3,\"roleKey\":\"student\",\"roleName\":\"学生角色\",\"roleSort\":3,\"status\":\"0\"}],\"sex\":\"0\",\"status\":\"0\",\"updateBy\":\"admin\",\"userId\":5,\"userName\":\"test1\"}',NULL,1,'\n### Error updating database.  Cause: java.sql.SQLIntegrityConstraintViolationException: Duplicate entry \'5\' for key \'PRIMARY\'\n### The error may exist in URL [jar:file:/usr/src/app/ruoyi-admin/target/ruoyi-admin.jar!/BOOT-INF/lib/ruoyi-system-3.8.8.jar!/mapper/system/SysUserMapper.xml]\n### The error may involve com.ruoyi.system.mapper.SysUserMapper.insertUser-Inline\n### The error occurred while setting parameters\n### SQL: insert into sys_user(      user_id,       dept_id,       user_name,       nick_name,                   phonenumber,       sex,       password,       status,       create_by,            create_time    )values(      ?,       ?,       ?,       ?,                   ?,       ?,       ?,       ?,       ?,            sysdate()    )\n### Cause: java.sql.SQLIntegrityConstraintViolationException: Duplicate entry \'5\' for key \'PRIMARY\'\n; Duplicate entry \'5\' for key \'PRIMARY\'; nested exception is java.sql.SQLIntegrityConstraintViolationException: Duplicate entry \'5\' for key \'PRIMARY\'','2024-10-06 13:37:24',523),(185,'用户管理',1,'com.ruoyi.web.controller.system.SysUserController.add()','POST',1,'admin','开发人员','/system/user','172.20.0.5','内网IP','{\"admin\":false,\"createBy\":\"admin\",\"nickName\":\"test2\",\"params\":{},\"postIds\":[],\"roleIds\":[3],\"status\":\"0\",\"userId\":6,\"userName\":\"test22\"}','{\"msg\":\"新增用户\'test22\'失败，创建老师信息错误\",\"code\":500}',0,NULL,'2024-10-06 13:40:06',120),(186,'用户管理',1,'com.ruoyi.web.controller.system.SysUserController.add()','POST',1,'admin','开发人员','/system/user','172.20.0.5','内网IP','{\"admin\":false,\"nickName\":\"test2\",\"params\":{},\"postIds\":[],\"roleIds\":[3,4],\"status\":\"0\",\"userName\":\"test22\"}','{\"msg\":\"新增用户\'test22\'失败，登录账号已存在\",\"code\":500}',0,NULL,'2024-10-06 13:40:26',8),(187,'用户管理',1,'com.ruoyi.web.controller.system.SysUserController.add()','POST',1,'admin','开发人员','/system/user','172.20.0.5','内网IP','{\"admin\":false,\"nickName\":\"test2\",\"params\":{},\"postIds\":[],\"roleIds\":[3,4],\"status\":\"0\",\"userName\":\"test22\"}','{\"msg\":\"新增用户\'test22\'失败，登录账号已存在\",\"code\":500}',0,NULL,'2024-10-06 13:43:47',110),(188,'用户管理',2,'com.ruoyi.web.controller.system.SysUserController.edit()','PUT',1,'admin','开发人员','/system/user','172.20.0.5','内网IP','{\"admin\":false,\"avatar\":\"\",\"createBy\":\"admin\",\"createTime\":\"2024-10-06 05:05:04\",\"delFlag\":\"0\",\"dept\":{\"ancestors\":\"0\",\"children\":[],\"deptId\":100,\"deptName\":\"贵州师范大学\",\"leader\":\"若依\",\"orderNum\":0,\"params\":{},\"parentId\":0,\"status\":\"0\"},\"deptId\":100,\"email\":\"\",\"loginIp\":\"\",\"nickName\":\"Test1\",\"params\":{},\"phonenumber\":\"18085515234\",\"postIds\":[],\"roleIds\":[3],\"roles\":[{\"admin\":false,\"dataScope\":\"5\",\"deptCheckStrictly\":false,\"flag\":false,\"menuCheckStrictly\":false,\"params\":{},\"roleId\":3,\"roleKey\":\"student\",\"roleName\":\"学生角色\",\"roleSort\":3,\"status\":\"0\"}],\"sex\":\"0\",\"status\":\"0\",\"updateBy\":\"admin\",\"userId\":5,\"userName\":\"test1\"}','{\"msg\":\"操作成功\",\"code\":200}',0,NULL,'2024-10-06 13:43:54',147),(189,'用户管理',1,'com.ruoyi.web.controller.system.SysUserController.add()','POST',1,'admin','开发人员','/system/user','172.20.0.5','内网IP','{\"admin\":false,\"createBy\":\"admin\",\"nickName\":\"test3\",\"params\":{},\"postIds\":[],\"roleIds\":[3,4],\"status\":\"0\",\"userId\":7,\"userName\":\"test3\"}','{\"msg\":\"操作成功\",\"code\":200}',0,NULL,'2024-10-06 13:44:22',135),(190,'用户管理',3,'com.ruoyi.web.controller.system.SysUserController.remove()','DELETE',1,'admin','开发人员','/system/user/7','172.20.0.5','内网IP','{}','{\"msg\":\"操作成功\",\"code\":200}',0,NULL,'2024-10-07 14:33:31',84),(191,'用户管理',3,'com.ruoyi.web.controller.system.SysUserController.remove()','DELETE',1,'admin','开发人员','/system/user/6','172.20.0.5','内网IP','{}','{\"msg\":\"操作成功\",\"code\":200}',0,NULL,'2024-10-07 14:33:33',23),(192,'用户管理',3,'com.ruoyi.web.controller.system.SysUserController.remove()','DELETE',1,'admin','开发人员','/system/user/5','172.20.0.5','内网IP','{}','{\"msg\":\"操作成功\",\"code\":200}',0,NULL,'2024-10-07 14:33:36',23),(193,'用户管理',2,'com.ruoyi.web.controller.system.SysUserController.edit()','PUT',1,'admin','开发人员','/system/user','172.20.0.5','内网IP','{\"admin\":false,\"avatar\":\"\",\"createBy\":\"admin\",\"createTime\":\"2024-09-29 01:44:53\",\"delFlag\":\"0\",\"dept\":{\"ancestors\":\"0\",\"children\":[],\"deptId\":100,\"deptName\":\"贵州师范大学\",\"leader\":\"若依\",\"orderNum\":0,\"params\":{},\"parentId\":0,\"status\":\"0\"},\"deptId\":100,\"email\":\"\",\"loginIp\":\"\",\"nickName\":\"张三\",\"params\":{},\"phonenumber\":\"18085515237\",\"postIds\":[],\"roleIds\":[3],\"roles\":[{\"admin\":false,\"dataScope\":\"5\",\"deptCheckStrictly\":false,\"flag\":false,\"menuCheckStrictly\":false,\"params\":{},\"roleId\":3,\"roleKey\":\"student\",\"roleName\":\"学生角色\",\"roleSort\":3,\"status\":\"0\"}],\"sex\":\"0\",\"status\":\"0\",\"updateBy\":\"admin\",\"userId\":4,\"userName\":\"张三\"}','{\"msg\":\"操作成功\",\"code\":200}',0,NULL,'2024-10-07 14:33:52',45),(194,'用户管理',2,'com.ruoyi.web.controller.system.SysUserController.resetPwd()','PUT',1,'admin','开发人员','/system/user/resetPwd','172.20.0.5','内网IP','{\"admin\":false,\"params\":{},\"updateBy\":\"admin\",\"userId\":4}','{\"msg\":\"操作成功\",\"code\":200}',0,NULL,'2024-10-07 14:34:09',75),(195,'用户管理',2,'com.ruoyi.web.controller.system.SysUserController.edit()','PUT',1,'admin','开发人员','/system/user','172.20.0.5','内网IP','{\"admin\":false,\"avatar\":\"\",\"createBy\":\"admin\",\"createTime\":\"2024-09-29 01:44:53\",\"delFlag\":\"0\",\"dept\":{\"ancestors\":\"0\",\"children\":[],\"deptId\":100,\"deptName\":\"贵州师范大学\",\"leader\":\"若依\",\"orderNum\":0,\"params\":{},\"parentId\":0,\"status\":\"0\"},\"deptId\":100,\"email\":\"\",\"loginIp\":\"\",\"nickName\":\"张三\",\"params\":{},\"phonenumber\":\"18085515237\",\"postIds\":[],\"roleIds\":[3],\"roles\":[{\"admin\":false,\"dataScope\":\"5\",\"deptCheckStrictly\":false,\"flag\":false,\"menuCheckStrictly\":false,\"params\":{},\"roleId\":3,\"roleKey\":\"student\",\"roleName\":\"学生角色\",\"roleSort\":3,\"status\":\"0\"}],\"sex\":\"0\",\"status\":\"0\",\"updateBy\":\"admin\",\"userId\":4,\"userName\":\"张三\"}',NULL,1,'\n### Error updating database.  Cause: java.sql.SQLIntegrityConstraintViolationException: Duplicate entry \'4\' for key \'PRIMARY\'\n### The error may exist in URL [jar:file:/usr/src/app/ruoyi-admin/target/ruoyi-admin.jar!/BOOT-INF/lib/art-poor-1.0.0.jar!/mapper/poor/PoorStudentMapper.xml]\n### The error may involve com.ruoyi.poor.mapper.PoorStudentMapper.insertPoorStudent-Inline\n### The error occurred while setting parameters\n### SQL: insert into poor_student          ( user_id,                                                                                           create_time )           values ( ?,                                                                                           ? )\n### Cause: java.sql.SQLIntegrityConstraintViolationException: Duplicate entry \'4\' for key \'PRIMARY\'\n; Duplicate entry \'4\' for key \'PRIMARY\'; nested exception is java.sql.SQLIntegrityConstraintViolationException: Duplicate entry \'4\' for key \'PRIMARY\'','2024-10-07 14:34:57',551),(196,'用户管理',2,'com.ruoyi.web.controller.system.SysUserController.edit()','PUT',1,'admin','开发人员','/system/user','172.20.0.5','内网IP','{\"admin\":false,\"avatar\":\"\",\"createBy\":\"admin\",\"createTime\":\"2024-09-29 01:44:53\",\"delFlag\":\"0\",\"dept\":{\"ancestors\":\"0\",\"children\":[],\"deptId\":100,\"deptName\":\"贵州师范大学\",\"leader\":\"若依\",\"orderNum\":0,\"params\":{},\"parentId\":0,\"status\":\"0\"},\"deptId\":100,\"email\":\"\",\"loginIp\":\"\",\"nickName\":\"张三\",\"params\":{},\"phonenumber\":\"18085515237\",\"postIds\":[],\"roleIds\":[3],\"roles\":[{\"admin\":false,\"dataScope\":\"5\",\"deptCheckStrictly\":false,\"flag\":false,\"menuCheckStrictly\":false,\"params\":{},\"roleId\":3,\"roleKey\":\"student\",\"roleName\":\"学生角色\",\"roleSort\":3,\"status\":\"0\"}],\"sex\":\"0\",\"status\":\"0\",\"updateBy\":\"admin\",\"userId\":4,\"userName\":\"张三\"}',NULL,1,'\n### Error updating database.  Cause: java.sql.SQLIntegrityConstraintViolationException: Duplicate entry \'4\' for key \'PRIMARY\'\n### The error may exist in URL [jar:file:/usr/src/app/ruoyi-admin/target/ruoyi-admin.jar!/BOOT-INF/lib/art-poor-1.0.0.jar!/mapper/poor/PoorStudentMapper.xml]\n### The error may involve com.ruoyi.poor.mapper.PoorStudentMapper.insertPoorStudent-Inline\n### The error occurred while setting parameters\n### SQL: insert into poor_student          ( user_id,                                                                                           create_time )           values ( ?,                                                                                           ? )\n### Cause: java.sql.SQLIntegrityConstraintViolationException: Duplicate entry \'4\' for key \'PRIMARY\'\n; Duplicate entry \'4\' for key \'PRIMARY\'; nested exception is java.sql.SQLIntegrityConstraintViolationException: Duplicate entry \'4\' for key \'PRIMARY\'','2024-10-07 14:35:03',17),(197,'用户管理',2,'com.ruoyi.web.controller.system.SysUserController.edit()','PUT',1,'admin','开发人员','/system/user','172.20.0.5','内网IP','{\"admin\":false,\"avatar\":\"\",\"createBy\":\"admin\",\"createTime\":\"2024-09-29 01:44:53\",\"delFlag\":\"0\",\"dept\":{\"ancestors\":\"0\",\"children\":[],\"deptId\":100,\"deptName\":\"贵州师范大学\",\"leader\":\"若依\",\"orderNum\":0,\"params\":{},\"parentId\":0,\"status\":\"0\"},\"deptId\":100,\"email\":\"\",\"loginIp\":\"\",\"nickName\":\"张三\",\"params\":{},\"phonenumber\":\"18085515237\",\"postIds\":[],\"roleIds\":[3,4],\"roles\":[{\"admin\":false,\"dataScope\":\"5\",\"deptCheckStrictly\":false,\"flag\":false,\"menuCheckStrictly\":false,\"params\":{},\"roleId\":3,\"roleKey\":\"student\",\"roleName\":\"学生角色\",\"roleSort\":3,\"status\":\"0\"}],\"sex\":\"0\",\"status\":\"0\",\"updateBy\":\"admin\",\"userId\":4,\"userName\":\"张三\"}',NULL,1,'\n### Error updating database.  Cause: java.sql.SQLIntegrityConstraintViolationException: Duplicate entry \'4\' for key \'PRIMARY\'\n### The error may exist in URL [jar:file:/usr/src/app/ruoyi-admin/target/ruoyi-admin.jar!/BOOT-INF/lib/art-poor-1.0.0.jar!/mapper/poor/PoorStudentMapper.xml]\n### The error may involve com.ruoyi.poor.mapper.PoorStudentMapper.insertPoorStudent-Inline\n### The error occurred while setting parameters\n### SQL: insert into poor_student          ( user_id,                                                                                           create_time )           values ( ?,                                                                                           ? )\n### Cause: java.sql.SQLIntegrityConstraintViolationException: Duplicate entry \'4\' for key \'PRIMARY\'\n; Duplicate entry \'4\' for key \'PRIMARY\'; nested exception is java.sql.SQLIntegrityConstraintViolationException: Duplicate entry \'4\' for key \'PRIMARY\'','2024-10-07 14:35:14',38),(198,'用户管理',2,'com.ruoyi.web.controller.system.SysUserController.edit()','PUT',1,'admin','开发人员','/system/user','172.20.0.5','内网IP','{\"admin\":false,\"avatar\":\"\",\"createBy\":\"admin\",\"createTime\":\"2024-09-29 01:44:53\",\"delFlag\":\"0\",\"dept\":{\"ancestors\":\"0\",\"children\":[],\"deptId\":100,\"deptName\":\"贵州师范大学\",\"leader\":\"若依\",\"orderNum\":0,\"params\":{},\"parentId\":0,\"status\":\"0\"},\"deptId\":100,\"email\":\"\",\"loginIp\":\"\",\"nickName\":\"张三\",\"params\":{},\"phonenumber\":\"18085515237\",\"postIds\":[],\"roleIds\":[3,4],\"roles\":[{\"admin\":false,\"dataScope\":\"5\",\"deptCheckStrictly\":false,\"flag\":false,\"menuCheckStrictly\":false,\"params\":{},\"roleId\":3,\"roleKey\":\"student\",\"roleName\":\"学生角色\",\"roleSort\":3,\"status\":\"0\"}],\"sex\":\"0\",\"status\":\"0\",\"updateBy\":\"admin\",\"userId\":4,\"userName\":\"张三\"}',NULL,1,'\n### Error updating database.  Cause: java.sql.SQLIntegrityConstraintViolationException: Duplicate entry \'4\' for key \'PRIMARY\'\n### The error may exist in URL [jar:file:/usr/src/app/ruoyi-admin/target/ruoyi-admin.jar!/BOOT-INF/lib/art-poor-1.0.0.jar!/mapper/poor/PoorTeacherMapper.xml]\n### The error may involve com.ruoyi.poor.mapper.PoorTeacherMapper.insertPoorTeacher-Inline\n### The error occurred while setting parameters\n### SQL: insert into poor_teacher          ( user_id,                                                                 create_time )           values ( ?,                                                                 ? )\n### Cause: java.sql.SQLIntegrityConstraintViolationException: Duplicate entry \'4\' for key \'PRIMARY\'\n; Duplicate entry \'4\' for key \'PRIMARY\'; nested exception is java.sql.SQLIntegrityConstraintViolationException: Duplicate entry \'4\' for key \'PRIMARY\'','2024-10-07 14:35:17',17),(199,'用户管理',2,'com.ruoyi.web.controller.system.SysUserController.resetPwd()','PUT',1,'admin','开发人员','/system/user/resetPwd','172.20.0.5','内网IP','{\"admin\":false,\"params\":{},\"updateBy\":\"admin\",\"userId\":4}','{\"msg\":\"操作成功\",\"code\":200}',0,NULL,'2024-10-07 14:35:28',79),(200,'用户管理',2,'com.ruoyi.web.controller.system.SysUserController.edit()','PUT',1,'admin','开发人员','/system/user','172.20.0.5','内网IP','{\"admin\":false,\"avatar\":\"\",\"createBy\":\"admin\",\"createTime\":\"2024-09-29 01:44:53\",\"delFlag\":\"0\",\"dept\":{\"ancestors\":\"0\",\"children\":[],\"deptId\":100,\"deptName\":\"贵州师范大学\",\"leader\":\"若依\",\"orderNum\":0,\"params\":{},\"parentId\":0,\"status\":\"0\"},\"deptId\":100,\"email\":\"\",\"loginIp\":\"\",\"nickName\":\"张三\",\"params\":{},\"phonenumber\":\"18085515237\",\"postIds\":[],\"roleIds\":[3,4],\"roles\":[{\"admin\":false,\"dataScope\":\"5\",\"deptCheckStrictly\":false,\"flag\":false,\"menuCheckStrictly\":false,\"params\":{},\"roleId\":3,\"roleKey\":\"student\",\"roleName\":\"学生角色\",\"roleSort\":3,\"status\":\"0\"}],\"sex\":\"0\",\"status\":\"0\",\"updateBy\":\"admin\",\"userId\":4,\"userName\":\"张三\"}',NULL,1,'\n### Error updating database.  Cause: java.sql.SQLIntegrityConstraintViolationException: Duplicate entry \'4\' for key \'PRIMARY\'\n### The error may exist in URL [jar:file:/usr/src/app/ruoyi-admin/target/ruoyi-admin.jar!/BOOT-INF/lib/art-poor-1.0.0.jar!/mapper/poor/PoorTeacherMapper.xml]\n### The error may involve com.ruoyi.poor.mapper.PoorTeacherMapper.insertPoorTeacher-Inline\n### The error occurred while setting parameters\n### SQL: insert into poor_teacher          ( user_id,                                                                 create_time )           values ( ?,                                                                 ? )\n### Cause: java.sql.SQLIntegrityConstraintViolationException: Duplicate entry \'4\' for key \'PRIMARY\'\n; Duplicate entry \'4\' for key \'PRIMARY\'; nested exception is java.sql.SQLIntegrityConstraintViolationException: Duplicate entry \'4\' for key \'PRIMARY\'','2024-10-07 14:36:19',19),(201,'用户管理',2,'com.ruoyi.web.controller.system.SysUserController.edit()','PUT',1,'admin','开发人员','/system/user','127.0.0.1','内网IP','{\"admin\":false,\"avatar\":\"\",\"createBy\":\"admin\",\"createTime\":\"2024-09-29 09:44:53\",\"delFlag\":\"0\",\"dept\":{\"ancestors\":\"0\",\"children\":[],\"deptId\":100,\"deptName\":\"贵州师范大学\",\"leader\":\"若依\",\"orderNum\":0,\"params\":{},\"parentId\":0,\"status\":\"0\"},\"deptId\":100,\"email\":\"\",\"loginDate\":\"2024-10-08 15:03:11\",\"loginIp\":\"127.0.0.1\",\"nickName\":\"张三\",\"params\":{},\"phonenumber\":\"18085515237\",\"postIds\":[],\"roleIds\":[3,4],\"roles\":[{\"admin\":false,\"dataScope\":\"5\",\"deptCheckStrictly\":false,\"flag\":false,\"menuCheckStrictly\":false,\"params\":{},\"roleId\":3,\"roleKey\":\"student\",\"roleName\":\"学生角色\",\"roleSort\":3,\"status\":\"0\"}],\"sex\":\"0\",\"status\":\"0\",\"updateBy\":\"admin\",\"userId\":4,\"userName\":\"张三\"}','{\"msg\":\"操作成功\",\"code\":200}',0,NULL,'2024-10-08 07:43:50',80),(202,'用户管理',2,'com.ruoyi.web.controller.system.SysUserController.edit()','PUT',1,'admin','开发人员','/system/user','127.0.0.1','内网IP','{\"admin\":false,\"avatar\":\"\",\"createBy\":\"admin\",\"createTime\":\"2024-09-29 09:44:53\",\"delFlag\":\"0\",\"dept\":{\"ancestors\":\"0\",\"children\":[],\"deptId\":100,\"deptName\":\"贵州师范大学\",\"leader\":\"若依\",\"orderNum\":0,\"params\":{},\"parentId\":0,\"status\":\"0\"},\"deptId\":100,\"email\":\"\",\"loginDate\":\"2024-10-08 19:31:18\",\"loginIp\":\"127.0.0.1\",\"nickName\":\"张三\",\"params\":{},\"phonenumber\":\"18085515237\",\"postIds\":[],\"roleIds\":[3],\"roles\":[{\"admin\":false,\"dataScope\":\"5\",\"deptCheckStrictly\":false,\"flag\":false,\"menuCheckStrictly\":false,\"params\":{},\"roleId\":3,\"roleKey\":\"student\",\"roleName\":\"学生角色\",\"roleSort\":3,\"status\":\"0\"},{\"admin\":false,\"dataScope\":\"1\",\"deptCheckStrictly\":false,\"flag\":false,\"menuCheckStrictly\":false,\"params\":{},\"roleId\":4,\"roleKey\":\"teacher\",\"roleName\":\"老师角色\",\"roleSort\":4,\"status\":\"0\"}],\"sex\":\"0\",\"status\":\"0\",\"updateBy\":\"admin\",\"userId\":4,\"userName\":\"张三\"}','{\"msg\":\"操作成功\",\"code\":200}',0,NULL,'2024-10-08 11:32:29',77),(203,'用户管理',4,'com.ruoyi.web.controller.system.SysUserController.insertAuthRole()','PUT',1,'admin','开发人员','/system/user/authRole','127.0.0.1','内网IP','{\"roleIds\":\"3\",\"userId\":\"4\"}','{\"msg\":\"操作成功\",\"code\":200}',0,NULL,'2024-10-08 11:42:14',19),(204,'角色管理',2,'com.ruoyi.web.controller.system.SysRoleController.edit()','PUT',1,'admin','开发人员','/system/role','127.0.0.1','内网IP','{\"admin\":false,\"createTime\":\"2024-09-29 01:12:40\",\"dataScope\":\"5\",\"delFlag\":\"0\",\"deptCheckStrictly\":true,\"flag\":false,\"menuCheckStrictly\":true,\"menuIds\":[3,1170,1171,1172,1173,1174,1175],\"params\":{},\"roleId\":3,\"roleKey\":\"student\",\"roleName\":\"学生角色\",\"roleSort\":3,\"status\":\"0\",\"updateBy\":\"admin\"}','{\"msg\":\"操作成功\",\"code\":200}',0,NULL,'2024-10-08 11:42:29',33),(205,'角色管理',2,'com.ruoyi.web.controller.system.SysRoleController.edit()','PUT',1,'admin','开发人员','/system/role','127.0.0.1','内网IP','{\"admin\":false,\"createTime\":\"2024-09-29 01:12:40\",\"dataScope\":\"5\",\"delFlag\":\"0\",\"deptCheckStrictly\":true,\"flag\":false,\"menuCheckStrictly\":true,\"menuIds\":[3,115,1158,1159,1160,1161,1162,1163,1164,1165,1166,1167,1168,1169,1170,1171,1172,1173,1174,1175,1176,1177,1178,1179,1180,1181,116,1055,1056,1057,1058,1059,1060,117],\"params\":{},\"roleId\":3,\"roleKey\":\"student\",\"roleName\":\"学生角色\",\"roleSort\":3,\"status\":\"0\",\"updateBy\":\"admin\"}','{\"msg\":\"操作成功\",\"code\":200}',0,NULL,'2024-10-08 11:42:58',27),(206,'角色管理',2,'com.ruoyi.web.controller.system.SysRoleController.edit()','PUT',1,'admin','开发人员','/system/role','127.0.0.1','内网IP','{\"admin\":false,\"createTime\":\"2024-09-29 05:59:36\",\"dataScope\":\"1\",\"delFlag\":\"0\",\"deptCheckStrictly\":true,\"flag\":false,\"menuCheckStrictly\":true,\"menuIds\":[1,100,1000,1001,1002,1003,1004,1005,1006,101,1007,1008,1009,1010,1011,102,1012,1013,1014,1015,103,1016,1017,1018,1019,104,1020,1021,1022,1023,1024,105,1025,1026,1027,1028,1029,106,1030,1031,1032,1033,1034,107,1035,1036,1037,1038,108,500,1039,1040,1041,501,1042,1043,1044,1045,2,109,1046,1047,1048,110,1049,1050,1051,1052,1053,1054,111,112,113,114,3,115,1158,1159,1160,1161,1162,1163,1164,1165,1166,1167,1168,1169,1170,1171,1172,1173,1174,1175,1176,1177,1178,1179,1180,1181,116,1055,1056,1057,1058,1059,1060,117,4],\"params\":{},\"roleId\":5,\"roleKey\":\"admin_\",\"roleName\":\"管理员\",\"roleSort\":5,\"status\":\"0\",\"updateBy\":\"admin\"}','{\"msg\":\"操作成功\",\"code\":200}',0,NULL,'2024-10-08 11:43:49',29),(207,'角色管理',2,'com.ruoyi.web.controller.system.SysRoleController.dataScope()','PUT',1,'admin','开发人员','/system/role/dataScope','127.0.0.1','内网IP','{\"admin\":false,\"createTime\":\"2024-09-29 01:12:40\",\"dataScope\":\"5\",\"delFlag\":\"0\",\"deptCheckStrictly\":true,\"deptIds\":[],\"flag\":false,\"menuCheckStrictly\":true,\"params\":{},\"roleId\":3,\"roleKey\":\"student\",\"roleName\":\"学生角色\",\"roleSort\":3,\"status\":\"0\"}','{\"msg\":\"操作成功\",\"code\":200}',0,NULL,'2024-10-08 11:44:20',16),(208,'角色管理',2,'com.ruoyi.web.controller.system.SysRoleController.edit()','PUT',1,'admin','开发人员','/system/role','127.0.0.1','内网IP','{\"admin\":false,\"createTime\":\"2024-09-29 01:12:40\",\"dataScope\":\"5\",\"delFlag\":\"0\",\"deptCheckStrictly\":true,\"flag\":false,\"menuCheckStrictly\":true,\"menuIds\":[3,115,1158,1159,1160,1161,1162,1163,1164,1165,1166,1167,1168,1169,1170,1171,1172,1173,1174,1175,1176,1177,1178,1179,1180,1181],\"params\":{},\"roleId\":3,\"roleKey\":\"student\",\"roleName\":\"学生角色\",\"roleSort\":3,\"status\":\"0\",\"updateBy\":\"admin\"}','{\"msg\":\"操作成功\",\"code\":200}',0,NULL,'2024-10-08 11:44:37',26),(209,'学生信息',2,'com.ruoyi.web.controller.poor.PoorStudentController.edit()','PUT',1,'张三','贵州师范大学','/poor/student','127.0.0.1','内网IP','{\"college\":\"Test\",\"createTime\":\"2024-10-07 22:33:52\",\"familyAddress\":\"abcd\",\"familyIncome\":10000,\"grade\":\"2024\",\"isActivated\":0,\"major\":\"Test\",\"number\":\"202341\",\"params\":{},\"updateTime\":\"2024-10-08 19:51:06\",\"userId\":4}','{\"msg\":\"操作成功\",\"code\":200}',0,NULL,'2024-10-08 11:51:06',13),(210,'学生信息',2,'com.ruoyi.web.controller.poor.PoorStudentController.edit()','PUT',1,'张三','贵州师范大学','/poor/student','127.0.0.1','内网IP','{\"college\":\"Test\",\"createTime\":\"2024-10-07 22:33:52\",\"familyAddress\":\"abcd\",\"familyIncome\":10000,\"grade\":\"2024\",\"isActivated\":0,\"major\":\"Test\",\"number\":\"202341\",\"params\":{},\"updateTime\":\"2024-10-08 20:04:02\",\"userId\":4}','{\"msg\":\"操作成功\",\"code\":200}',0,NULL,'2024-10-08 12:04:02',9),(211,'学生信息',2,'com.ruoyi.web.controller.poor.PoorStudentController.edit()','PUT',1,'张三','贵州师范大学','/poor/student','127.0.0.1','内网IP','{\"college\":\"Test\",\"createTime\":\"2024-10-07 22:33:52\",\"familyAddress\":\"abcd\",\"familyIncome\":10000,\"grade\":\"2024\",\"isActivated\":0,\"major\":\"Test\",\"number\":\"202341\",\"params\":{},\"updateTime\":\"2024-10-08 20:08:07\",\"userId\":4}','{\"msg\":\"操作成功\",\"code\":200}',0,NULL,'2024-10-08 12:08:07',8),(212,'学生信息',2,'com.ruoyi.web.controller.poor.PoorStudentController.edit()','PUT',1,'张三','贵州师范大学','/poor/student','127.0.0.1','内网IP','{\"college\":\"Test\",\"createTime\":\"2024-10-07 22:33:52\",\"familyAddress\":\"abcd\",\"familyIncome\":10000,\"grade\":\"2024\",\"isActivated\":1,\"major\":\"Test\",\"number\":\"202341\",\"params\":{},\"updateTime\":\"2024-10-08 20:22:50\",\"userId\":4}','{\"msg\":\"操作成功\",\"code\":200}',0,NULL,'2024-10-08 12:22:50',8),(213,'菜单管理',2,'com.ruoyi.web.controller.system.SysMenuController.edit()','PUT',1,'admin','开发人员','/system/menu','127.0.0.1','内网IP','{\"children\":[],\"component\":\"poor/financial/index\",\"createTime\":\"2024-10-06 11:53:41\",\"icon\":\"#\",\"isCache\":\"0\",\"isFrame\":\"1\",\"menuId\":1158,\"menuName\":\"贫困资助\",\"menuType\":\"C\",\"orderNum\":1,\"params\":{},\"parentId\":0,\"path\":\"financial\",\"perms\":\"poor:financial:list\",\"routeName\":\"\",\"status\":\"0\",\"updateBy\":\"admin\",\"visible\":\"0\"}','{\"msg\":\"操作成功\",\"code\":200}',0,NULL,'2024-10-09 00:44:15',27),(214,'菜单管理',2,'com.ruoyi.web.controller.system.SysMenuController.edit()','PUT',1,'admin','开发人员','/system/menu','127.0.0.1','内网IP','{\"children\":[],\"component\":\"poor/application/index\",\"createTime\":\"2024-10-06 11:53:41\",\"icon\":\"#\",\"isCache\":\"0\",\"isFrame\":\"1\",\"menuId\":1164,\"menuName\":\"贫困申请\",\"menuType\":\"C\",\"orderNum\":1,\"params\":{},\"parentId\":0,\"path\":\"application\",\"perms\":\"poor:application:list\",\"routeName\":\"\",\"status\":\"0\",\"updateBy\":\"admin\",\"visible\":\"0\"}','{\"msg\":\"操作成功\",\"code\":200}',0,NULL,'2024-10-09 00:44:23',15),(215,'菜单管理',2,'com.ruoyi.web.controller.system.SysMenuController.edit()','PUT',1,'admin','开发人员','/system/menu','127.0.0.1','内网IP','{\"children\":[],\"component\":\"poor/student/index\",\"createTime\":\"2024-10-06 11:53:41\",\"icon\":\"#\",\"isCache\":\"0\",\"isFrame\":\"1\",\"menuId\":1170,\"menuName\":\"学生信息\",\"menuType\":\"C\",\"orderNum\":1,\"params\":{},\"parentId\":0,\"path\":\"student\",\"perms\":\"poor:student:list\",\"routeName\":\"\",\"status\":\"0\",\"updateBy\":\"admin\",\"visible\":\"0\"}','{\"msg\":\"操作成功\",\"code\":200}',0,NULL,'2024-10-09 00:44:29',14),(216,'菜单管理',2,'com.ruoyi.web.controller.system.SysMenuController.edit()','PUT',1,'admin','开发人员','/system/menu','127.0.0.1','内网IP','{\"children\":[],\"component\":\"poor/teacher/index\",\"createTime\":\"2024-10-06 11:53:41\",\"icon\":\"#\",\"isCache\":\"0\",\"isFrame\":\"1\",\"menuId\":1176,\"menuName\":\"教师信息\",\"menuType\":\"C\",\"orderNum\":1,\"params\":{},\"parentId\":0,\"path\":\"teacher\",\"perms\":\"poor:teacher:list\",\"routeName\":\"\",\"status\":\"0\",\"updateBy\":\"admin\",\"visible\":\"0\"}','{\"msg\":\"操作成功\",\"code\":200}',0,NULL,'2024-10-09 00:44:36',12),(217,'菜单管理',2,'com.ruoyi.web.controller.system.SysMenuController.edit()','PUT',1,'admin','开发人员','/system/menu','127.0.0.1','内网IP','{\"children\":[],\"component\":\"tool/build/index\",\"createTime\":\"2024-09-28 12:29:00\",\"icon\":\"build\",\"isCache\":\"0\",\"isFrame\":\"1\",\"menuId\":115,\"menuName\":\"表单构建\",\"menuType\":\"C\",\"orderNum\":1,\"params\":{},\"parentId\":3,\"path\":\"build\",\"perms\":\"tool:build:list\",\"query\":\"\",\"routeName\":\"\",\"status\":\"1\",\"updateBy\":\"admin\",\"visible\":\"0\"}','{\"msg\":\"操作成功\",\"code\":200}',0,NULL,'2024-10-09 01:12:29',17),(218,'用户管理',1,'com.ruoyi.web.controller.system.SysUserController.add()','POST',1,'admin','开发人员','/system/user','127.0.0.1','内网IP','{\"admin\":false,\"createBy\":\"admin\",\"deptId\":100,\"nickName\":\"teacher\",\"params\":{},\"postIds\":[],\"roleIds\":[4],\"status\":\"0\",\"userId\":8,\"userName\":\"teacher\"}',NULL,1,'\r\n### Error updating database.  Cause: java.sql.SQLIntegrityConstraintViolationException: Duplicate entry \'1\' for key \'PRIMARY\'\r\n### The error may exist in file [D:\\Code\\GraduationProject\\poor-information-for-ruoyi\\art-poor\\target\\classes\\mapper\\poor\\PoorTeacherMapper.xml]\r\n### The error may involve com.ruoyi.poor.mapper.PoorTeacherMapper.insertPoorTeacher-Inline\r\n### The error occurred while setting parameters\r\n### SQL: insert into poor_teacher          ( user_id,                                                                 create_time )           values ( ?,                                                                 ? )\r\n### Cause: java.sql.SQLIntegrityConstraintViolationException: Duplicate entry \'1\' for key \'PRIMARY\'\n; Duplicate entry \'1\' for key \'PRIMARY\'; nested exception is java.sql.SQLIntegrityConstraintViolationException: Duplicate entry \'1\' for key \'PRIMARY\'','2024-10-09 09:47:45',173),(219,'用户管理',1,'com.ruoyi.web.controller.system.SysUserController.add()','POST',1,'admin','开发人员','/system/user','127.0.0.1','内网IP','{\"admin\":false,\"deptId\":100,\"nickName\":\"teacher\",\"params\":{},\"postIds\":[],\"roleIds\":[4],\"status\":\"0\",\"userName\":\"teacher\"}','{\"msg\":\"新增用户\'teacher\'失败，登录账号已存在\",\"code\":500}',0,NULL,'2024-10-09 09:47:52',5),(220,'用户管理',1,'com.ruoyi.web.controller.system.SysUserController.add()','POST',1,'admin','开发人员','/system/user','127.0.0.1','内网IP','{\"admin\":false,\"createBy\":\"admin\",\"deptId\":100,\"nickName\":\"teacher\",\"params\":{},\"postIds\":[],\"roleIds\":[4],\"status\":\"0\",\"userId\":9,\"userName\":\"teacher\"}',NULL,1,'\r\n### Error updating database.  Cause: java.sql.SQLIntegrityConstraintViolationException: Duplicate entry \'1\' for key \'PRIMARY\'\r\n### The error may exist in file [D:\\Code\\GraduationProject\\poor-information-for-ruoyi\\art-poor\\target\\classes\\mapper\\poor\\PoorTeacherMapper.xml]\r\n### The error may involve com.ruoyi.poor.mapper.PoorTeacherMapper.insertPoorTeacher-Inline\r\n### The error occurred while setting parameters\r\n### SQL: insert into poor_teacher          ( user_id,                                                                 create_time )           values ( ?,                                                                 ? )\r\n### Cause: java.sql.SQLIntegrityConstraintViolationException: Duplicate entry \'1\' for key \'PRIMARY\'\n; Duplicate entry \'1\' for key \'PRIMARY\'; nested exception is java.sql.SQLIntegrityConstraintViolationException: Duplicate entry \'1\' for key \'PRIMARY\'','2024-10-09 09:48:17',121),(221,'用户管理',1,'com.ruoyi.web.controller.system.SysUserController.add()','POST',1,'admin','开发人员','/system/user','127.0.0.1','内网IP','{\"admin\":false,\"createBy\":\"admin\",\"deptId\":100,\"nickName\":\"teacher\",\"params\":{},\"postIds\":[],\"roleIds\":[4],\"status\":\"0\",\"userId\":10,\"userName\":\"teacher\"}',NULL,1,'\r\n### Error updating database.  Cause: java.sql.SQLIntegrityConstraintViolationException: Duplicate entry \'1\' for key \'PRIMARY\'\r\n### The error may exist in file [D:\\Code\\GraduationProject\\poor-information-for-ruoyi\\art-poor\\target\\classes\\mapper\\poor\\PoorTeacherMapper.xml]\r\n### The error may involve com.ruoyi.poor.mapper.PoorTeacherMapper.insertPoorTeacher-Inline\r\n### The error occurred while setting parameters\r\n### SQL: insert into poor_teacher          ( user_id,                                                                 create_time )           values ( ?,                                                                 ? )\r\n### Cause: java.sql.SQLIntegrityConstraintViolationException: Duplicate entry \'1\' for key \'PRIMARY\'\n; Duplicate entry \'1\' for key \'PRIMARY\'; nested exception is java.sql.SQLIntegrityConstraintViolationException: Duplicate entry \'1\' for key \'PRIMARY\'','2024-10-09 09:53:48',176997),(222,'用户管理',1,'com.ruoyi.web.controller.system.SysUserController.add()','POST',1,'admin','开发人员','/system/user','127.0.0.1','内网IP','{\"admin\":false,\"deptId\":100,\"nickName\":\"teacher\",\"params\":{},\"postIds\":[],\"roleIds\":[4],\"status\":\"0\",\"userName\":\"teacher\"}','{\"msg\":\"新增用户\'teacher\'失败，登录账号已存在\",\"code\":500}',0,NULL,'2024-10-09 09:54:17',32),(223,'用户管理',1,'com.ruoyi.web.controller.system.SysUserController.add()','POST',1,'admin','开发人员','/system/user','127.0.0.1','内网IP','{\"admin\":false,\"createBy\":\"admin\",\"deptId\":100,\"nickName\":\"teacher\",\"params\":{},\"postIds\":[],\"roleIds\":[4],\"status\":\"0\",\"userName\":\"teacher\"}',NULL,1,'','2024-10-09 09:56:28',127),(224,'用户管理',1,'com.ruoyi.web.controller.system.SysUserController.add()','POST',1,'admin','开发人员','/system/user','127.0.0.1','内网IP','{\"admin\":false,\"createBy\":\"admin\",\"deptId\":100,\"nickName\":\"teacher\",\"params\":{},\"postIds\":[],\"roleIds\":[4],\"status\":\"0\",\"userId\":11,\"userName\":\"teacher\"}','{\"msg\":\"操作成功\",\"code\":200}',0,NULL,'2024-10-09 10:12:56',22670),(225,'用户管理',2,'com.ruoyi.web.controller.system.SysUserController.edit()','PUT',1,'admin','开发人员','/system/user','127.0.0.1','内网IP','{\"admin\":false,\"avatar\":\"\",\"createBy\":\"admin\",\"createTime\":\"2024-10-09 10:12:33\",\"delFlag\":\"0\",\"dept\":{\"ancestors\":\"0\",\"children\":[],\"deptId\":100,\"deptName\":\"贵州师范大学\",\"leader\":\"若依\",\"orderNum\":0,\"params\":{},\"parentId\":0,\"status\":\"0\"},\"deptId\":100,\"email\":\"\",\"loginIp\":\"\",\"nickName\":\"teacher\",\"params\":{},\"phonenumber\":\"\",\"postIds\":[],\"roleIds\":[4,3],\"roles\":[{\"admin\":false,\"dataScope\":\"1\",\"deptCheckStrictly\":false,\"flag\":false,\"menuCheckStrictly\":false,\"params\":{},\"roleId\":4,\"roleKey\":\"teacher\",\"roleName\":\"老师角色\",\"roleSort\":4,\"status\":\"0\"}],\"sex\":\"0\",\"status\":\"0\",\"updateBy\":\"admin\",\"userId\":11,\"userName\":\"teacher\"}','{\"msg\":\"操作成功\",\"code\":200}',0,NULL,'2024-10-09 10:19:42',84),(226,'用户管理',2,'com.ruoyi.web.controller.system.SysUserController.edit()','PUT',1,'admin','开发人员','/system/user','127.0.0.1','内网IP','{\"admin\":false,\"avatar\":\"\",\"createBy\":\"admin\",\"createTime\":\"2024-10-09 10:12:33\",\"delFlag\":\"0\",\"dept\":{\"ancestors\":\"0\",\"children\":[],\"deptId\":100,\"deptName\":\"贵州师范大学\",\"leader\":\"若依\",\"orderNum\":0,\"params\":{},\"parentId\":0,\"status\":\"0\"},\"deptId\":100,\"email\":\"\",\"loginIp\":\"\",\"nickName\":\"teacher\",\"params\":{},\"phonenumber\":\"\",\"postIds\":[],\"roleIds\":[4],\"roles\":[{\"admin\":false,\"dataScope\":\"5\",\"deptCheckStrictly\":false,\"flag\":false,\"menuCheckStrictly\":false,\"params\":{},\"roleId\":3,\"roleKey\":\"student\",\"roleName\":\"学生角色\",\"roleSort\":3,\"status\":\"0\"},{\"admin\":false,\"dataScope\":\"1\",\"deptCheckStrictly\":false,\"flag\":false,\"menuCheckStrictly\":false,\"params\":{},\"roleId\":4,\"roleKey\":\"teacher\",\"roleName\":\"老师角色\",\"roleSort\":4,\"status\":\"0\"}],\"sex\":\"0\",\"status\":\"0\",\"updateBy\":\"admin\",\"userId\":11,\"userName\":\"teacher\"}','{\"msg\":\"操作成功\",\"code\":200}',0,NULL,'2024-10-09 10:20:03',46),(227,'用户管理',2,'com.ruoyi.web.controller.system.SysUserController.edit()','PUT',1,'admin','开发人员','/system/user','127.0.0.1','内网IP','{\"admin\":false,\"avatar\":\"\",\"createBy\":\"admin\",\"createTime\":\"2024-10-09 10:12:33\",\"delFlag\":\"0\",\"dept\":{\"ancestors\":\"0\",\"children\":[],\"deptId\":100,\"deptName\":\"贵州师范大学\",\"leader\":\"若依\",\"orderNum\":0,\"params\":{},\"parentId\":0,\"status\":\"0\"},\"deptId\":100,\"email\":\"\",\"loginIp\":\"\",\"nickName\":\"teacher\",\"params\":{},\"phonenumber\":\"\",\"postIds\":[],\"roleIds\":[4,3],\"roles\":[{\"admin\":false,\"dataScope\":\"1\",\"deptCheckStrictly\":false,\"flag\":false,\"menuCheckStrictly\":false,\"params\":{},\"roleId\":4,\"roleKey\":\"teacher\",\"roleName\":\"老师角色\",\"roleSort\":4,\"status\":\"0\"}],\"sex\":\"0\",\"status\":\"0\",\"updateBy\":\"admin\",\"userId\":11,\"userName\":\"teacher\"}',NULL,1,'\r\n### Error updating database.  Cause: java.sql.SQLIntegrityConstraintViolationException: Duplicate entry \'11\' for key \'PRIMARY\'\r\n### The error may exist in file [D:\\Code\\GraduationProject\\poor-information-for-ruoyi\\art-poor\\target\\classes\\mapper\\poor\\PoorTeacherMapper.xml]\r\n### The error may involve com.ruoyi.poor.mapper.PoorTeacherMapper.insertPoorTeacher-Inline\r\n### The error occurred while setting parameters\r\n### SQL: insert into poor_teacher          ( user_id,                                                                 create_time )           values ( ?,                                                                 ? )\r\n### Cause: java.sql.SQLIntegrityConstraintViolationException: Duplicate entry \'11\' for key \'PRIMARY\'\n; Duplicate entry \'11\' for key \'PRIMARY\'; nested exception is java.sql.SQLIntegrityConstraintViolationException: Duplicate entry \'11\' for key \'PRIMARY\'','2024-10-09 10:28:06',27864),(228,'用户管理',2,'com.ruoyi.web.controller.system.SysUserController.edit()','PUT',1,'admin','开发人员','/system/user','127.0.0.1','内网IP','{\"admin\":false,\"avatar\":\"\",\"createBy\":\"admin\",\"createTime\":\"2024-10-09 10:12:33\",\"delFlag\":\"0\",\"dept\":{\"ancestors\":\"0\",\"children\":[],\"deptId\":100,\"deptName\":\"贵州师范大学\",\"leader\":\"若依\",\"orderNum\":0,\"params\":{},\"parentId\":0,\"status\":\"0\"},\"deptId\":100,\"email\":\"\",\"loginIp\":\"\",\"nickName\":\"teacher\",\"params\":{},\"phonenumber\":\"\",\"postIds\":[],\"roleIds\":[4,3],\"roles\":[{\"admin\":false,\"dataScope\":\"1\",\"deptCheckStrictly\":false,\"flag\":false,\"menuCheckStrictly\":false,\"params\":{},\"roleId\":4,\"roleKey\":\"teacher\",\"roleName\":\"老师角色\",\"roleSort\":4,\"status\":\"0\"}],\"sex\":\"0\",\"status\":\"0\",\"updateBy\":\"admin\",\"userId\":11,\"userName\":\"teacher\"}','{\"msg\":\"操作成功\",\"code\":200}',0,NULL,'2024-10-09 10:29:33',56885),(229,'用户管理',2,'com.ruoyi.web.controller.system.SysUserController.edit()','PUT',1,'admin','开发人员','/system/user','127.0.0.1','内网IP','{\"admin\":false,\"avatar\":\"\",\"createBy\":\"admin\",\"createTime\":\"2024-10-09 10:12:33\",\"delFlag\":\"0\",\"dept\":{\"ancestors\":\"0\",\"children\":[],\"deptId\":100,\"deptName\":\"贵州师范大学\",\"leader\":\"若依\",\"orderNum\":0,\"params\":{},\"parentId\":0,\"status\":\"0\"},\"deptId\":100,\"email\":\"\",\"loginIp\":\"\",\"nickName\":\"teacher\",\"params\":{},\"phonenumber\":\"\",\"postIds\":[],\"roleIds\":[4,3],\"roles\":[{\"admin\":false,\"dataScope\":\"1\",\"deptCheckStrictly\":false,\"flag\":false,\"menuCheckStrictly\":false,\"params\":{},\"roleId\":4,\"roleKey\":\"teacher\",\"roleName\":\"老师角色\",\"roleSort\":4,\"status\":\"0\"}],\"sex\":\"0\",\"status\":\"0\",\"updateBy\":\"admin\",\"userId\":11,\"userName\":\"teacher\"}','{\"msg\":\"操作成功\",\"code\":200}',0,NULL,'2024-10-09 10:29:46',3770),(230,'用户管理',2,'com.ruoyi.web.controller.system.SysUserController.edit()','PUT',1,'admin','开发人员','/system/user','127.0.0.1','内网IP','{\"admin\":false,\"avatar\":\"\",\"createBy\":\"admin\",\"createTime\":\"2024-10-09 10:12:33\",\"delFlag\":\"0\",\"dept\":{\"ancestors\":\"0\",\"children\":[],\"deptId\":100,\"deptName\":\"贵州师范大学\",\"leader\":\"若依\",\"orderNum\":0,\"params\":{},\"parentId\":0,\"status\":\"0\"},\"deptId\":100,\"email\":\"\",\"loginIp\":\"\",\"nickName\":\"teacher\",\"params\":{},\"phonenumber\":\"\",\"postIds\":[],\"roleIds\":[4],\"roles\":[{\"admin\":false,\"dataScope\":\"5\",\"deptCheckStrictly\":false,\"flag\":false,\"menuCheckStrictly\":false,\"params\":{},\"roleId\":3,\"roleKey\":\"student\",\"roleName\":\"学生角色\",\"roleSort\":3,\"status\":\"0\"},{\"admin\":false,\"dataScope\":\"1\",\"deptCheckStrictly\":false,\"flag\":false,\"menuCheckStrictly\":false,\"params\":{},\"roleId\":4,\"roleKey\":\"teacher\",\"roleName\":\"老师角色\",\"roleSort\":4,\"status\":\"0\"}],\"sex\":\"0\",\"status\":\"0\",\"updateBy\":\"admin\",\"userId\":11,\"userName\":\"teacher\"}','{\"msg\":\"操作成功\",\"code\":200}',0,NULL,'2024-10-09 10:31:27',92),(231,'用户管理',2,'com.ruoyi.web.controller.system.SysUserController.edit()','PUT',1,'admin','开发人员','/system/user','127.0.0.1','内网IP','{\"admin\":false,\"avatar\":\"\",\"createBy\":\"admin\",\"createTime\":\"2024-10-09 10:12:33\",\"delFlag\":\"0\",\"dept\":{\"ancestors\":\"0\",\"children\":[],\"deptId\":100,\"deptName\":\"贵州师范大学\",\"leader\":\"若依\",\"orderNum\":0,\"params\":{},\"parentId\":0,\"status\":\"0\"},\"deptId\":100,\"email\":\"\",\"loginIp\":\"\",\"nickName\":\"teacher\",\"params\":{},\"phonenumber\":\"\",\"postIds\":[],\"roleIds\":[4,3],\"roles\":[{\"admin\":false,\"dataScope\":\"1\",\"deptCheckStrictly\":false,\"flag\":false,\"menuCheckStrictly\":false,\"params\":{},\"roleId\":4,\"roleKey\":\"teacher\",\"roleName\":\"老师角色\",\"roleSort\":4,\"status\":\"0\"}],\"sex\":\"0\",\"status\":\"0\",\"updateBy\":\"admin\",\"userId\":11,\"userName\":\"teacher\"}','{\"msg\":\"操作成功\",\"code\":200}',0,NULL,'2024-10-09 10:31:45',65),(232,'用户管理',2,'com.ruoyi.web.controller.system.SysUserController.edit()','PUT',1,'admin','开发人员','/system/user','127.0.0.1','内网IP','{\"admin\":false,\"avatar\":\"\",\"createBy\":\"admin\",\"createTime\":\"2024-10-09 10:12:33\",\"delFlag\":\"0\",\"dept\":{\"ancestors\":\"0\",\"children\":[],\"deptId\":100,\"deptName\":\"贵州师范大学\",\"leader\":\"若依\",\"orderNum\":0,\"params\":{},\"parentId\":0,\"status\":\"0\"},\"deptId\":100,\"email\":\"\",\"loginIp\":\"\",\"nickName\":\"teacher\",\"params\":{},\"phonenumber\":\"\",\"postIds\":[],\"roleIds\":[4],\"roles\":[{\"admin\":false,\"dataScope\":\"5\",\"deptCheckStrictly\":false,\"flag\":false,\"menuCheckStrictly\":false,\"params\":{},\"roleId\":3,\"roleKey\":\"student\",\"roleName\":\"学生角色\",\"roleSort\":3,\"status\":\"0\"},{\"admin\":false,\"dataScope\":\"1\",\"deptCheckStrictly\":false,\"flag\":false,\"menuCheckStrictly\":false,\"params\":{},\"roleId\":4,\"roleKey\":\"teacher\",\"roleName\":\"老师角色\",\"roleSort\":4,\"status\":\"0\"}],\"sex\":\"0\",\"status\":\"0\",\"updateBy\":\"admin\",\"userId\":11,\"userName\":\"teacher\"}','{\"msg\":\"操作成功\",\"code\":200}',0,NULL,'2024-10-09 10:32:03',47),(233,'用户管理',2,'com.ruoyi.web.controller.system.SysUserController.edit()','PUT',1,'admin','开发人员','/system/user','127.0.0.1','内网IP','{\"admin\":false,\"avatar\":\"\",\"createBy\":\"admin\",\"createTime\":\"2024-10-09 10:12:33\",\"delFlag\":\"0\",\"dept\":{\"ancestors\":\"0\",\"children\":[],\"deptId\":100,\"deptName\":\"贵州师范大学\",\"leader\":\"若依\",\"orderNum\":0,\"params\":{},\"parentId\":0,\"status\":\"0\"},\"deptId\":100,\"email\":\"\",\"loginIp\":\"\",\"nickName\":\"teacher\",\"params\":{},\"phonenumber\":\"\",\"postIds\":[],\"roleIds\":[4,3],\"roles\":[{\"admin\":false,\"dataScope\":\"1\",\"deptCheckStrictly\":false,\"flag\":false,\"menuCheckStrictly\":false,\"params\":{},\"roleId\":4,\"roleKey\":\"teacher\",\"roleName\":\"老师角色\",\"roleSort\":4,\"status\":\"0\"}],\"sex\":\"0\",\"status\":\"0\",\"updateBy\":\"admin\",\"userId\":11,\"userName\":\"teacher\"}','{\"msg\":\"操作成功\",\"code\":200}',0,NULL,'2024-10-09 10:38:08',280027),(234,'用户管理',2,'com.ruoyi.web.controller.system.SysUserController.edit()','PUT',1,'admin','开发人员','/system/user','127.0.0.1','内网IP','{\"admin\":false,\"avatar\":\"\",\"createBy\":\"admin\",\"createTime\":\"2024-10-09 10:12:33\",\"delFlag\":\"0\",\"dept\":{\"ancestors\":\"0\",\"children\":[],\"deptId\":100,\"deptName\":\"贵州师范大学\",\"leader\":\"若依\",\"orderNum\":0,\"params\":{},\"parentId\":0,\"status\":\"0\"},\"deptId\":100,\"email\":\"\",\"loginIp\":\"\",\"nickName\":\"teacher\",\"params\":{},\"phonenumber\":\"\",\"postIds\":[],\"roleIds\":[4,3],\"roles\":[{\"admin\":false,\"dataScope\":\"1\",\"deptCheckStrictly\":false,\"flag\":false,\"menuCheckStrictly\":false,\"params\":{},\"roleId\":4,\"roleKey\":\"teacher\",\"roleName\":\"老师角色\",\"roleSort\":4,\"status\":\"0\"}],\"sex\":\"0\",\"status\":\"0\",\"updateBy\":\"admin\",\"userId\":11,\"userName\":\"teacher\"}','{\"msg\":\"操作成功\",\"code\":200}',0,NULL,'2024-10-09 10:38:52',36704),(235,'用户管理',2,'com.ruoyi.web.controller.system.SysUserController.edit()','PUT',1,'admin','开发人员','/system/user','127.0.0.1','内网IP','{\"admin\":false,\"avatar\":\"\",\"createBy\":\"admin\",\"createTime\":\"2024-10-09 10:12:33\",\"delFlag\":\"0\",\"dept\":{\"ancestors\":\"0\",\"children\":[],\"deptId\":100,\"deptName\":\"贵州师范大学\",\"leader\":\"若依\",\"orderNum\":0,\"params\":{},\"parentId\":0,\"status\":\"0\"},\"deptId\":100,\"email\":\"\",\"loginIp\":\"\",\"nickName\":\"teacher\",\"params\":{},\"phonenumber\":\"\",\"postIds\":[],\"roleIds\":[4,3],\"roles\":[{\"admin\":false,\"dataScope\":\"1\",\"deptCheckStrictly\":false,\"flag\":false,\"menuCheckStrictly\":false,\"params\":{},\"roleId\":4,\"roleKey\":\"teacher\",\"roleName\":\"老师角色\",\"roleSort\":4,\"status\":\"0\"}],\"sex\":\"0\",\"status\":\"0\",\"updateBy\":\"admin\",\"userId\":11,\"userName\":\"teacher\"}','{\"msg\":\"操作成功\",\"code\":200}',0,NULL,'2024-10-09 10:39:05',4439),(236,'用户管理',2,'com.ruoyi.web.controller.system.SysUserController.edit()','PUT',1,'admin','开发人员','/system/user','127.0.0.1','内网IP','{\"admin\":false,\"avatar\":\"\",\"createBy\":\"admin\",\"createTime\":\"2024-10-09 10:12:33\",\"delFlag\":\"0\",\"dept\":{\"ancestors\":\"0\",\"children\":[],\"deptId\":100,\"deptName\":\"贵州师范大学\",\"leader\":\"若依\",\"orderNum\":0,\"params\":{},\"parentId\":0,\"status\":\"0\"},\"deptId\":100,\"email\":\"\",\"loginIp\":\"\",\"nickName\":\"teacher\",\"params\":{},\"phonenumber\":\"\",\"postIds\":[],\"roleIds\":[4],\"roles\":[{\"admin\":false,\"dataScope\":\"5\",\"deptCheckStrictly\":false,\"flag\":false,\"menuCheckStrictly\":false,\"params\":{},\"roleId\":3,\"roleKey\":\"student\",\"roleName\":\"学生角色\",\"roleSort\":3,\"status\":\"0\"},{\"admin\":false,\"dataScope\":\"1\",\"deptCheckStrictly\":false,\"flag\":false,\"menuCheckStrictly\":false,\"params\":{},\"roleId\":4,\"roleKey\":\"teacher\",\"roleName\":\"老师角色\",\"roleSort\":4,\"status\":\"0\"}],\"sex\":\"0\",\"status\":\"0\",\"updateBy\":\"admin\",\"userId\":11,\"userName\":\"teacher\"}','{\"msg\":\"操作成功\",\"code\":200}',0,NULL,'2024-10-09 10:39:19',39),(237,'用户管理',2,'com.ruoyi.web.controller.system.SysUserController.edit()','PUT',1,'admin','开发人员','/system/user','127.0.0.1','内网IP','{\"admin\":false,\"avatar\":\"\",\"createBy\":\"admin\",\"createTime\":\"2024-10-09 10:12:33\",\"delFlag\":\"0\",\"dept\":{\"ancestors\":\"0\",\"children\":[],\"deptId\":100,\"deptName\":\"贵州师范大学\",\"leader\":\"若依\",\"orderNum\":0,\"params\":{},\"parentId\":0,\"status\":\"0\"},\"deptId\":100,\"email\":\"\",\"loginIp\":\"\",\"nickName\":\"teacher\",\"params\":{},\"phonenumber\":\"\",\"postIds\":[],\"roleIds\":[4,3],\"roles\":[{\"admin\":false,\"dataScope\":\"1\",\"deptCheckStrictly\":false,\"flag\":false,\"menuCheckStrictly\":false,\"params\":{},\"roleId\":4,\"roleKey\":\"teacher\",\"roleName\":\"老师角色\",\"roleSort\":4,\"status\":\"0\"}],\"sex\":\"0\",\"status\":\"0\",\"updateBy\":\"admin\",\"userId\":11,\"userName\":\"teacher\"}','{\"msg\":\"操作成功\",\"code\":200}',0,NULL,'2024-10-09 10:39:40',45),(238,'用户管理',2,'com.ruoyi.web.controller.system.SysUserController.edit()','PUT',1,'admin','开发人员','/system/user','127.0.0.1','内网IP','{\"admin\":false,\"avatar\":\"\",\"createBy\":\"admin\",\"createTime\":\"2024-10-09 10:12:33\",\"delFlag\":\"0\",\"dept\":{\"ancestors\":\"0\",\"children\":[],\"deptId\":100,\"deptName\":\"贵州师范大学\",\"leader\":\"若依\",\"orderNum\":0,\"params\":{},\"parentId\":0,\"status\":\"0\"},\"deptId\":100,\"email\":\"\",\"loginIp\":\"\",\"nickName\":\"teacher\",\"params\":{},\"phonenumber\":\"\",\"postIds\":[],\"roleIds\":[],\"roles\":[{\"admin\":false,\"dataScope\":\"5\",\"deptCheckStrictly\":false,\"flag\":false,\"menuCheckStrictly\":false,\"params\":{},\"roleId\":3,\"roleKey\":\"student\",\"roleName\":\"学生角色\",\"roleSort\":3,\"status\":\"0\"},{\"admin\":false,\"dataScope\":\"1\",\"deptCheckStrictly\":false,\"flag\":false,\"menuCheckStrictly\":false,\"params\":{},\"roleId\":4,\"roleKey\":\"teacher\",\"roleName\":\"老师角色\",\"roleSort\":4,\"status\":\"0\"}],\"sex\":\"0\",\"status\":\"0\",\"updateBy\":\"admin\",\"userId\":11,\"userName\":\"teacher\"}','{\"msg\":\"操作成功\",\"code\":200}',0,NULL,'2024-10-09 10:41:13',56292),(239,'用户管理',2,'com.ruoyi.web.controller.system.SysUserController.edit()','PUT',1,'admin','开发人员','/system/user','127.0.0.1','内网IP','{\"admin\":false,\"avatar\":\"\",\"createBy\":\"admin\",\"createTime\":\"2024-10-09 10:12:33\",\"delFlag\":\"0\",\"dept\":{\"ancestors\":\"0\",\"children\":[],\"deptId\":100,\"deptName\":\"贵州师范大学\",\"leader\":\"若依\",\"orderNum\":0,\"params\":{},\"parentId\":0,\"status\":\"0\"},\"deptId\":100,\"email\":\"\",\"loginIp\":\"\",\"nickName\":\"teacher\",\"params\":{},\"phonenumber\":\"\",\"postIds\":[],\"roleIds\":[],\"roles\":[{\"admin\":false,\"dataScope\":\"5\",\"deptCheckStrictly\":false,\"flag\":false,\"menuCheckStrictly\":false,\"params\":{},\"roleId\":3,\"roleKey\":\"student\",\"roleName\":\"学生角色\",\"roleSort\":3,\"status\":\"0\"},{\"admin\":false,\"dataScope\":\"1\",\"deptCheckStrictly\":false,\"flag\":false,\"menuCheckStrictly\":false,\"params\":{},\"roleId\":4,\"roleKey\":\"teacher\",\"roleName\":\"老师角色\",\"roleSort\":4,\"status\":\"0\"}],\"sex\":\"0\",\"status\":\"0\",\"updateBy\":\"admin\",\"userId\":11,\"userName\":\"teacher\"}','{\"msg\":\"操作成功\",\"code\":200}',0,NULL,'2024-10-09 10:41:34',12571),(240,'用户管理',2,'com.ruoyi.web.controller.system.SysUserController.edit()','PUT',1,'admin','开发人员','/system/user','127.0.0.1','内网IP','{\"admin\":false,\"avatar\":\"\",\"createBy\":\"admin\",\"createTime\":\"2024-10-09 10:12:33\",\"delFlag\":\"0\",\"dept\":{\"ancestors\":\"0\",\"children\":[],\"deptId\":100,\"deptName\":\"贵州师范大学\",\"leader\":\"若依\",\"orderNum\":0,\"params\":{},\"parentId\":0,\"status\":\"0\"},\"deptId\":100,\"email\":\"\",\"loginIp\":\"\",\"nickName\":\"teacher\",\"params\":{},\"phonenumber\":\"\",\"postIds\":[],\"roleIds\":[3,4],\"roles\":[{\"admin\":false,\"dataScope\":\"5\",\"deptCheckStrictly\":false,\"flag\":false,\"menuCheckStrictly\":false,\"params\":{},\"roleId\":3,\"roleKey\":\"student\",\"roleName\":\"学生角色\",\"roleSort\":3,\"status\":\"0\"},{\"admin\":false,\"dataScope\":\"1\",\"deptCheckStrictly\":false,\"flag\":false,\"menuCheckStrictly\":false,\"params\":{},\"roleId\":4,\"roleKey\":\"teacher\",\"roleName\":\"老师角色\",\"roleSort\":4,\"status\":\"0\"}],\"sex\":\"0\",\"status\":\"0\",\"updateBy\":\"admin\",\"userId\":11,\"userName\":\"teacher\"}','{\"msg\":\"操作成功\",\"code\":200}',0,NULL,'2024-10-09 10:42:42',119),(241,'用户管理',2,'com.ruoyi.web.controller.system.SysUserController.edit()','PUT',1,'admin','开发人员','/system/user','127.0.0.1','内网IP','{\"admin\":false,\"avatar\":\"\",\"createBy\":\"admin\",\"createTime\":\"2024-10-09 10:12:33\",\"delFlag\":\"0\",\"dept\":{\"ancestors\":\"0\",\"children\":[],\"deptId\":100,\"deptName\":\"贵州师范大学\",\"leader\":\"若依\",\"orderNum\":0,\"params\":{},\"parentId\":0,\"status\":\"0\"},\"deptId\":100,\"email\":\"\",\"loginIp\":\"\",\"nickName\":\"teacher\",\"params\":{},\"phonenumber\":\"\",\"postIds\":[],\"roleIds\":[],\"roles\":[{\"admin\":false,\"dataScope\":\"5\",\"deptCheckStrictly\":false,\"flag\":false,\"menuCheckStrictly\":false,\"params\":{},\"roleId\":3,\"roleKey\":\"student\",\"roleName\":\"学生角色\",\"roleSort\":3,\"status\":\"0\"},{\"admin\":false,\"dataScope\":\"1\",\"deptCheckStrictly\":false,\"flag\":false,\"menuCheckStrictly\":false,\"params\":{},\"roleId\":4,\"roleKey\":\"teacher\",\"roleName\":\"老师角色\",\"roleSort\":4,\"status\":\"0\"}],\"sex\":\"0\",\"status\":\"0\",\"updateBy\":\"admin\",\"userId\":11,\"userName\":\"teacher\"}','{\"msg\":\"操作成功\",\"code\":200}',0,NULL,'2024-10-09 10:42:52',55),(242,'用户管理',2,'com.ruoyi.web.controller.system.SysUserController.edit()','PUT',1,'admin','开发人员','/system/user','127.0.0.1','内网IP','{\"admin\":false,\"avatar\":\"\",\"createBy\":\"admin\",\"createTime\":\"2024-10-09 10:12:33\",\"delFlag\":\"0\",\"dept\":{\"ancestors\":\"0\",\"children\":[],\"deptId\":100,\"deptName\":\"贵州师范大学\",\"leader\":\"若依\",\"orderNum\":0,\"params\":{},\"parentId\":0,\"status\":\"0\"},\"deptId\":100,\"email\":\"\",\"loginIp\":\"\",\"nickName\":\"teacher\",\"params\":{},\"phonenumber\":\"\",\"postIds\":[],\"roleIds\":[4],\"roles\":[],\"sex\":\"0\",\"status\":\"0\",\"updateBy\":\"admin\",\"userId\":11,\"userName\":\"teacher\"}','{\"msg\":\"操作成功\",\"code\":200}',0,NULL,'2024-10-09 10:43:23',50),(243,'角色管理',2,'com.ruoyi.web.controller.system.SysRoleController.edit()','PUT',1,'admin','开发人员','/system/role','127.0.0.1','内网IP','{\"admin\":false,\"createTime\":\"2024-09-29 01:12:54\",\"dataScope\":\"1\",\"delFlag\":\"0\",\"deptCheckStrictly\":true,\"flag\":false,\"menuCheckStrictly\":true,\"menuIds\":[1158,1159,1160,1161,1162,1163,1164,1165,1166,1167,1168,1169,1170,1171,1172,1173,1174,1175,1176,1177,1178,1179,1180,1181],\"params\":{},\"roleId\":4,\"roleKey\":\"teacher\",\"roleName\":\"老师角色\",\"roleSort\":4,\"status\":\"0\",\"updateBy\":\"admin\"}','{\"msg\":\"操作成功\",\"code\":200}',0,NULL,'2024-10-09 10:44:25',33),(244,'角色管理',2,'com.ruoyi.web.controller.system.SysRoleController.dataScope()','PUT',1,'admin','开发人员','/system/role/dataScope','127.0.0.1','内网IP','{\"admin\":false,\"createTime\":\"2024-09-29 01:12:54\",\"dataScope\":\"3\",\"delFlag\":\"0\",\"deptCheckStrictly\":true,\"deptIds\":[],\"flag\":false,\"menuCheckStrictly\":true,\"params\":{},\"roleId\":4,\"roleKey\":\"teacher\",\"roleName\":\"老师角色\",\"roleSort\":4,\"status\":\"0\"}','{\"msg\":\"操作成功\",\"code\":200}',0,NULL,'2024-10-09 10:44:43',17),(245,'角色管理',2,'com.ruoyi.web.controller.system.SysRoleController.dataScope()','PUT',1,'admin','开发人员','/system/role/dataScope','127.0.0.1','内网IP','{\"admin\":false,\"createTime\":\"2024-09-29 01:12:40\",\"dataScope\":\"5\",\"delFlag\":\"0\",\"deptCheckStrictly\":true,\"deptIds\":[],\"flag\":false,\"menuCheckStrictly\":true,\"params\":{},\"roleId\":3,\"roleKey\":\"student\",\"roleName\":\"学生角色\",\"roleSort\":3,\"status\":\"0\"}','{\"msg\":\"操作成功\",\"code\":200}',0,NULL,'2024-10-09 10:44:50',18),(246,'学生信息',5,'com.ruoyi.web.controller.poor.PoorStudentController.export()','POST',1,'admin','开发人员','/poor/student/export','127.0.0.1','内网IP','{\"pageSize\":\"10\",\"pageNum\":\"1\"}',NULL,0,NULL,'2024-10-09 10:49:46',659),(247,'贫困资助',5,'com.ruoyi.web.controller.poor.PoorFinancialController.export()','POST',1,'admin','开发人员','/poor/financial/export','127.0.0.1','内网IP','{\"pageSize\":\"10\",\"pageNum\":\"1\"}',NULL,0,NULL,'2024-10-09 10:53:25',62),(248,'菜单管理',2,'com.ruoyi.web.controller.system.SysMenuController.edit()','PUT',1,'admin','开发人员','/system/menu','127.0.0.1','内网IP','{\"children\":[],\"component\":\"poor/financial/index\",\"createTime\":\"2024-10-06 11:53:41\",\"icon\":\"#\",\"isCache\":\"0\",\"isFrame\":\"1\",\"menuId\":1158,\"menuName\":\"贫困资助\",\"menuType\":\"C\",\"orderNum\":1,\"params\":{},\"parentId\":1,\"path\":\"financial\",\"perms\":\"poor:financial:list\",\"routeName\":\"\",\"status\":\"0\",\"updateBy\":\"admin\",\"visible\":\"0\"}','{\"msg\":\"操作成功\",\"code\":200}',0,NULL,'2024-10-09 11:00:46',21),(249,'菜单管理',2,'com.ruoyi.web.controller.system.SysMenuController.edit()','PUT',1,'admin','开发人员','/system/menu','127.0.0.1','内网IP','{\"children\":[],\"component\":\"poor/financial/index\",\"createTime\":\"2024-10-06 11:53:41\",\"icon\":\"#\",\"isCache\":\"0\",\"isFrame\":\"1\",\"menuId\":1158,\"menuName\":\"贫困资助\",\"menuType\":\"C\",\"orderNum\":1,\"params\":{},\"parentId\":0,\"path\":\"financial\",\"perms\":\"poor:financial:list\",\"routeName\":\"\",\"status\":\"0\",\"updateBy\":\"admin\",\"visible\":\"0\"}','{\"msg\":\"操作成功\",\"code\":200}',0,NULL,'2024-10-09 11:03:59',11),(250,'代码生成',8,'com.ruoyi.generator.controller.GenController.batchGenCode()','GET',1,'admin','开发人员','/tool/gen/batchGenCode','127.0.0.1','内网IP','{\"tables\":\"poor_application\"}',NULL,0,NULL,'2024-10-09 11:04:41',746),(251,'教师信息',2,'com.ruoyi.web.controller.poor.PoorTeacherController.edit()','PUT',1,'admin','开发人员','/poor/teacher','127.0.0.1','内网IP','{\"createTime\":\"2024-10-06 21:44:23\",\"hireDate\":\"2024-10-14\",\"isActivated\":1,\"level\":\"123\",\"number\":\"123\",\"params\":{},\"position\":\"123\",\"updateTime\":\"2024-10-09 19:24:31\",\"userId\":1}','{\"msg\":\"操作成功\",\"code\":200}',0,NULL,'2024-10-09 11:24:31',77),(252,'菜单管理',2,'com.ruoyi.web.controller.system.SysMenuController.edit()','PUT',1,'admin','开发人员','/system/menu','127.0.0.1','内网IP','{\"children\":[],\"component\":\"poor/financial/index\",\"createTime\":\"2024-10-06 11:53:41\",\"icon\":\"money\",\"isCache\":\"0\",\"isFrame\":\"1\",\"menuId\":1158,\"menuName\":\"贫困资助\",\"menuType\":\"C\",\"orderNum\":1,\"params\":{},\"parentId\":0,\"path\":\"financial\",\"perms\":\"poor:financial:list\",\"routeName\":\"\",\"status\":\"0\",\"updateBy\":\"admin\",\"visible\":\"0\"}','{\"msg\":\"操作成功\",\"code\":200}',0,NULL,'2024-10-09 11:26:53',19),(253,'菜单管理',2,'com.ruoyi.web.controller.system.SysMenuController.edit()','PUT',1,'admin','开发人员','/system/menu','127.0.0.1','内网IP','{\"children\":[],\"component\":\"poor/application/index\",\"createTime\":\"2024-10-06 11:53:41\",\"icon\":\"log\",\"isCache\":\"0\",\"isFrame\":\"1\",\"menuId\":1164,\"menuName\":\"贫困申请\",\"menuType\":\"C\",\"orderNum\":1,\"params\":{},\"parentId\":0,\"path\":\"application\",\"perms\":\"poor:application:list\",\"routeName\":\"\",\"status\":\"0\",\"updateBy\":\"admin\",\"visible\":\"0\"}','{\"msg\":\"操作成功\",\"code\":200}',0,NULL,'2024-10-09 11:27:15',18),(254,'菜单管理',2,'com.ruoyi.web.controller.system.SysMenuController.edit()','PUT',1,'admin','开发人员','/system/menu','127.0.0.1','内网IP','{\"children\":[],\"component\":\"poor/student/index\",\"createTime\":\"2024-10-06 11:53:41\",\"icon\":\"form\",\"isCache\":\"0\",\"isFrame\":\"1\",\"menuId\":1170,\"menuName\":\"学生信息\",\"menuType\":\"C\",\"orderNum\":1,\"params\":{},\"parentId\":0,\"path\":\"student\",\"perms\":\"poor:student:list\",\"routeName\":\"\",\"status\":\"0\",\"updateBy\":\"admin\",\"visible\":\"0\"}','{\"msg\":\"操作成功\",\"code\":200}',0,NULL,'2024-10-09 11:27:25',14),(255,'菜单管理',2,'com.ruoyi.web.controller.system.SysMenuController.edit()','PUT',1,'admin','开发人员','/system/menu','127.0.0.1','内网IP','{\"children\":[],\"component\":\"poor/teacher/index\",\"createTime\":\"2024-10-06 11:53:41\",\"icon\":\"form\",\"isCache\":\"0\",\"isFrame\":\"1\",\"menuId\":1176,\"menuName\":\"教师信息\",\"menuType\":\"C\",\"orderNum\":1,\"params\":{},\"parentId\":0,\"path\":\"teacher\",\"perms\":\"poor:teacher:list\",\"routeName\":\"\",\"status\":\"0\",\"updateBy\":\"admin\",\"visible\":\"0\"}','{\"msg\":\"操作成功\",\"code\":200}',0,NULL,'2024-10-09 11:27:39',16),(256,'角色管理',2,'com.ruoyi.web.controller.system.SysRoleController.edit()','PUT',1,'admin','开发人员','/system/role','127.0.0.1','内网IP','{\"admin\":false,\"createTime\":\"2024-09-29 01:12:54\",\"dataScope\":\"3\",\"delFlag\":\"0\",\"deptCheckStrictly\":true,\"flag\":false,\"menuCheckStrictly\":true,\"menuIds\":[1158,1159,1160,1161,1162,1163,1164,1165,1166,1167,1168,1169,1170,1171,1172,1173,1174,1175,1176,1177,1178,1179,1180,1181],\"params\":{},\"roleId\":4,\"roleKey\":\"teacher\",\"roleName\":\"老师角色\",\"roleSort\":4,\"status\":\"0\",\"updateBy\":\"admin\"}','{\"msg\":\"操作成功\",\"code\":200}',0,NULL,'2024-10-09 11:30:49',44),(257,'角色管理',2,'com.ruoyi.web.controller.system.SysRoleController.edit()','PUT',1,'admin','开发人员','/system/role','127.0.0.1','内网IP','{\"admin\":false,\"createTime\":\"2024-09-29 01:12:40\",\"dataScope\":\"5\",\"delFlag\":\"0\",\"deptCheckStrictly\":true,\"flag\":false,\"menuCheckStrictly\":true,\"menuIds\":[1158,1159,1160,1161,1162,1163,1164,1165,1166,1167,1168,1169,1170,1171,1172,1173,1174,1175,1176,1177,1178,1179,1180,1181],\"params\":{},\"roleId\":3,\"roleKey\":\"student\",\"roleName\":\"学生角色\",\"roleSort\":3,\"status\":\"0\",\"updateBy\":\"admin\"}','{\"msg\":\"操作成功\",\"code\":200}',0,NULL,'2024-10-09 11:31:02',30),(258,'教师信息',2,'com.ruoyi.web.controller.poor.PoorTeacherController.edit()','PUT',1,'teacher','贵州师范大学','/poor/teacher','127.0.0.1','内网IP','{\"createTime\":\"2024-10-09 18:43:24\",\"hireDate\":\"2024-10-28\",\"isActivated\":1,\"level\":\"1244\",\"number\":\"1234\",\"params\":{},\"position\":\"1234\",\"updateTime\":\"2024-10-09 19:31:47\",\"userId\":11}','{\"msg\":\"操作成功\",\"code\":200}',0,NULL,'2024-10-09 11:31:47',8),(259,'用户管理',2,'com.ruoyi.web.controller.system.SysUserController.edit()','PUT',1,'admin','开发人员','/system/user','127.0.0.1','内网IP','{\"admin\":false,\"avatar\":\"\",\"createBy\":\"admin\",\"createTime\":\"2024-10-09 10:12:33\",\"delFlag\":\"0\",\"dept\":{\"ancestors\":\"0\",\"children\":[],\"deptId\":100,\"deptName\":\"贵州师范大学\",\"leader\":\"若依\",\"orderNum\":0,\"params\":{},\"parentId\":0,\"status\":\"0\"},\"deptId\":100,\"email\":\"\",\"loginDate\":\"2024-10-09 19:32:11\",\"loginIp\":\"127.0.0.1\",\"nickName\":\"teacher\",\"params\":{},\"phonenumber\":\"\",\"postIds\":[],\"roleIds\":[3],\"roles\":[{\"admin\":false,\"dataScope\":\"3\",\"deptCheckStrictly\":false,\"flag\":false,\"menuCheckStrictly\":false,\"params\":{},\"roleId\":4,\"roleKey\":\"teacher\",\"roleName\":\"老师角色\",\"roleSort\":4,\"status\":\"0\"}],\"sex\":\"0\",\"status\":\"0\",\"updateBy\":\"admin\",\"userId\":11,\"userName\":\"teacher\"}','{\"msg\":\"操作成功\",\"code\":200}',0,NULL,'2024-10-09 11:33:34',66),(260,'用户管理',2,'com.ruoyi.web.controller.system.SysUserController.edit()','PUT',1,'admin','开发人员','/system/user','127.0.0.1','内网IP','{\"admin\":false,\"avatar\":\"\",\"createBy\":\"admin\",\"createTime\":\"2024-10-09 10:12:33\",\"delFlag\":\"0\",\"dept\":{\"ancestors\":\"0\",\"children\":[],\"deptId\":100,\"deptName\":\"贵州师范大学\",\"leader\":\"若依\",\"orderNum\":0,\"params\":{},\"parentId\":0,\"status\":\"0\"},\"deptId\":100,\"email\":\"\",\"loginDate\":\"2024-10-09 19:33:49\",\"loginIp\":\"127.0.0.1\",\"nickName\":\"teacher\",\"params\":{},\"phonenumber\":\"\",\"postIds\":[],\"roleIds\":[4],\"roles\":[{\"admin\":false,\"dataScope\":\"5\",\"deptCheckStrictly\":false,\"flag\":false,\"menuCheckStrictly\":false,\"params\":{},\"roleId\":3,\"roleKey\":\"student\",\"roleName\":\"学生角色\",\"roleSort\":3,\"status\":\"0\"}],\"sex\":\"0\",\"status\":\"0\",\"updateBy\":\"admin\",\"userId\":11,\"userName\":\"teacher\"}','{\"msg\":\"操作成功\",\"code\":200}',0,NULL,'2024-10-09 11:34:04',55),(261,'贫困申请',5,'com.ruoyi.web.controller.poor.PoorApplicationController.export()','POST',1,'admin','开发人员','/poor/application/export','127.0.0.1','内网IP','{\"pageSize\":\"10\",\"pageNum\":\"1\"}',NULL,0,NULL,'2024-10-10 00:47:57',207);
/*!40000 ALTER TABLE `sys_oper_log` ENABLE KEYS */;
UNLOCK TABLES;

--
-- Table structure for table `sys_post`
--

DROP TABLE IF EXISTS `sys_post`;
/*!40101 SET @saved_cs_client     = @@character_set_client */;
/*!40101 SET character_set_client = utf8 */;
CREATE TABLE `sys_post` (
  `post_id` bigint(20) NOT NULL AUTO_INCREMENT COMMENT '岗位ID',
  `post_code` varchar(64) COLLATE utf8mb4_unicode_ci NOT NULL COMMENT '岗位编码',
  `post_name` varchar(50) COLLATE utf8mb4_unicode_ci NOT NULL COMMENT '岗位名称',
  `post_sort` int(4) NOT NULL COMMENT '显示顺序',
  `status` char(1) COLLATE utf8mb4_unicode_ci NOT NULL COMMENT '状态（0正常 1停用）',
  `create_by` varchar(64) COLLATE utf8mb4_unicode_ci DEFAULT '' COMMENT '创建者',
  `create_time` datetime DEFAULT NULL COMMENT '创建时间',
  `update_by` varchar(64) COLLATE utf8mb4_unicode_ci DEFAULT '' COMMENT '更新者',
  `update_time` datetime DEFAULT NULL COMMENT '更新时间',
  `remark` varchar(500) COLLATE utf8mb4_unicode_ci DEFAULT NULL COMMENT '备注',
  PRIMARY KEY (`post_id`)
) ENGINE=InnoDB AUTO_INCREMENT=5 DEFAULT CHARSET=utf8mb4 COLLATE=utf8mb4_unicode_ci COMMENT='岗位信息表';
/*!40101 SET character_set_client = @saved_cs_client */;

--
-- Dumping data for table `sys_post`
--

LOCK TABLES `sys_post` WRITE;
/*!40000 ALTER TABLE `sys_post` DISABLE KEYS */;
INSERT INTO `sys_post` VALUES (1,'ceo','董事长',1,'0','admin','2024-09-28 12:28:59','',NULL,''),(2,'se','项目经理',2,'0','admin','2024-09-28 12:28:59','',NULL,''),(3,'hr','人力资源',3,'0','admin','2024-09-28 12:28:59','',NULL,''),(4,'user','普通员工',4,'0','admin','2024-09-28 12:28:59','',NULL,'');
/*!40000 ALTER TABLE `sys_post` ENABLE KEYS */;
UNLOCK TABLES;

--
-- Table structure for table `sys_role`
--

DROP TABLE IF EXISTS `sys_role`;
/*!40101 SET @saved_cs_client     = @@character_set_client */;
/*!40101 SET character_set_client = utf8 */;
CREATE TABLE `sys_role` (
  `role_id` bigint(20) NOT NULL AUTO_INCREMENT COMMENT '角色ID',
  `role_name` varchar(30) COLLATE utf8mb4_unicode_ci NOT NULL COMMENT '角色名称',
  `role_key` varchar(100) COLLATE utf8mb4_unicode_ci NOT NULL COMMENT '角色权限字符串',
  `role_sort` int(4) NOT NULL COMMENT '显示顺序',
  `data_scope` char(1) COLLATE utf8mb4_unicode_ci DEFAULT '1' COMMENT '数据范围（1：全部数据权限 2：自定数据权限 3：本部门数据权限 4：本部门及以下数据权限）',
  `menu_check_strictly` tinyint(1) DEFAULT '1' COMMENT '菜单树选择项是否关联显示',
  `dept_check_strictly` tinyint(1) DEFAULT '1' COMMENT '部门树选择项是否关联显示',
  `status` char(1) COLLATE utf8mb4_unicode_ci NOT NULL COMMENT '角色状态（0正常 1停用）',
  `del_flag` char(1) COLLATE utf8mb4_unicode_ci DEFAULT '0' COMMENT '删除标志（0代表存在 2代表删除）',
  `create_by` varchar(64) COLLATE utf8mb4_unicode_ci DEFAULT '' COMMENT '创建者',
  `create_time` datetime DEFAULT NULL COMMENT '创建时间',
  `update_by` varchar(64) COLLATE utf8mb4_unicode_ci DEFAULT '' COMMENT '更新者',
  `update_time` datetime DEFAULT NULL COMMENT '更新时间',
  `remark` varchar(500) COLLATE utf8mb4_unicode_ci DEFAULT NULL COMMENT '备注',
  PRIMARY KEY (`role_id`)
) ENGINE=InnoDB AUTO_INCREMENT=6 DEFAULT CHARSET=utf8mb4 COLLATE=utf8mb4_unicode_ci COMMENT='角色信息表';
/*!40101 SET character_set_client = @saved_cs_client */;

--
-- Dumping data for table `sys_role`
--

LOCK TABLES `sys_role` WRITE;
/*!40000 ALTER TABLE `sys_role` DISABLE KEYS */;
INSERT INTO `sys_role` VALUES (1,'超级管理员','admin',1,'1',1,1,'0','0','admin','2024-09-28 12:28:59','',NULL,'超级管理员'),(2,'普通角色','common',2,'2',1,1,'0','0','admin','2024-09-28 12:28:59','admin','2024-09-29 01:12:15','普通角色'),(3,'学生角色','student',3,'5',1,1,'0','0','admin','2024-09-29 01:12:40','admin','2024-10-09 11:31:02',NULL),(4,'老师角色','teacher',4,'3',1,1,'0','0','admin','2024-09-29 01:12:54','admin','2024-10-09 11:30:49',NULL),(5,'管理员','admin_',5,'1',1,1,'0','0','admin','2024-09-29 05:59:36','admin','2024-10-08 11:43:49',NULL);
/*!40000 ALTER TABLE `sys_role` ENABLE KEYS */;
UNLOCK TABLES;

--
-- Table structure for table `sys_role_dept`
--

DROP TABLE IF EXISTS `sys_role_dept`;
/*!40101 SET @saved_cs_client     = @@character_set_client */;
/*!40101 SET character_set_client = utf8 */;
CREATE TABLE `sys_role_dept` (
  `role_id` bigint(20) NOT NULL COMMENT '角色ID',
  `dept_id` bigint(20) NOT NULL COMMENT '部门ID',
  PRIMARY KEY (`role_id`,`dept_id`)
) ENGINE=InnoDB DEFAULT CHARSET=utf8mb4 COLLATE=utf8mb4_unicode_ci COMMENT='角色和部门关联表';
/*!40101 SET character_set_client = @saved_cs_client */;

--
-- Dumping data for table `sys_role_dept`
--

LOCK TABLES `sys_role_dept` WRITE;
/*!40000 ALTER TABLE `sys_role_dept` DISABLE KEYS */;
INSERT INTO `sys_role_dept` VALUES (2,100),(2,101),(2,105);
/*!40000 ALTER TABLE `sys_role_dept` ENABLE KEYS */;
UNLOCK TABLES;

--
-- Table structure for table `sys_role_menu`
--

DROP TABLE IF EXISTS `sys_role_menu`;
/*!40101 SET @saved_cs_client     = @@character_set_client */;
/*!40101 SET character_set_client = utf8 */;
CREATE TABLE `sys_role_menu` (
  `role_id` bigint(20) NOT NULL COMMENT '角色ID',
  `menu_id` bigint(20) NOT NULL COMMENT '菜单ID',
  PRIMARY KEY (`role_id`,`menu_id`)
) ENGINE=InnoDB DEFAULT CHARSET=utf8mb4 COLLATE=utf8mb4_unicode_ci COMMENT='角色和菜单关联表';
/*!40101 SET character_set_client = @saved_cs_client */;

--
-- Dumping data for table `sys_role_menu`
--

LOCK TABLES `sys_role_menu` WRITE;
/*!40000 ALTER TABLE `sys_role_menu` DISABLE KEYS */;
INSERT INTO `sys_role_menu` VALUES (2,1),(2,2),(2,3),(2,4),(2,100),(2,101),(2,102),(2,103),(2,104),(2,105),(2,106),(2,107),(2,108),(2,109),(2,110),(2,111),(2,112),(2,113),(2,114),(2,115),(2,116),(2,117),(2,500),(2,501),(2,1000),(2,1001),(2,1002),(2,1003),(2,1004),(2,1005),(2,1006),(2,1007),(2,1008),(2,1009),(2,1010),(2,1011),(2,1012),(2,1013),(2,1014),(2,1015),(2,1016),(2,1017),(2,1018),(2,1019),(2,1020),(2,1021),(2,1022),(2,1023),(2,1024),(2,1025),(2,1026),(2,1027),(2,1028),(2,1029),(2,1030),(2,1031),(2,1032),(2,1033),(2,1034),(2,1035),(2,1036),(2,1037),(2,1038),(2,1039),(2,1040),(2,1041),(2,1042),(2,1043),(2,1044),(2,1045),(2,1046),(2,1047),(2,1048),(2,1049),(2,1050),(2,1051),(2,1052),(2,1053),(2,1054),(2,1055),(2,1056),(2,1057),(2,1058),(2,1059),(2,1060),(3,1158),(3,1159),(3,1160),(3,1161),(3,1162),(3,1163),(3,1164),(3,1165),(3,1166),(3,1167),(3,1168),(3,1169),(3,1170),(3,1171),(3,1172),(3,1173),(3,1174),(3,1175),(3,1176),(3,1177),(3,1178),(3,1179),(3,1180),(3,1181),(4,1158),(4,1159),(4,1160),(4,1161),(4,1162),(4,1163),(4,1164),(4,1165),(4,1166),(4,1167),(4,1168),(4,1169),(4,1170),(4,1171),(4,1172),(4,1173),(4,1174),(4,1175),(4,1176),(4,1177),(4,1178),(4,1179),(4,1180),(4,1181),(5,1),(5,2),(5,3),(5,4),(5,100),(5,101),(5,102),(5,103),(5,104),(5,105),(5,106),(5,107),(5,108),(5,109),(5,110),(5,111),(5,112),(5,113),(5,114),(5,115),(5,116),(5,117),(5,500),(5,501),(5,1000),(5,1001),(5,1002),(5,1003),(5,1004),(5,1005),(5,1006),(5,1007),(5,1008),(5,1009),(5,1010),(5,1011),(5,1012),(5,1013),(5,1014),(5,1015),(5,1016),(5,1017),(5,1018),(5,1019),(5,1020),(5,1021),(5,1022),(5,1023),(5,1024),(5,1025),(5,1026),(5,1027),(5,1028),(5,1029),(5,1030),(5,1031),(5,1032),(5,1033),(5,1034),(5,1035),(5,1036),(5,1037),(5,1038),(5,1039),(5,1040),(5,1041),(5,1042),(5,1043),(5,1044),(5,1045),(5,1046),(5,1047),(5,1048),(5,1049),(5,1050),(5,1051),(5,1052),(5,1053),(5,1054),(5,1055),(5,1056),(5,1057),(5,1058),(5,1059),(5,1060),(5,1158),(5,1159),(5,1160),(5,1161),(5,1162),(5,1163),(5,1164),(5,1165),(5,1166),(5,1167),(5,1168),(5,1169),(5,1170),(5,1171),(5,1172),(5,1173),(5,1174),(5,1175),(5,1176),(5,1177),(5,1178),(5,1179),(5,1180),(5,1181);
/*!40000 ALTER TABLE `sys_role_menu` ENABLE KEYS */;
UNLOCK TABLES;

--
-- Table structure for table `sys_student`
--

DROP TABLE IF EXISTS `sys_student`;
/*!40101 SET @saved_cs_client     = @@character_set_client */;
/*!40101 SET character_set_client = utf8 */;
CREATE TABLE `sys_student` (
  `student_id` int(11) NOT NULL AUTO_INCREMENT COMMENT '编号',
  `student_name` varchar(30) COLLATE utf8mb4_unicode_ci DEFAULT '' COMMENT '学生名称',
  `student_age` int(3) DEFAULT NULL COMMENT '年龄',
  `student_hobby` varchar(30) COLLATE utf8mb4_unicode_ci DEFAULT '' COMMENT '爱好（0代码 1音乐 2电影）',
  `student_sex` char(1) COLLATE utf8mb4_unicode_ci DEFAULT '0' COMMENT '性别（0男 1女 2未知）',
  `student_status` char(1) COLLATE utf8mb4_unicode_ci DEFAULT '0' COMMENT '状态（0正常 1停用）',
  `student_birthday` datetime DEFAULT NULL COMMENT '生日',
  PRIMARY KEY (`student_id`)
) ENGINE=InnoDB DEFAULT CHARSET=utf8mb4 COLLATE=utf8mb4_unicode_ci COMMENT='学生信息表';
/*!40101 SET character_set_client = @saved_cs_client */;

--
-- Dumping data for table `sys_student`
--

LOCK TABLES `sys_student` WRITE;
/*!40000 ALTER TABLE `sys_student` DISABLE KEYS */;
/*!40000 ALTER TABLE `sys_student` ENABLE KEYS */;
UNLOCK TABLES;

--
-- Table structure for table `sys_user`
--

DROP TABLE IF EXISTS `sys_user`;
/*!40101 SET @saved_cs_client     = @@character_set_client */;
/*!40101 SET character_set_client = utf8 */;
CREATE TABLE `sys_user` (
  `user_id` bigint(20) NOT NULL AUTO_INCREMENT COMMENT '用户ID',
  `dept_id` bigint(20) DEFAULT NULL COMMENT '部门ID',
  `user_name` varchar(30) COLLATE utf8mb4_unicode_ci NOT NULL COMMENT '用户账号',
  `nick_name` varchar(30) COLLATE utf8mb4_unicode_ci NOT NULL COMMENT '用户昵称',
  `user_type` varchar(2) COLLATE utf8mb4_unicode_ci DEFAULT '00' COMMENT '用户类型（00系统用户）',
  `email` varchar(50) COLLATE utf8mb4_unicode_ci DEFAULT '' COMMENT '用户邮箱',
  `phonenumber` varchar(11) COLLATE utf8mb4_unicode_ci DEFAULT '' COMMENT '手机号码',
  `sex` char(1) COLLATE utf8mb4_unicode_ci DEFAULT '0' COMMENT '用户性别（0男 1女 2未知）',
  `avatar` varchar(100) COLLATE utf8mb4_unicode_ci DEFAULT '' COMMENT '头像地址',
  `password` varchar(100) COLLATE utf8mb4_unicode_ci DEFAULT '' COMMENT '密码',
  `status` char(1) COLLATE utf8mb4_unicode_ci DEFAULT '0' COMMENT '帐号状态（0正常 1停用）',
  `del_flag` char(1) COLLATE utf8mb4_unicode_ci DEFAULT '0' COMMENT '删除标志（0代表存在 2代表删除）',
  `login_ip` varchar(128) COLLATE utf8mb4_unicode_ci DEFAULT '' COMMENT '最后登录IP',
  `login_date` datetime DEFAULT NULL COMMENT '最后登录时间',
  `create_by` varchar(64) COLLATE utf8mb4_unicode_ci DEFAULT '' COMMENT '创建者',
  `create_time` datetime DEFAULT NULL COMMENT '创建时间',
  `update_by` varchar(64) COLLATE utf8mb4_unicode_ci DEFAULT '' COMMENT '更新者',
  `update_time` datetime DEFAULT NULL COMMENT '更新时间',
  `remark` varchar(500) COLLATE utf8mb4_unicode_ci DEFAULT NULL COMMENT '备注',
  PRIMARY KEY (`user_id`)
) ENGINE=InnoDB AUTO_INCREMENT=12 DEFAULT CHARSET=utf8mb4 COLLATE=utf8mb4_unicode_ci COMMENT='用户信息表';
/*!40101 SET character_set_client = @saved_cs_client */;

--
-- Dumping data for table `sys_user`
--

LOCK TABLES `sys_user` WRITE;
/*!40000 ALTER TABLE `sys_user` DISABLE KEYS */;
INSERT INTO `sys_user` VALUES (1,103,'admin','若依','00','ry@163.com','15888888888','1','','$2a$10$7JB720yubVSZvUI0rEqK/.VqGOZTH.ulu33dHOiBE8ByOhJIrdAu2','0','0','127.0.0.1','2024-10-10 08:45:44','admin','2024-09-28 12:28:59','','2024-10-10 00:45:43','管理员'),(2,105,'ry','若依','00','ry@qq.com','15666666666','1','','$2a$10$7JB720yubVSZvUI0rEqK/.VqGOZTH.ulu33dHOiBE8ByOhJIrdAu2','0','2','127.0.0.1','2024-09-28 12:28:59','admin','2024-09-28 12:28:59','',NULL,'测试员'),(3,110,'test','test','00','','18085515238','0','','$2a$10$lhTZZ0FZWaTW/dNom7c2xOE1HwXPCLgjv5VGuWt/B1bLEPg5MsQG6','0','0','',NULL,'admin','2024-09-29 02:37:18','admin','2024-10-06 12:06:29',NULL),(4,100,'张三','张三','00','','18085515237','0','','$2a$10$FDoBTMpm8FPZ7YwxIU5x5.Be1pRYnsv7s1Xx0aPX2e/i9DQ2Olr3K','0','0','127.0.0.1','2024-10-09 17:34:05','admin','2024-09-29 09:44:53','admin','2024-10-09 09:34:05',NULL),(5,100,'test1','Test1','00','','18085515234','0','','$2a$10$aBSfYiYT1iiMEXNlbP7RI.Chr.42GDdU62EmoASbjafCutCgz2FOy','0','2','',NULL,'admin','2024-10-06 13:05:04','admin','2024-10-06 13:43:54',NULL),(6,NULL,'test22','test2','00','','','0','','$2a$10$jpHnWqcpsfE/e0w5uXjud.5wdUR3maUAM6x/QS2HQbS7dgMTBqeSe','0','2','',NULL,'admin','2024-10-06 13:40:06','',NULL,NULL),(7,NULL,'test3','test3','00','','','0','','$2a$10$WGJ4kTLPurjWRjpwqUuuFuEJo4L3piMwANYKSvT5mzea3JUBh.7Aq','0','2','',NULL,'admin','2024-10-06 13:44:22','',NULL,NULL),(11,100,'teacher','teacher','00','','','0','','$2a$10$6yFXN8zUL1XFjdNOY7tqNOIKEhlAlhwlcS56mayLyRuHl4W/Jaz9K','0','0','127.0.0.1','2024-10-09 19:33:49','admin','2024-10-09 10:12:33','admin','2024-10-09 11:34:04',NULL);
/*!40000 ALTER TABLE `sys_user` ENABLE KEYS */;
UNLOCK TABLES;

--
-- Table structure for table `sys_user_post`
--

DROP TABLE IF EXISTS `sys_user_post`;
/*!40101 SET @saved_cs_client     = @@character_set_client */;
/*!40101 SET character_set_client = utf8 */;
CREATE TABLE `sys_user_post` (
  `user_id` bigint(20) NOT NULL COMMENT '用户ID',
  `post_id` bigint(20) NOT NULL COMMENT '岗位ID',
  PRIMARY KEY (`user_id`,`post_id`)
) ENGINE=InnoDB DEFAULT CHARSET=utf8mb4 COLLATE=utf8mb4_unicode_ci COMMENT='用户与岗位关联表';
/*!40101 SET character_set_client = @saved_cs_client */;

--
-- Dumping data for table `sys_user_post`
--

LOCK TABLES `sys_user_post` WRITE;
/*!40000 ALTER TABLE `sys_user_post` DISABLE KEYS */;
INSERT INTO `sys_user_post` VALUES (1,1);
/*!40000 ALTER TABLE `sys_user_post` ENABLE KEYS */;
UNLOCK TABLES;

--
-- Table structure for table `sys_user_role`
--

DROP TABLE IF EXISTS `sys_user_role`;
/*!40101 SET @saved_cs_client     = @@character_set_client */;
/*!40101 SET character_set_client = utf8 */;
CREATE TABLE `sys_user_role` (
  `user_id` bigint(20) NOT NULL COMMENT '用户ID',
  `role_id` bigint(20) NOT NULL COMMENT '角色ID',
  PRIMARY KEY (`user_id`,`role_id`)
) ENGINE=InnoDB DEFAULT CHARSET=utf8mb4 COLLATE=utf8mb4_unicode_ci COMMENT='用户和角色关联表';
/*!40101 SET character_set_client = @saved_cs_client */;

--
-- Dumping data for table `sys_user_role`
--

LOCK TABLES `sys_user_role` WRITE;
/*!40000 ALTER TABLE `sys_user_role` DISABLE KEYS */;
INSERT INTO `sys_user_role` VALUES (1,1),(3,2),(4,3),(8,4),(9,4),(10,4),(11,4);
/*!40000 ALTER TABLE `sys_user_role` ENABLE KEYS */;
UNLOCK TABLES;
/*!40103 SET TIME_ZONE=@OLD_TIME_ZONE */;

/*!40101 SET SQL_MODE=@OLD_SQL_MODE */;
/*!40014 SET FOREIGN_KEY_CHECKS=@OLD_FOREIGN_KEY_CHECKS */;
/*!40014 SET UNIQUE_CHECKS=@OLD_UNIQUE_CHECKS */;
/*!40101 SET CHARACTER_SET_CLIENT=@OLD_CHARACTER_SET_CLIENT */;
/*!40101 SET CHARACTER_SET_RESULTS=@OLD_CHARACTER_SET_RESULTS */;
/*!40101 SET COLLATION_CONNECTION=@OLD_COLLATION_CONNECTION */;
/*!40111 SET SQL_NOTES=@OLD_SQL_NOTES */;

-- Dump completed on 2024-12-15  5:19:54
